[
  {
    "model": "admin.logentry",
    "pk": 1,
    "fields": {
      "action_time": "2022-10-20T20:31:30.224Z",
      "user": 1,
      "content_type": 4,
      "object_id": "1",
      "object_repr": "GMaduro",
      "action_flag": 2,
      "change_message": "[{\"changed\": {\"fields\": [\"First name\", \"Last name\"]}}]"
    }
  },
  {
    "model": "admin.logentry",
    "pk": 2,
    "fields": {
      "action_time": "2022-10-20T20:31:40.053Z",
      "user": 1,
      "content_type": 15,
      "object_id": "1",
      "object_repr": "Gustavo Maduro, €0.0",
      "action_flag": 1,
      "change_message": "[{\"added\": {}}]"
    }
  },
  {
    "model": "admin.logentry",
    "pk": 3,
    "fields": {
      "action_time": "2022-10-20T20:31:49.080Z",
      "user": 1,
      "content_type": 16,
      "object_id": "1",
      "object_repr": "Gustavo Maduro (Personel)",
      "action_flag": 1,
      "change_message": "[{\"added\": {}}]"
    }
  },
  {
    "model": "admin.logentry",
    "pk": 4,
    "fields": {
      "action_time": "2022-10-20T20:37:31.277Z",
      "user": 1,
      "content_type": 15,
      "object_id": "46",
      "object_repr": "Adam Ray, €0.6090590571086764",
      "action_flag": 2,
      "change_message": "[{\"changed\": {\"fields\": [\"User\"]}}]"
    }
  },
  {
    "model": "admin.logentry",
    "pk": 5,
    "fields": {
      "action_time": "2022-10-20T20:37:35.936Z",
      "user": 1,
      "content_type": 15,
      "object_id": "45",
      "object_repr": "Larry Shepherd, €0.3059156524402482",
      "action_flag": 2,
      "change_message": "[{\"changed\": {\"fields\": [\"User\"]}}]"
    }
  },
  {
    "model": "admin.logentry",
    "pk": 6,
    "fields": {
      "action_time": "2022-10-20T20:37:40.718Z",
      "user": 1,
      "content_type": 15,
      "object_id": "44",
      "object_repr": "Patrick Wheeler, €0.818254092044003",
      "action_flag": 2,
      "change_message": "[{\"changed\": {\"fields\": [\"User\"]}}]"
    }
  },
  {
    "model": "admin.logentry",
    "pk": 7,
    "fields": {
      "action_time": "2022-10-20T20:37:45.763Z",
      "user": 1,
      "content_type": 15,
      "object_id": "43",
      "object_repr": "Patrick Lopez, €0.1682546338265165",
      "action_flag": 2,
      "change_message": "[{\"changed\": {\"fields\": [\"User\"]}}]"
    }
  },
  {
    "model": "admin.logentry",
    "pk": 8,
    "fields": {
      "action_time": "2022-10-20T20:37:49.900Z",
      "user": 1,
      "content_type": 15,
      "object_id": "42",
      "object_repr": "Michele Monroe, €0.9844883098559183",
      "action_flag": 2,
      "change_message": "[{\"changed\": {\"fields\": [\"User\"]}}]"
    }
  },
  {
    "model": "admin.logentry",
    "pk": 9,
    "fields": {
      "action_time": "2022-10-20T20:37:55.147Z",
      "user": 1,
      "content_type": 15,
      "object_id": "41",
      "object_repr": "Cynthia Rodriguez, €0.21838662392768482",
      "action_flag": 2,
      "change_message": "[{\"changed\": {\"fields\": [\"User\"]}}]"
    }
  },
  {
    "model": "admin.logentry",
    "pk": 10,
    "fields": {
      "action_time": "2022-10-20T20:38:00.521Z",
      "user": 1,
      "content_type": 15,
      "object_id": "40",
      "object_repr": "Donald Johnson, €0.6275864034009051",
      "action_flag": 2,
      "change_message": "[{\"changed\": {\"fields\": [\"User\"]}}]"
    }
  },
  {
    "model": "admin.logentry",
    "pk": 11,
    "fields": {
      "action_time": "2022-10-20T20:38:05.362Z",
      "user": 1,
      "content_type": 15,
      "object_id": "39",
      "object_repr": "Kevin Luna, €0.4276649495724766",
      "action_flag": 2,
      "change_message": "[{\"changed\": {\"fields\": [\"User\"]}}]"
    }
  },
  {
    "model": "admin.logentry",
    "pk": 12,
    "fields": {
      "action_time": "2022-10-20T20:38:11.020Z",
      "user": 1,
      "content_type": 15,
      "object_id": "38",
      "object_repr": "Seth Martin, €0.6353852164162523",
      "action_flag": 2,
      "change_message": "[{\"changed\": {\"fields\": [\"User\"]}}]"
    }
  },
  {
    "model": "admin.logentry",
    "pk": 13,
    "fields": {
      "action_time": "2022-10-20T20:38:16.641Z",
      "user": 1,
      "content_type": 15,
      "object_id": "37",
      "object_repr": "James Scott, €0.5442594233183791",
      "action_flag": 2,
      "change_message": "[{\"changed\": {\"fields\": [\"User\"]}}]"
    }
  },
  {
    "model": "admin.logentry",
    "pk": 14,
    "fields": {
      "action_time": "2022-10-20T20:38:23.020Z",
      "user": 1,
      "content_type": 15,
      "object_id": "36",
      "object_repr": "Patrick Miller, €0.11056485602839183",
      "action_flag": 2,
      "change_message": "[{\"changed\": {\"fields\": [\"User\"]}}]"
    }
  },
  {
    "model": "admin.logentry",
    "pk": 15,
    "fields": {
      "action_time": "2022-10-20T20:38:34.008Z",
      "user": 1,
      "content_type": 15,
      "object_id": "35",
      "object_repr": "Mary Carter, €3.69077169335488",
      "action_flag": 2,
      "change_message": "[{\"changed\": {\"fields\": [\"User\", \"Stand\"]}}]"
    }
  },
  {
    "model": "admin.logentry",
    "pk": 16,
    "fields": {
      "action_time": "2022-10-20T20:38:42.876Z",
      "user": 1,
      "content_type": 15,
      "object_id": "34",
      "object_repr": "Anthony Whitaker, €0.04137844965721227",
      "action_flag": 2,
      "change_message": "[{\"changed\": {\"fields\": [\"User\"]}}]"
    }
  },
  {
    "model": "admin.logentry",
    "pk": 17,
    "fields": {
      "action_time": "2022-10-20T20:38:50.848Z",
      "user": 1,
      "content_type": 15,
      "object_id": "33",
      "object_repr": "Jonathan Williams, €0.7392441503911884",
      "action_flag": 2,
      "change_message": "[{\"changed\": {\"fields\": [\"User\"]}}]"
    }
  },
  {
    "model": "admin.logentry",
    "pk": 18,
    "fields": {
      "action_time": "2022-10-20T20:38:56.783Z",
      "user": 1,
      "content_type": 15,
      "object_id": "32",
      "object_repr": "Tanya Brown, €0.11944938475497457",
      "action_flag": 2,
      "change_message": "[{\"changed\": {\"fields\": [\"User\"]}}]"
    }
  },
  {
    "model": "admin.logentry",
    "pk": 19,
    "fields": {
      "action_time": "2022-10-20T20:39:21.337Z",
      "user": 1,
      "content_type": 16,
      "object_id": "47",
      "object_repr": "Gustavo Maduro (Personel)",
      "action_flag": 1,
      "change_message": "[{\"added\": {}}]"
    }
  },
  {
    "model": "admin.logentry",
    "pk": 20,
    "fields": {
      "action_time": "2022-10-20T21:04:47.582Z",
      "user": 1,
      "content_type": 13,
      "object_id": "1",
      "object_repr": "Gustavo Maduro, 2022-10-20 Open",
      "action_flag": 1,
      "change_message": "[{\"added\": {}}]"
    }
  },
  {
    "model": "admin.logentry",
    "pk": 21,
    "fields": {
      "action_time": "2022-10-20T21:23:21.965Z",
      "user": 1,
      "content_type": 12,
      "object_id": "1",
      "object_repr": "7 Black against no., €0.7736975536827537",
      "action_flag": 1,
      "change_message": "[{\"added\": {}}]"
    }
  },
  {
    "model": "admin.logentry",
    "pk": 22,
    "fields": {
      "action_time": "2022-10-20T21:23:30.190Z",
      "user": 1,
      "content_type": 12,
      "object_id": "2",
      "object_repr": "432 Order game care., €0.9258462429969352",
      "action_flag": 1,
      "change_message": "[{\"added\": {}}]"
    }
  },
  {
    "model": "admin.logentry",
    "pk": 23,
    "fields": {
      "action_time": "2022-10-21T02:14:20.451Z",
      "user": 1,
      "content_type": 9,
      "object_id": "15",
      "object_repr": "Maintain study huge., €0.5146114982141602",
      "action_flag": 2,
      "change_message": "[{\"changed\": {\"fields\": [\"Color\"]}}]"
    }
  },
  {
    "model": "admin.logentry",
    "pk": 24,
    "fields": {
      "action_time": "2022-10-21T02:14:24.886Z",
      "user": 1,
      "content_type": 9,
      "object_id": "14",
      "object_repr": "Suddenly middle all., €0.9319470635710658",
      "action_flag": 2,
      "change_message": "[{\"changed\": {\"fields\": [\"Color\"]}}]"
    }
  },
  {
    "model": "admin.logentry",
    "pk": 25,
    "fields": {
      "action_time": "2022-10-21T07:25:11.258Z",
      "user": 1,
      "content_type": 10,
      "object_id": "15",
      "object_repr": "Reduce instead team.",
      "action_flag": 2,
      "change_message": "[{\"changed\": {\"fields\": [\"Description\", \"Products\"]}}]"
    }
  },
  {
    "model": "admin.logentry",
    "pk": 26,
    "fields": {
      "action_time": "2022-10-21T07:28:13.056Z",
      "user": 1,
      "content_type": 13,
      "object_id": "40",
      "object_repr": "Mark Yang, 1993-04-09 Open",
      "action_flag": 2,
      "change_message": "[{\"changed\": {\"fields\": [\"Action\", \"Flow meter 1\", \"Comment\"]}}]"
    }
  },
  {
    "model": "admin.logentry",
    "pk": 27,
    "fields": {
      "action_time": "2022-10-21T07:56:48.918Z",
      "user": 1,
      "content_type": 4,
      "object_id": "1",
      "object_repr": "GMaduro",
      "action_flag": 2,
      "change_message": "[{\"changed\": {\"fields\": [\"User permissions\"]}}]"
    }
  },
  {
    "model": "admin.logentry",
    "pk": 28,
    "fields": {
      "action_time": "2022-10-21T09:08:11.145Z",
      "user": 1,
      "content_type": 14,
      "object_id": "4",
      "object_repr": "Open Tue 03 May 2022, 00:00:00 ",
      "action_flag": 2,
      "change_message": "[{\"changed\": {\"fields\": [\"Closing_report\"]}}]"
    }
  },
  {
    "model": "admin.logentry",
    "pk": 29,
    "fields": {
      "action_time": "2022-10-21T09:08:34.203Z",
      "user": 1,
      "content_type": 14,
      "object_id": "4",
      "object_repr": "Open Tue 03 May 2022, 00:00:00 ",
      "action_flag": 2,
      "change_message": "[]"
    }
  },
  {
    "model": "admin.logentry",
    "pk": 30,
    "fields": {
      "action_time": "2022-10-21T09:10:58.167Z",
      "user": 1,
      "content_type": 11,
      "object_id": "4",
      "object_repr": "Patrick, €45.40412509412136",
      "action_flag": 1,
      "change_message": "[{\"added\": {}}]"
    }
  },
  {
    "model": "admin.logentry",
    "pk": 63,
    "fields": {
      "action_time": "2022-10-21T09:13:35.283Z",
      "user": 1,
      "content_type": 11,
      "object_id": "37",
      "object_repr": "Donald, €462.3234491237213",
      "action_flag": 1,
      "change_message": "[{\"added\": {}}]"
    }
  },
  {
    "model": "admin.logentry",
    "pk": 64,
    "fields": {
      "action_time": "2022-10-21T09:14:26.572Z",
      "user": 1,
      "content_type": 14,
      "object_id": "4",
      "object_repr": " Tue 03 May 2022, 00:00:00 - Thu 20 Oct 2022, 00:00:00",
      "action_flag": 2,
      "change_message": "[{\"changed\": {\"fields\": [\"Closing_report\"]}}]"
    }
  },
  {
    "model": "admin.logentry",
    "pk": 65,
    "fields": {
      "action_time": "2022-10-21T09:15:00.685Z",
      "user": 1,
      "content_type": 13,
      "object_id": "42",
      "object_repr": "Gustavo Maduro, 2022-10-21T09:15:00.683170+00:00 Close",
      "action_flag": 1,
      "change_message": "[{\"added\": {}}]"
    }
  },
  {
    "model": "admin.logentry",
    "pk": 66,
    "fields": {
      "action_time": "2022-10-21T09:15:04.090Z",
      "user": 1,
      "content_type": 14,
      "object_id": "4",
      "object_repr": " Tue 03 May 2022, 00:00:00 - Fri 21 Oct 2022, 09:15:00",
      "action_flag": 2,
      "change_message": "[{\"changed\": {\"fields\": [\"Closing_report\"]}}]"
    }
  },
  {
    "model": "admin.logentry",
    "pk": 67,
    "fields": {
      "action_time": "2022-10-21T09:15:25.517Z",
      "user": 1,
      "content_type": 13,
      "object_id": "43",
      "object_repr": "Gustavo Maduro, 2022-10-21T09:15:25.515891+00:00 Open",
      "action_flag": 1,
      "change_message": "[{\"added\": {}}]"
    }
  },
  {
    "model": "admin.logentry",
    "pk": 68,
    "fields": {
      "action_time": "2022-10-21T09:15:28.835Z",
      "user": 1,
      "content_type": 14,
      "object_id": "8",
      "object_repr": "Open Fri 21 Oct 2022, 09:15:25 ",
      "action_flag": 1,
      "change_message": "[{\"added\": {}}]"
    }
  },
  {
    "model": "admin.logentry",
    "pk": 69,
    "fields": {
      "action_time": "2022-10-21T10:29:29.665Z",
      "user": 1,
      "content_type": 14,
      "object_id": "4",
      "object_repr": " Tue 03 May 2022, 00:00:00 - Fri 21 Oct 2022, 09:15:00",
      "action_flag": 2,
      "change_message": "[]"
    }
  },
  {
    "model": "admin.logentry",
    "pk": 70,
    "fields": {
      "action_time": "2022-10-21T10:39:13.432Z",
      "user": 1,
      "content_type": 14,
      "object_id": "8",
      "object_repr": "Open Fri 21 Oct 2022, 09:15:25 ",
      "action_flag": 2,
      "change_message": "[]"
    }
  },
  {
    "model": "admin.logentry",
    "pk": 71,
    "fields": {
      "action_time": "2022-10-21T10:40:35.557Z",
      "user": 1,
      "content_type": 14,
      "object_id": "8",
      "object_repr": "Open Fri 21 Oct 2022, 09:15:25 ",
      "action_flag": 2,
      "change_message": "[]"
    }
  },
  {
    "model": "admin.logentry",
    "pk": 72,
    "fields": {
      "action_time": "2022-10-21T10:41:07.903Z",
      "user": 1,
      "content_type": 11,
      "object_id": "38",
      "object_repr": "Jonathan, €28.73889272017653",
      "action_flag": 1,
      "change_message": "[{\"added\": {}}]"
    }
  },
  {
    "model": "auth.permission",
    "pk": 1,
    "fields": {
      "name": "Can add log entry",
      "content_type": 1,
      "codename": "add_logentry"
    }
  },
  {
    "model": "auth.permission",
    "pk": 2,
    "fields": {
      "name": "Can change log entry",
      "content_type": 1,
      "codename": "change_logentry"
    }
  },
  {
    "model": "auth.permission",
    "pk": 3,
    "fields": {
      "name": "Can delete log entry",
      "content_type": 1,
      "codename": "delete_logentry"
    }
  },
  {
    "model": "auth.permission",
    "pk": 4,
    "fields": {
      "name": "Can view log entry",
      "content_type": 1,
      "codename": "view_logentry"
    }
  },
  {
    "model": "auth.permission",
    "pk": 5,
    "fields": {
      "name": "Can add permission",
      "content_type": 2,
      "codename": "add_permission"
    }
  },
  {
    "model": "auth.permission",
    "pk": 6,
    "fields": {
      "name": "Can change permission",
      "content_type": 2,
      "codename": "change_permission"
    }
  },
  {
    "model": "auth.permission",
    "pk": 7,
    "fields": {
      "name": "Can delete permission",
      "content_type": 2,
      "codename": "delete_permission"
    }
  },
  {
    "model": "auth.permission",
    "pk": 8,
    "fields": {
      "name": "Can view permission",
      "content_type": 2,
      "codename": "view_permission"
    }
  },
  {
    "model": "auth.permission",
    "pk": 9,
    "fields": {
      "name": "Can add group",
      "content_type": 3,
      "codename": "add_group"
    }
  },
  {
    "model": "auth.permission",
    "pk": 10,
    "fields": {
      "name": "Can change group",
      "content_type": 3,
      "codename": "change_group"
    }
  },
  {
    "model": "auth.permission",
    "pk": 11,
    "fields": {
      "name": "Can delete group",
      "content_type": 3,
      "codename": "delete_group"
    }
  },
  {
    "model": "auth.permission",
    "pk": 12,
    "fields": {
      "name": "Can view group",
      "content_type": 3,
      "codename": "view_group"
    }
  },
  {
    "model": "auth.permission",
    "pk": 13,
    "fields": {
      "name": "Can add user",
      "content_type": 4,
      "codename": "add_user"
    }
  },
  {
    "model": "auth.permission",
    "pk": 14,
    "fields": {
      "name": "Can change user",
      "content_type": 4,
      "codename": "change_user"
    }
  },
  {
    "model": "auth.permission",
    "pk": 15,
    "fields": {
      "name": "Can delete user",
      "content_type": 4,
      "codename": "delete_user"
    }
  },
  {
    "model": "auth.permission",
    "pk": 16,
    "fields": {
      "name": "Can view user",
      "content_type": 4,
      "codename": "view_user"
    }
  },
  {
    "model": "auth.permission",
    "pk": 17,
    "fields": {
      "name": "Can add content type",
      "content_type": 5,
      "codename": "add_contenttype"
    }
  },
  {
    "model": "auth.permission",
    "pk": 18,
    "fields": {
      "name": "Can change content type",
      "content_type": 5,
      "codename": "change_contenttype"
    }
  },
  {
    "model": "auth.permission",
    "pk": 19,
    "fields": {
      "name": "Can delete content type",
      "content_type": 5,
      "codename": "delete_contenttype"
    }
  },
  {
    "model": "auth.permission",
    "pk": 20,
    "fields": {
      "name": "Can view content type",
      "content_type": 5,
      "codename": "view_contenttype"
    }
  },
  {
    "model": "auth.permission",
    "pk": 21,
    "fields": {
      "name": "Can add session",
      "content_type": 6,
      "codename": "add_session"
    }
  },
  {
    "model": "auth.permission",
    "pk": 22,
    "fields": {
      "name": "Can change session",
      "content_type": 6,
      "codename": "change_session"
    }
  },
  {
    "model": "auth.permission",
    "pk": 23,
    "fields": {
      "name": "Can delete session",
      "content_type": 6,
      "codename": "delete_session"
    }
  },
  {
    "model": "auth.permission",
    "pk": 24,
    "fields": {
      "name": "Can view session",
      "content_type": 6,
      "codename": "view_session"
    }
  },
  {
    "model": "auth.permission",
    "pk": 25,
    "fields": {
      "name": "Can add outstanding token",
      "content_type": 7,
      "codename": "add_outstandingtoken"
    }
  },
  {
    "model": "auth.permission",
    "pk": 26,
    "fields": {
      "name": "Can change outstanding token",
      "content_type": 7,
      "codename": "change_outstandingtoken"
    }
  },
  {
    "model": "auth.permission",
    "pk": 27,
    "fields": {
      "name": "Can delete outstanding token",
      "content_type": 7,
      "codename": "delete_outstandingtoken"
    }
  },
  {
    "model": "auth.permission",
    "pk": 28,
    "fields": {
      "name": "Can view outstanding token",
      "content_type": 7,
      "codename": "view_outstandingtoken"
    }
  },
  {
    "model": "auth.permission",
    "pk": 29,
    "fields": {
      "name": "Can add blacklisted token",
      "content_type": 8,
      "codename": "add_blacklistedtoken"
    }
  },
  {
    "model": "auth.permission",
    "pk": 30,
    "fields": {
      "name": "Can change blacklisted token",
      "content_type": 8,
      "codename": "change_blacklistedtoken"
    }
  },
  {
    "model": "auth.permission",
    "pk": 31,
    "fields": {
      "name": "Can delete blacklisted token",
      "content_type": 8,
      "codename": "delete_blacklistedtoken"
    }
  },
  {
    "model": "auth.permission",
    "pk": 32,
    "fields": {
      "name": "Can view blacklisted token",
      "content_type": 8,
      "codename": "view_blacklistedtoken"
    }
  },
  {
    "model": "auth.permission",
    "pk": 33,
    "fields": {
      "name": "Can add product",
      "content_type": 9,
      "codename": "add_product"
    }
  },
  {
    "model": "auth.permission",
    "pk": 34,
    "fields": {
      "name": "Can change product",
      "content_type": 9,
      "codename": "change_product"
    }
  },
  {
    "model": "auth.permission",
    "pk": 35,
    "fields": {
      "name": "Can delete product",
      "content_type": 9,
      "codename": "delete_product"
    }
  },
  {
    "model": "auth.permission",
    "pk": 36,
    "fields": {
      "name": "Can view product",
      "content_type": 9,
      "codename": "view_product"
    }
  },
  {
    "model": "auth.permission",
    "pk": 37,
    "fields": {
      "name": "Can add category",
      "content_type": 10,
      "codename": "add_category"
    }
  },
  {
    "model": "auth.permission",
    "pk": 38,
    "fields": {
      "name": "Can change category",
      "content_type": 10,
      "codename": "change_category"
    }
  },
  {
    "model": "auth.permission",
    "pk": 39,
    "fields": {
      "name": "Can delete category",
      "content_type": 10,
      "codename": "delete_category"
    }
  },
  {
    "model": "auth.permission",
    "pk": 40,
    "fields": {
      "name": "Can view category",
      "content_type": 10,
      "codename": "view_category"
    }
  },
  {
    "model": "auth.permission",
    "pk": 41,
    "fields": {
      "name": "Can add purchase",
      "content_type": 11,
      "codename": "add_purchase"
    }
  },
  {
    "model": "auth.permission",
    "pk": 42,
    "fields": {
      "name": "Can change purchase",
      "content_type": 11,
      "codename": "change_purchase"
    }
  },
  {
    "model": "auth.permission",
    "pk": 43,
    "fields": {
      "name": "Can delete purchase",
      "content_type": 11,
      "codename": "delete_purchase"
    }
  },
  {
    "model": "auth.permission",
    "pk": 44,
    "fields": {
      "name": "Can view purchase",
      "content_type": 11,
      "codename": "view_purchase"
    }
  },
  {
    "model": "auth.permission",
    "pk": 45,
    "fields": {
      "name": "Can add order",
      "content_type": 12,
      "codename": "add_order"
    }
  },
  {
    "model": "auth.permission",
    "pk": 46,
    "fields": {
      "name": "Can change order",
      "content_type": 12,
      "codename": "change_order"
    }
  },
  {
    "model": "auth.permission",
    "pk": 47,
    "fields": {
      "name": "Can delete order",
      "content_type": 12,
      "codename": "delete_order"
    }
  },
  {
    "model": "auth.permission",
    "pk": 48,
    "fields": {
      "name": "Can view order",
      "content_type": 12,
      "codename": "view_order"
    }
  },
  {
    "model": "auth.permission",
    "pk": 49,
    "fields": {
      "name": "Can add report",
      "content_type": 13,
      "codename": "add_report"
    }
  },
  {
    "model": "auth.permission",
    "pk": 50,
    "fields": {
      "name": "Can change report",
      "content_type": 13,
      "codename": "change_report"
    }
  },
  {
    "model": "auth.permission",
    "pk": 51,
    "fields": {
      "name": "Can delete report",
      "content_type": 13,
      "codename": "delete_report"
    }
  },
  {
    "model": "auth.permission",
    "pk": 52,
    "fields": {
      "name": "Can view report",
      "content_type": 13,
      "codename": "view_report"
    }
  },
  {
    "model": "auth.permission",
    "pk": 53,
    "fields": {
      "name": "Can add barcycle",
      "content_type": 14,
      "codename": "add_barcycle"
    }
  },
  {
    "model": "auth.permission",
    "pk": 54,
    "fields": {
      "name": "Can change barcycle",
      "content_type": 14,
      "codename": "change_barcycle"
    }
  },
  {
    "model": "auth.permission",
    "pk": 55,
    "fields": {
      "name": "Can delete barcycle",
      "content_type": 14,
      "codename": "delete_barcycle"
    }
  },
  {
    "model": "auth.permission",
    "pk": 56,
    "fields": {
      "name": "Can view barcycle",
      "content_type": 14,
      "codename": "view_barcycle"
    }
  },
  {
    "model": "auth.permission",
    "pk": 57,
    "fields": {
      "name": "Can add holder",
      "content_type": 15,
      "codename": "add_holder"
    }
  },
  {
    "model": "auth.permission",
    "pk": 58,
    "fields": {
      "name": "Can change holder",
      "content_type": 15,
      "codename": "change_holder"
    }
  },
  {
    "model": "auth.permission",
    "pk": 59,
    "fields": {
      "name": "Can delete holder",
      "content_type": 15,
      "codename": "delete_holder"
    }
  },
  {
    "model": "auth.permission",
    "pk": 60,
    "fields": {
      "name": "Can view holder",
      "content_type": 15,
      "codename": "view_holder"
    }
  },
  {
    "model": "auth.permission",
    "pk": 61,
    "fields": {
      "name": "Can add personel",
      "content_type": 16,
      "codename": "add_personel"
    }
  },
  {
    "model": "auth.permission",
    "pk": 62,
    "fields": {
      "name": "Can change personel",
      "content_type": 16,
      "codename": "change_personel"
    }
  },
  {
    "model": "auth.permission",
    "pk": 63,
    "fields": {
      "name": "Can delete personel",
      "content_type": 16,
      "codename": "delete_personel"
    }
  },
  {
    "model": "auth.permission",
    "pk": 64,
    "fields": {
      "name": "Can view personel",
      "content_type": 16,
      "codename": "view_personel"
    }
  },
  {
    "model": "auth.permission",
    "pk": 65,
    "fields": {
      "name": "Either rule idea. Face site player and accept character. With four cold church.\nPerhaps especially them moment little easy. Attorney wife program information simple nor. Daughter soon low buy.",
      "content_type": 29,
      "codename": "Difficult structure everybody simply. Report still food agreement build account firm."
    }
  },
  {
    "model": "auth.permission",
    "pk": 66,
    "fields": {
      "name": "Doctor available page trade pick about expect. Note yourself evidence interesting child. History audience answer hard especially hard agreement.\nFeel join land despite wonder consumer attorney science. Rich specific space case him.",
      "content_type": 20,
      "codename": "Method fish woman factor imagine me beyond. Street exist whatever shake subject point method admit."
    }
  },
  {
    "model": "auth.permission",
    "pk": 67,
    "fields": {
      "name": "Election help garden where.\nBillion doctor note according author customer. Owner the charge. Student argue if alone party skill.\nBill indicate child save yet general over. Make area however community suggest meeting enter security.",
      "content_type": 24,
      "codename": "Week write size seek much room news political. Role two talk oil push."
    }
  },
  {
    "model": "auth.permission",
    "pk": 68,
    "fields": {
      "name": "Relate including last car cover night. Necessary serious safe send million education staff change. Me while step network eight best mind. Less particular worker enjoy walk television country.\nGame stock skill bank. Reveal international task bring treat.",
      "content_type": 22,
      "codename": "Business skill road make decide level."
    }
  },
  {
    "model": "auth.permission",
    "pk": 69,
    "fields": {
      "name": "Away himself teacher worker. She most sure somebody themselves great police. Politics when realize change entire place.\nDrop country accept dinner debate. Voice assume energy about boy mouth everybody.\nActivity instead feel six. Raise heavy through can.",
      "content_type": 30,
      "codename": "Notice character morning to. Inside a big Democrat heart cup bag."
    }
  },
  {
    "model": "auth.permission",
    "pk": 70,
    "fields": {
      "name": "Test turn management loss development. Store turn happen garden. Since rock kid often former hold. Network down nice chance personal yes.\nCard still eight public. Size loss story. Kind save close improve other nation beat choice.",
      "content_type": 25,
      "codename": "Few station fall politics choose. Her apply today establish."
    }
  },
  {
    "model": "auth.permission",
    "pk": 71,
    "fields": {
      "name": "Yet animal provide. New several growth about. Ten wide piece car fact ok argue care. Position here per lay plant such base sit.",
      "content_type": 25,
      "codename": "Upon throughout news pick message need."
    }
  },
  {
    "model": "auth.permission",
    "pk": 72,
    "fields": {
      "name": "Same alone put seat those our wrong. Development son market.\nChild past eye color financial. Chance event newspaper peace.\nHard list career. Low argue approach usually bag.",
      "content_type": 17,
      "codename": "Travel on politics role surface campaign. Range exactly clearly pick."
    }
  },
  {
    "model": "auth.permission",
    "pk": 73,
    "fields": {
      "name": "Safe work why type. Practice hit cover fast.\nActivity media build listen season organization. Feeling far money site worker stuff individual.\nCompany listen business everybody indicate soldier quality. Thing painting activity east.",
      "content_type": 27,
      "codename": "Race deep before son wish. Who send though campaign. Suddenly meeting western charge bank whom."
    }
  },
  {
    "model": "auth.permission",
    "pk": 74,
    "fields": {
      "name": "Letter win six five evening practice. City hit ten religious game forward ten everybody. According voice citizen past agreement economic product.\nPractice long four southern remember practice. Movement themselves sign.",
      "content_type": 31,
      "codename": "Machine opportunity of trouble candidate develop wish expect. Size must then who."
    }
  },
  {
    "model": "auth.permission",
    "pk": 75,
    "fields": {
      "name": "Should southern kind still. Part share court person.\nMeasure enough prove herself night. Garden card gas water.\nIndeed cup experience inside security. Walk visit government various smile. End six by challenge.",
      "content_type": 24,
      "codename": "Statement just response surface evidence situation. Before ground technology news drop."
    }
  },
  {
    "model": "auth.permission",
    "pk": 76,
    "fields": {
      "name": "Cost answer school game nearly. Body respond military. History two give attention night.\nDown themselves they entire enter. Care issue claim learn could that save. Per visit recently treatment.",
      "content_type": 19,
      "codename": "Agree example speech difficult. In fast foreign through agreement not west."
    }
  },
  {
    "model": "auth.permission",
    "pk": 77,
    "fields": {
      "name": "Clearly career institution provide or heart these hundred. Hot street interest. Strategy anyone Republican.\nMany heart moment military every. Quickly lot around bag series thousand nice.\nForeign manager drug establish cost own. Care talk fill Democrat.",
      "content_type": 24,
      "codename": "Reveal capital federal whole respond receive bill. None goal war practice audience major."
    }
  },
  {
    "model": "auth.permission",
    "pk": 78,
    "fields": {
      "name": "Common total its hospital. Goal nature seem contain.\nHowever appear civil painting should himself avoid. Window resource instead new.",
      "content_type": 24,
      "codename": "Weight Mrs fine own glass."
    }
  },
  {
    "model": "auth.permission",
    "pk": 79,
    "fields": {
      "name": "Ever police in avoid.\nBaby writer style study use. Window service generation matter color.\nAway another apply me. Someone suffer local possible arrive stage give.",
      "content_type": 17,
      "codename": "Fly study just weight. Environment specific produce plan."
    }
  },
  {
    "model": "auth.group",
    "pk": 1,
    "fields": {
      "name": "House include glass goal even shoulder him. Catch occur certain thus side within. Investment issue state sell.",
      "permissions": []
    }
  },
  {
    "model": "auth.group",
    "pk": 2,
    "fields": {
      "name": "Degree business late mother reason true. Enjoy among suffer soldier defense. Live music range produce.\nVoice agent heavy. Gun note resource.",
      "permissions": []
    }
  },
  {
    "model": "auth.group",
    "pk": 3,
    "fields": {
      "name": "Always top food important Democrat drug. Speak each task place fast apply forward. Price management if free these which.",
      "permissions": []
    }
  },
  {
    "model": "auth.group",
    "pk": 4,
    "fields": {
      "name": "Cover skin over gas either newspaper necessary. How recently institution perhaps decision administration within.",
      "permissions": []
    }
  },
  {
    "model": "auth.group",
    "pk": 5,
    "fields": {
      "name": "That southern edge direction reflect great. Yard war light industry matter recently especially.",
      "permissions": []
    }
  },
  {
    "model": "auth.group",
    "pk": 6,
    "fields": {
      "name": "Town something home claim. Analysis discuss some blood pretty approach.",
      "permissions": []
    }
  },
  {
    "model": "auth.group",
    "pk": 7,
    "fields": {
      "name": "Particularly hour computer new describe reveal side leader. Campaign small foreign. Why nice soldier ready discussion.",
      "permissions": []
    }
  },
  {
    "model": "auth.group",
    "pk": 8,
    "fields": {
      "name": "Season better religious. Brother save check push must year. Happy foreign involve unit case include month.",
      "permissions": []
    }
  },
  {
    "model": "auth.group",
    "pk": 9,
    "fields": {
      "name": "Eight recognize receive hold reveal former. Among common group. Sense rest serve tree. Play personal everything job raise several year high.",
      "permissions": []
    }
  },
  {
    "model": "auth.group",
    "pk": 10,
    "fields": {
      "name": "Father firm head everybody. Home available down available candidate source.",
      "permissions": []
    }
  },
  {
    "model": "auth.group",
    "pk": 11,
    "fields": {
      "name": "Sit than include dinner modern fear single. Dream newspaper present sense economic structure base.",
      "permissions": []
    }
  },
  {
    "model": "auth.group",
    "pk": 12,
    "fields": {
      "name": "Impact different Mr health prepare. Any drop service include.\nAny brother here. Subject order serious stand base.",
      "permissions": []
    }
  },
  {
    "model": "auth.group",
    "pk": 13,
    "fields": {
      "name": "Ground exactly although environment until skill anyone.",
      "permissions": []
    }
  },
  {
    "model": "auth.group",
    "pk": 14,
    "fields": {
      "name": "Lay fall quickly then throw student age. Serious executive small friend year drive talk style.",
      "permissions": []
    }
  },
  {
    "model": "auth.group",
    "pk": 15,
    "fields": {
      "name": "Bank throughout least step interview stuff glass.\nWish get generation two. Fire whom it condition yeah operation report.",
      "permissions": []
    }
  },
  {
    "model": "auth.user",
    "pk": 1,
    "fields": {
      "password": "pbkdf2_sha256$320000$Nj8dbCvPyWIdkC6PEsYTej$BiK9JVVPfZya1T+SeDfuq+SpYXxLld7rRImPZzvR5cM=",
      "last_login": "2022-10-20T20:31:11Z",
      "is_superuser": true,
      "username": "GMaduro",
      "first_name": "Gustavo",
      "last_name": "Maduro",
      "email": "",
      "is_staff": true,
      "is_active": true,
      "date_joined": "2022-10-20T20:31:00Z",
      "groups": [],
      "user_permissions": [49, 50, 52]
    }
  },
  {
    "model": "auth.user",
    "pk": 2,
    "fields": {
      "password": "Result never try attorney. Garden they PM develop heavy campaign. Interview happen clear key.",
      "last_login": "2013-11-11T18:50:03Z",
      "is_superuser": true,
      "username": "angelasanders",
      "first_name": "Patrick",
      "last_name": "Wheeler",
      "email": "charlene65@example.net",
      "is_staff": false,
      "is_active": true,
      "date_joined": "2022-10-20T20:35:41.176Z",
      "groups": [],
      "user_permissions": []
    }
  },
  {
    "model": "auth.user",
    "pk": 3,
    "fields": {
      "password": "Feeling history trouble writer foot attack. New radio those property. Nation case financial in.",
      "last_login": "1995-07-05T06:44:26Z",
      "is_superuser": false,
      "username": "jwilliams",
      "first_name": "Katherine",
      "last_name": "Wallace",
      "email": "baguirre@example.net",
      "is_staff": true,
      "is_active": true,
      "date_joined": "2022-10-20T20:35:41.176Z",
      "groups": [],
      "user_permissions": []
    }
  },
  {
    "model": "auth.user",
    "pk": 4,
    "fields": {
      "password": "Level anyone rather along. Skill mouth popular make particularly include tax. Six put use impact wide trade information.",
      "last_login": "1998-12-04T23:53:34Z",
      "is_superuser": false,
      "username": "kimberlyhart",
      "first_name": "James",
      "last_name": "Scott",
      "email": "jaredtaylor@example.net",
      "is_staff": true,
      "is_active": true,
      "date_joined": "2022-10-20T20:35:41.176Z",
      "groups": [],
      "user_permissions": []
    }
  },
  {
    "model": "auth.user",
    "pk": 5,
    "fields": {
      "password": "Apply weight source spend. Drug myself western show sing defense. Scientist both form company several quality.",
      "last_login": "2016-07-13T23:11:15Z",
      "is_superuser": true,
      "username": "janetshaw",
      "first_name": "Kevin",
      "last_name": "Luna",
      "email": "wmitchell@example.net",
      "is_staff": true,
      "is_active": true,
      "date_joined": "2022-10-20T20:35:41.176Z",
      "groups": [],
      "user_permissions": []
    }
  },
  {
    "model": "auth.user",
    "pk": 6,
    "fields": {
      "password": "Could trade the light list become never world.\nNumber poor number.",
      "last_login": "2022-09-06T15:04:23Z",
      "is_superuser": true,
      "username": "cynthiaknox",
      "first_name": "Michele",
      "last_name": "Monroe",
      "email": "zacharyterry@example.net",
      "is_staff": false,
      "is_active": true,
      "date_joined": "2022-10-20T20:35:41.176Z",
      "groups": [],
      "user_permissions": []
    }
  },
  {
    "model": "auth.user",
    "pk": 7,
    "fields": {
      "password": "Sing study son find bed movie. Mouth there reason future assume next fund risk. His ago Mr budget side.",
      "last_login": "1993-03-18T22:45:12Z",
      "is_superuser": true,
      "username": "jzavala",
      "first_name": "Chelsea",
      "last_name": "Fisher",
      "email": "lmora@example.com",
      "is_staff": true,
      "is_active": true,
      "date_joined": "2022-10-20T20:35:41.176Z",
      "groups": [],
      "user_permissions": []
    }
  },
  {
    "model": "auth.user",
    "pk": 8,
    "fields": {
      "password": "People fill institution ever fill sea. Speak work son free.",
      "last_login": "2005-10-18T00:53:13Z",
      "is_superuser": true,
      "username": "bakersamantha",
      "first_name": "Stephanie",
      "last_name": "Boone",
      "email": "simpsonjustin@example.net",
      "is_staff": false,
      "is_active": true,
      "date_joined": "2022-10-20T20:35:41.176Z",
      "groups": [],
      "user_permissions": []
    }
  },
  {
    "model": "auth.user",
    "pk": 9,
    "fields": {
      "password": "We onto side build than our charge. Place music state somebody. Everybody letter century under audience hour Mrs.",
      "last_login": "1979-04-30T16:11:01Z",
      "is_superuser": false,
      "username": "zboyle",
      "first_name": "Adam",
      "last_name": "Ray",
      "email": "regina50@example.org",
      "is_staff": true,
      "is_active": true,
      "date_joined": "2022-10-20T20:35:41.176Z",
      "groups": [],
      "user_permissions": []
    }
  },
  {
    "model": "auth.user",
    "pk": 10,
    "fields": {
      "password": "Movie pay cold character language. Fall information ask capital.\nWife throw suffer ok.",
      "last_login": "1989-01-02T14:12:19Z",
      "is_superuser": false,
      "username": "mmiles",
      "first_name": "Jonathan",
      "last_name": "Williams",
      "email": "charles17@example.com",
      "is_staff": false,
      "is_active": true,
      "date_joined": "2022-10-20T20:35:41.176Z",
      "groups": [],
      "user_permissions": []
    }
  },
  {
    "model": "auth.user",
    "pk": 11,
    "fields": {
      "password": "Camera form give sign former religious. And middle already individual message their. Economy magazine child threat cell rich.",
      "last_login": "2015-02-21T17:15:11Z",
      "is_superuser": true,
      "username": "regina81",
      "first_name": "Timothy",
      "last_name": "Irwin",
      "email": "cookkathleen@example.com",
      "is_staff": true,
      "is_active": true,
      "date_joined": "2022-10-20T20:35:41.176Z",
      "groups": [],
      "user_permissions": []
    }
  },
  {
    "model": "auth.user",
    "pk": 12,
    "fields": {
      "password": "Stand sign less almost alone exactly. Decision story watch argue argue. Live able once hour answer baby score.",
      "last_login": "1982-07-30T05:53:57Z",
      "is_superuser": false,
      "username": "ramseykelly",
      "first_name": "Mary",
      "last_name": "Ford",
      "email": "sarah72@example.org",
      "is_staff": false,
      "is_active": true,
      "date_joined": "2022-10-20T20:35:41.176Z",
      "groups": [],
      "user_permissions": []
    }
  },
  {
    "model": "auth.user",
    "pk": 13,
    "fields": {
      "password": "Increase view chance president travel great. Federal degree note budget rule respond as eye.",
      "last_login": "2022-07-12T02:11:16Z",
      "is_superuser": true,
      "username": "jeffreywong",
      "first_name": "James",
      "last_name": "Castillo",
      "email": "maria72@example.org",
      "is_staff": true,
      "is_active": true,
      "date_joined": "2022-10-20T20:35:41.176Z",
      "groups": [],
      "user_permissions": []
    }
  },
  {
    "model": "auth.user",
    "pk": 14,
    "fields": {
      "password": "Low bad only whatever. Movement bad character both law. Go lay save century woman.\nRisk ahead war country glass later out card.",
      "last_login": "1974-05-18T17:37:46Z",
      "is_superuser": false,
      "username": "ywest",
      "first_name": "Jennifer",
      "last_name": "Huffman",
      "email": "zachary43@example.org",
      "is_staff": true,
      "is_active": true,
      "date_joined": "2022-10-20T20:35:41.176Z",
      "groups": [],
      "user_permissions": []
    }
  },
  {
    "model": "auth.user",
    "pk": 15,
    "fields": {
      "password": "Real Congress difference. Manager theory crime. Public age land teacher.",
      "last_login": "1982-11-27T04:54:17Z",
      "is_superuser": true,
      "username": "melissamoran",
      "first_name": "Patrick",
      "last_name": "Miller",
      "email": "richard75@example.com",
      "is_staff": true,
      "is_active": true,
      "date_joined": "2022-10-20T20:35:41.176Z",
      "groups": [],
      "user_permissions": []
    }
  },
  {
    "model": "auth.user",
    "pk": 16,
    "fields": {
      "password": "Detail age can somebody draw popular less. Office itself building necessary through account main. See or answer pass.",
      "last_login": "1988-01-30T17:54:01Z",
      "is_superuser": false,
      "username": "smithpaula",
      "first_name": "Matthew",
      "last_name": "Woods",
      "email": "tannerantonio@example.com",
      "is_staff": false,
      "is_active": true,
      "date_joined": "2022-10-20T20:35:41.176Z",
      "groups": [],
      "user_permissions": []
    }
  },
  {
    "model": "auth.user",
    "pk": 17,
    "fields": {
      "password": "Tree local anything practice if side south.",
      "last_login": "2004-03-28T01:23:15Z",
      "is_superuser": true,
      "username": "michael85",
      "first_name": "Mary",
      "last_name": "Carter",
      "email": "meltonwilliam@example.org",
      "is_staff": true,
      "is_active": true,
      "date_joined": "2022-10-20T20:36:47.276Z",
      "groups": [1],
      "user_permissions": []
    }
  },
  {
    "model": "auth.user",
    "pk": 18,
    "fields": {
      "password": "Next sure only interest. Scientist down it.",
      "last_login": "1997-04-12T18:06:27Z",
      "is_superuser": true,
      "username": "yjohnson",
      "first_name": "Tanya",
      "last_name": "Brown",
      "email": "tammy41@example.net",
      "is_staff": true,
      "is_active": true,
      "date_joined": "2022-10-20T20:36:47.276Z",
      "groups": [2, 10],
      "user_permissions": []
    }
  },
  {
    "model": "auth.user",
    "pk": 19,
    "fields": {
      "password": "Plan positive me prevent develop often. Recently while environment back however a may yard.",
      "last_login": "1989-06-30T22:47:05Z",
      "is_superuser": false,
      "username": "julie62",
      "first_name": "Seth",
      "last_name": "Martin",
      "email": "zcollins@example.com",
      "is_staff": false,
      "is_active": true,
      "date_joined": "2022-10-20T20:36:47.276Z",
      "groups": [6],
      "user_permissions": []
    }
  },
  {
    "model": "auth.user",
    "pk": 20,
    "fields": {
      "password": "Your computer student close white media matter. Method weight meet page occur want situation.",
      "last_login": "1978-06-26T23:03:47Z",
      "is_superuser": false,
      "username": "coopermary",
      "first_name": "Patrick",
      "last_name": "Lopez",
      "email": "chapmanmatthew@example.com",
      "is_staff": false,
      "is_active": true,
      "date_joined": "2022-10-20T20:36:47.276Z",
      "groups": [4, 15],
      "user_permissions": []
    }
  },
  {
    "model": "auth.user",
    "pk": 21,
    "fields": {
      "password": "Television fear subject question born security about. Show size film. Response line security.",
      "last_login": "1998-10-23T06:36:54Z",
      "is_superuser": true,
      "username": "victoria59",
      "first_name": "Anthony",
      "last_name": "Whitaker",
      "email": "kmcpherson@example.com",
      "is_staff": false,
      "is_active": true,
      "date_joined": "2022-10-20T20:36:47.276Z",
      "groups": [12, 10, 2],
      "user_permissions": []
    }
  },
  {
    "model": "auth.user",
    "pk": 22,
    "fields": {
      "password": "Edge generation thank effect drug.\nWestern today again think guy. Sea card real help space natural.",
      "last_login": "2001-10-18T17:18:15Z",
      "is_superuser": true,
      "username": "xwhite",
      "first_name": "Joseph",
      "last_name": "House",
      "email": "thomasrobert@example.org",
      "is_staff": false,
      "is_active": true,
      "date_joined": "2022-10-20T20:36:47.276Z",
      "groups": [14, 8, 6],
      "user_permissions": []
    }
  },
  {
    "model": "auth.user",
    "pk": 23,
    "fields": {
      "password": "Break baby couple inside. Car area it population base. Single here garden daughter indicate hope garden.",
      "last_login": "2001-05-12T14:04:16Z",
      "is_superuser": true,
      "username": "davidobrien",
      "first_name": "James",
      "last_name": "Martin",
      "email": "nathanhill@example.net",
      "is_staff": false,
      "is_active": true,
      "date_joined": "2022-10-20T20:36:47.276Z",
      "groups": [3, 4, 13, 1],
      "user_permissions": []
    }
  },
  {
    "model": "auth.user",
    "pk": 24,
    "fields": {
      "password": "Who return after there summer television skin. Wide eight generation wind. Director pull skin particularly great.",
      "last_login": "1973-12-25T05:43:53Z",
      "is_superuser": false,
      "username": "james55",
      "first_name": "Donald",
      "last_name": "Johnson",
      "email": "andrewbrewer@example.org",
      "is_staff": false,
      "is_active": true,
      "date_joined": "2022-10-20T20:36:47.276Z",
      "groups": [1, 3, 14, 5],
      "user_permissions": []
    }
  },
  {
    "model": "auth.user",
    "pk": 25,
    "fields": {
      "password": "Performance man focus data outside billion hour. Past property quite goal blood social once.",
      "last_login": "1992-10-27T10:15:53Z",
      "is_superuser": false,
      "username": "morrislaura",
      "first_name": "Robin",
      "last_name": "Myers",
      "email": "cortezjoseph@example.org",
      "is_staff": true,
      "is_active": true,
      "date_joined": "2022-10-20T20:36:47.276Z",
      "groups": [7, 12],
      "user_permissions": []
    }
  },
  {
    "model": "auth.user",
    "pk": 26,
    "fields": {
      "password": "Blood family worry while mean.\nCommercial may magazine customer win visit. Grow seek teacher full high property.",
      "last_login": "2003-05-03T04:21:18Z",
      "is_superuser": false,
      "username": "andrewssonia",
      "first_name": "Larry",
      "last_name": "Shepherd",
      "email": "christinagardner@example.com",
      "is_staff": false,
      "is_active": true,
      "date_joined": "2022-10-20T20:36:47.276Z",
      "groups": [14, 9, 6, 1],
      "user_permissions": []
    }
  },
  {
    "model": "auth.user",
    "pk": 27,
    "fields": {
      "password": "Game debate when model.\nPut through play run be decide. Resource information first investment look artist serve.",
      "last_login": "1981-09-21T07:13:44Z",
      "is_superuser": false,
      "username": "owilliams",
      "first_name": "Hannah",
      "last_name": "Howard",
      "email": "andreacherry@example.net",
      "is_staff": true,
      "is_active": true,
      "date_joined": "2022-10-20T20:36:47.276Z",
      "groups": [7, 10],
      "user_permissions": []
    }
  },
  {
    "model": "auth.user",
    "pk": 28,
    "fields": {
      "password": "Pressure read present example work save factor. Society control project matter film ago.",
      "last_login": "1991-01-12T10:34:38Z",
      "is_superuser": false,
      "username": "thompsonjulie",
      "first_name": "Michael",
      "last_name": "Wu",
      "email": "dawnkane@example.com",
      "is_staff": true,
      "is_active": true,
      "date_joined": "2022-10-20T20:36:47.276Z",
      "groups": [6],
      "user_permissions": []
    }
  },
  {
    "model": "auth.user",
    "pk": 29,
    "fields": {
      "password": "Few laugh fear health. Apply teach total finally scene left. Tend management event now involve full body.",
      "last_login": "2008-03-12T18:08:38Z",
      "is_superuser": false,
      "username": "raymata",
      "first_name": "Joseph",
      "last_name": "Powell",
      "email": "jenniferwarren@example.org",
      "is_staff": false,
      "is_active": true,
      "date_joined": "2022-10-20T20:36:47.276Z",
      "groups": [5, 4, 2],
      "user_permissions": []
    }
  },
  {
    "model": "auth.user",
    "pk": 30,
    "fields": {
      "password": "Prevent detail every politics start evening. Agreement serve open discover ready. Respond base again middle.",
      "last_login": "2013-11-19T22:23:36Z",
      "is_superuser": false,
      "username": "kristen35",
      "first_name": "Ashley",
      "last_name": "Hawkins",
      "email": "charlestran@example.com",
      "is_staff": false,
      "is_active": true,
      "date_joined": "2022-10-20T20:36:47.276Z",
      "groups": [14],
      "user_permissions": []
    }
  },
  {
    "model": "auth.user",
    "pk": 31,
    "fields": {
      "password": "Choice media just. Idea season sport let drive. Bank bed bring very form word writer.",
      "last_login": "1984-01-28T17:19:07Z",
      "is_superuser": true,
      "username": "egilmore",
      "first_name": "Cynthia",
      "last_name": "Rodriguez",
      "email": "davidmcpherson@example.net",
      "is_staff": false,
      "is_active": true,
      "date_joined": "2022-10-20T20:36:47.276Z",
      "groups": [15, 6],
      "user_permissions": []
    }
  },
  {
    "model": "auth.user",
    "pk": 32,
    "fields": {
      "password": "Miss care Mrs mouth significant reality. Guess play consider couple event state. Wonder cup customer however.",
      "last_login": "1987-03-30T00:38:34Z",
      "is_superuser": true,
      "username": "johnsmith",
      "first_name": "Richard",
      "last_name": "King",
      "email": "cynthiatran@example.org",
      "is_staff": true,
      "is_active": true,
      "date_joined": "2022-10-20T20:41:58.084Z",
      "groups": [],
      "user_permissions": []
    }
  },
  {
    "model": "auth.user",
    "pk": 33,
    "fields": {
      "password": "Environment this person night new opportunity ability medical. Physical million decide later.",
      "last_login": "1979-11-21T08:09:56Z",
      "is_superuser": false,
      "username": "barbarasummers",
      "first_name": "Andrew",
      "last_name": "Frazier",
      "email": "uhenderson@example.org",
      "is_staff": true,
      "is_active": true,
      "date_joined": "2022-10-20T20:41:58.084Z",
      "groups": [],
      "user_permissions": []
    }
  },
  {
    "model": "auth.user",
    "pk": 34,
    "fields": {
      "password": "Into other sort guy. Approach story paper commercial charge majority feel. Against long all central hour.",
      "last_login": "2007-09-16T19:49:58Z",
      "is_superuser": false,
      "username": "edwinsmith",
      "first_name": "Melissa",
      "last_name": "Morrow",
      "email": "joshua43@example.com",
      "is_staff": false,
      "is_active": true,
      "date_joined": "2022-10-20T20:41:58.084Z",
      "groups": [],
      "user_permissions": []
    }
  },
  {
    "model": "auth.user",
    "pk": 35,
    "fields": {
      "password": "Book short speak beat real central. Authority present benefit explain decade people economy.",
      "last_login": "1991-02-26T11:18:06Z",
      "is_superuser": true,
      "username": "marshallpatrick",
      "first_name": "Christopher",
      "last_name": "Chen",
      "email": "kathleencooke@example.com",
      "is_staff": true,
      "is_active": true,
      "date_joined": "2022-10-20T20:41:58.084Z",
      "groups": [],
      "user_permissions": []
    }
  },
  {
    "model": "auth.user",
    "pk": 36,
    "fields": {
      "password": "Throw ask report table phone writer manager.\nMeasure budget large close. View develop certain series ago old back issue.",
      "last_login": "2010-02-27T06:40:48Z",
      "is_superuser": false,
      "username": "andre94",
      "first_name": "Janet",
      "last_name": "Freeman",
      "email": "gomezdouglas@example.net",
      "is_staff": false,
      "is_active": true,
      "date_joined": "2022-10-20T20:41:58.084Z",
      "groups": [],
      "user_permissions": []
    }
  },
  {
    "model": "auth.user",
    "pk": 37,
    "fields": {
      "password": "Value focus start realize. Cost card position their look letter.",
      "last_login": "2005-11-15T05:04:14Z",
      "is_superuser": false,
      "username": "ghorn",
      "first_name": "Audrey",
      "last_name": "Quinn",
      "email": "xwilson@example.com",
      "is_staff": false,
      "is_active": true,
      "date_joined": "2022-10-20T20:41:58.084Z",
      "groups": [],
      "user_permissions": []
    }
  },
  {
    "model": "auth.user",
    "pk": 38,
    "fields": {
      "password": "Rich item suggest shoulder board whatever safe. Now by tend forward approach bank place high.",
      "last_login": "1998-05-18T18:10:43Z",
      "is_superuser": false,
      "username": "stephanie55",
      "first_name": "Stephanie",
      "last_name": "Schwartz",
      "email": "caitlin85@example.net",
      "is_staff": true,
      "is_active": true,
      "date_joined": "2022-10-20T20:41:58.084Z",
      "groups": [],
      "user_permissions": []
    }
  },
  {
    "model": "auth.user",
    "pk": 39,
    "fields": {
      "password": "Treatment society plan.\nLine issue always recent west director. She hard interview rather rock democratic work.",
      "last_login": "1983-10-31T09:00:44Z",
      "is_superuser": false,
      "username": "ewood",
      "first_name": "Riley",
      "last_name": "Barrera",
      "email": "kdavis@example.com",
      "is_staff": false,
      "is_active": true,
      "date_joined": "2022-10-20T20:41:58.084Z",
      "groups": [],
      "user_permissions": []
    }
  },
  {
    "model": "auth.user",
    "pk": 40,
    "fields": {
      "password": "Draw score both. Series least candidate from operation. Perhaps because how letter.",
      "last_login": "1998-02-24T06:19:43Z",
      "is_superuser": true,
      "username": "jacob01",
      "first_name": "Robert",
      "last_name": "Wallace",
      "email": "joel16@example.com",
      "is_staff": true,
      "is_active": true,
      "date_joined": "2022-10-20T20:41:58.084Z",
      "groups": [],
      "user_permissions": []
    }
  },
  {
    "model": "auth.user",
    "pk": 41,
    "fields": {
      "password": "Green ten sometimes make successful member. Election then theory ground individual. Card outside nearly. Send hotel red.",
      "last_login": "1976-02-15T07:02:42Z",
      "is_superuser": true,
      "username": "jruiz",
      "first_name": "Stephen",
      "last_name": "Lee",
      "email": "wdoyle@example.com",
      "is_staff": false,
      "is_active": true,
      "date_joined": "2022-10-20T20:41:58.084Z",
      "groups": [],
      "user_permissions": []
    }
  },
  {
    "model": "auth.user",
    "pk": 42,
    "fields": {
      "password": "Effort feel two manage decision. Hospital challenge pull to. Message hair direction social.",
      "last_login": "2000-03-15T04:05:56Z",
      "is_superuser": true,
      "username": "kaylatorres",
      "first_name": "Kristin",
      "last_name": "Miles",
      "email": "david91@example.org",
      "is_staff": true,
      "is_active": true,
      "date_joined": "2022-10-20T20:41:58.084Z",
      "groups": [],
      "user_permissions": []
    }
  },
  {
    "model": "auth.user",
    "pk": 43,
    "fields": {
      "password": "Information health threat high possible could. Too morning this then. Opportunity look able after sit reality product.",
      "last_login": "1979-11-18T06:48:47Z",
      "is_superuser": false,
      "username": "xduncan",
      "first_name": "Jill",
      "last_name": "Hall",
      "email": "julia89@example.net",
      "is_staff": false,
      "is_active": true,
      "date_joined": "2022-10-20T20:41:58.084Z",
      "groups": [],
      "user_permissions": []
    }
  },
  {
    "model": "auth.user",
    "pk": 44,
    "fields": {
      "password": "South consumer expect. Market suddenly arrive use cold more. Sure exactly power off though.",
      "last_login": "1996-02-18T11:23:20Z",
      "is_superuser": true,
      "username": "linda89",
      "first_name": "Mark",
      "last_name": "Yang",
      "email": "monica98@example.com",
      "is_staff": false,
      "is_active": true,
      "date_joined": "2022-10-20T20:41:58.084Z",
      "groups": [],
      "user_permissions": []
    }
  },
  {
    "model": "auth.user",
    "pk": 45,
    "fields": {
      "password": "Interest wonder we four. International go perhaps office social.",
      "last_login": "1985-10-02T01:54:35Z",
      "is_superuser": false,
      "username": "tyler64",
      "first_name": "Regina",
      "last_name": "Medina",
      "email": "ayersstacey@example.org",
      "is_staff": false,
      "is_active": true,
      "date_joined": "2022-10-20T20:41:58.084Z",
      "groups": [],
      "user_permissions": []
    }
  },
  {
    "model": "auth.user",
    "pk": 46,
    "fields": {
      "password": "Open effort wife he anyone protect product appear. Because similar your trial player behind. Image threat time.",
      "last_login": "2008-03-27T08:39:10Z",
      "is_superuser": true,
      "username": "christine66",
      "first_name": "David",
      "last_name": "Johnson",
      "email": "umoss@example.com",
      "is_staff": true,
      "is_active": true,
      "date_joined": "2022-10-20T20:41:58.084Z",
      "groups": [],
      "user_permissions": []
    }
  },
  {
    "model": "auth.user",
    "pk": 47,
    "fields": {
      "password": "Provide stay evidence significant moment. Arm although five gun pick.",
      "last_login": "1978-02-10T14:34:13Z",
      "is_superuser": false,
      "username": "Derek Thompson",
      "first_name": "Mark Chase",
      "last_name": "Monique Adams",
      "email": "katelyngarcia@example.org",
      "is_staff": false,
      "is_active": true,
      "date_joined": "2022-10-21T13:51:07.715Z",
      "groups": [],
      "user_permissions": []
    }
  },
  {
    "model": "auth.user",
    "pk": 48,
    "fields": {
      "password": "Next new month television line pattern.\nNext table southern. Crime if goal different. Wind evidence several your theory sea.",
      "last_login": "1991-06-03T17:46:56Z",
      "is_superuser": false,
      "username": "William Goodman",
      "first_name": "Leslie Ho",
      "last_name": "Steven Byrd",
      "email": "jeffrey84@example.net",
      "is_staff": false,
      "is_active": true,
      "date_joined": "2022-10-21T13:51:07.715Z",
      "groups": [],
      "user_permissions": []
    }
  },
  {
    "model": "auth.user",
    "pk": 49,
    "fields": {
      "password": "Magazine computer miss force some lay. Take above vote.",
      "last_login": "2008-04-23T21:56:00Z",
      "is_superuser": false,
      "username": "Sean Morgan",
      "first_name": "Crystal Jenkins",
      "last_name": "Matthew Walker",
      "email": "dixonjacqueline@example.com",
      "is_staff": false,
      "is_active": true,
      "date_joined": "2022-10-21T13:51:07.715Z",
      "groups": [],
      "user_permissions": []
    }
  },
  {
    "model": "auth.user",
    "pk": 50,
    "fields": {
      "password": "Would black sing. Force law participant site over. Technology exist American nation identify.",
      "last_login": "1995-12-25T04:33:32Z",
      "is_superuser": false,
      "username": "Jason Walker MD",
      "first_name": "Jared Stanley",
      "last_name": "Jeremiah Lloyd",
      "email": "shayes@example.org",
      "is_staff": false,
      "is_active": true,
      "date_joined": "2022-10-21T13:51:07.715Z",
      "groups": [],
      "user_permissions": []
    }
  },
  {
    "model": "auth.user",
    "pk": 51,
    "fields": {
      "password": "Hard reason list since television while choice. Guy himself behind claim believe morning soldier call.",
      "last_login": "1977-12-29T15:52:54Z",
      "is_superuser": true,
      "username": "Dave Bullock",
      "first_name": "Amber Perez MD",
      "last_name": "Laura Moore",
      "email": "michelle85@example.net",
      "is_staff": false,
      "is_active": true,
      "date_joined": "2022-10-21T13:51:07.715Z",
      "groups": [],
      "user_permissions": []
    }
  },
  {
    "model": "auth.user",
    "pk": 52,
    "fields": {
      "password": "Benefit rule prevent argue attention. Program quickly produce blue. Body meet mouth grow nothing.",
      "last_login": "1988-01-23T02:58:26Z",
      "is_superuser": true,
      "username": "Stephanie Hernandez",
      "first_name": "Douglas Hess",
      "last_name": "James Davis",
      "email": "jameswilliam@example.com",
      "is_staff": false,
      "is_active": true,
      "date_joined": "2022-10-21T13:51:07.715Z",
      "groups": [],
      "user_permissions": []
    }
  },
  {
    "model": "auth.user",
    "pk": 53,
    "fields": {
      "password": "Practice language various tell. Seek poor change firm whatever lay.",
      "last_login": "2011-12-25T05:32:31Z",
      "is_superuser": false,
      "username": "Nathan Baldwin",
      "first_name": "Sara Baker",
      "last_name": "Kenneth Brown",
      "email": "fernandezjeremy@example.net",
      "is_staff": true,
      "is_active": true,
      "date_joined": "2022-10-21T13:51:07.715Z",
      "groups": [],
      "user_permissions": []
    }
  },
  {
    "model": "auth.user",
    "pk": 54,
    "fields": {
      "password": "Behavior authority edge imagine.\nDifficult more job player list interview dream along. Be involve already chance experience.",
      "last_login": "1985-02-15T01:27:22Z",
      "is_superuser": false,
      "username": "Tara Young",
      "first_name": "Elizabeth Raymond",
      "last_name": "Jennifer Anderson",
      "email": "forbesgabriel@example.org",
      "is_staff": true,
      "is_active": true,
      "date_joined": "2022-10-21T13:51:07.715Z",
      "groups": [],
      "user_permissions": []
    }
  },
  {
    "model": "auth.user",
    "pk": 55,
    "fields": {
      "password": "Everybody about top these. Present forward speech station woman end.",
      "last_login": "1994-02-28T02:19:45Z",
      "is_superuser": false,
      "username": "Natalie Thomas DDS",
      "first_name": "Taylor Harris",
      "last_name": "Kimberly Robinson",
      "email": "epatton@example.net",
      "is_staff": true,
      "is_active": true,
      "date_joined": "2022-10-21T13:51:07.715Z",
      "groups": [],
      "user_permissions": []
    }
  },
  {
    "model": "auth.user",
    "pk": 56,
    "fields": {
      "password": "Care performance who meet. Care class stock hot.\nGeneral around role season. Man remain itself.",
      "last_login": "1994-11-11T08:01:02Z",
      "is_superuser": true,
      "username": "Brian Stephenson",
      "first_name": "Thomas Thompson",
      "last_name": "Anthony Rojas",
      "email": "fcox@example.com",
      "is_staff": false,
      "is_active": true,
      "date_joined": "2022-10-21T13:51:07.715Z",
      "groups": [],
      "user_permissions": []
    }
  },
  {
    "model": "contenttypes.contenttype",
    "pk": 1,
    "fields": { "app_label": "admin", "model": "logentry" }
  },
  {
    "model": "contenttypes.contenttype",
    "pk": 2,
    "fields": { "app_label": "auth", "model": "permission" }
  },
  {
    "model": "contenttypes.contenttype",
    "pk": 3,
    "fields": { "app_label": "auth", "model": "group" }
  },
  {
    "model": "contenttypes.contenttype",
    "pk": 4,
    "fields": { "app_label": "auth", "model": "user" }
  },
  {
    "model": "contenttypes.contenttype",
    "pk": 5,
    "fields": { "app_label": "contenttypes", "model": "contenttype" }
  },
  {
    "model": "contenttypes.contenttype",
    "pk": 6,
    "fields": { "app_label": "sessions", "model": "session" }
  },
  {
    "model": "contenttypes.contenttype",
    "pk": 7,
    "fields": { "app_label": "token_blacklist", "model": "outstandingtoken" }
  },
  {
    "model": "contenttypes.contenttype",
    "pk": 8,
    "fields": { "app_label": "token_blacklist", "model": "blacklistedtoken" }
  },
  {
    "model": "contenttypes.contenttype",
    "pk": 9,
    "fields": { "app_label": "purchase", "model": "product" }
  },
  {
    "model": "contenttypes.contenttype",
    "pk": 10,
    "fields": { "app_label": "purchase", "model": "category" }
  },
  {
    "model": "contenttypes.contenttype",
    "pk": 11,
    "fields": { "app_label": "purchase", "model": "purchase" }
  },
  {
    "model": "contenttypes.contenttype",
    "pk": 12,
    "fields": { "app_label": "purchase", "model": "order" }
  },
  {
    "model": "contenttypes.contenttype",
    "pk": 13,
    "fields": { "app_label": "purchase", "model": "report" }
  },
  {
    "model": "contenttypes.contenttype",
    "pk": 14,
    "fields": { "app_label": "purchase", "model": "barcycle" }
  },
  {
    "model": "contenttypes.contenttype",
    "pk": 15,
    "fields": { "app_label": "users", "model": "holder" }
  },
  {
    "model": "contenttypes.contenttype",
    "pk": 16,
    "fields": { "app_label": "users", "model": "personel" }
  },
  {
    "model": "contenttypes.contenttype",
    "pk": 17,
    "fields": {
      "app_label": "Majority understand shake likely future after.",
      "model": "Approach level through edge end image. Movement would stuff prevent money travel information fire."
    }
  },
  {
    "model": "contenttypes.contenttype",
    "pk": 18,
    "fields": {
      "app_label": "Someone control difference participant look. Apply laugh of include should start under.",
      "model": "Although think quite I. Mouth want country start minute."
    }
  },
  {
    "model": "contenttypes.contenttype",
    "pk": 19,
    "fields": {
      "app_label": "Manage effort somebody onto. Argue according white nearly party.",
      "model": "Big back rise discover explain. Allow care ever their."
    }
  },
  {
    "model": "contenttypes.contenttype",
    "pk": 20,
    "fields": {
      "app_label": "Test thus foot since issue leg can during. Forward program style shake herself oil.",
      "model": "Car traditional lawyer inside. So total reduce head officer represent trip."
    }
  },
  {
    "model": "contenttypes.contenttype",
    "pk": 21,
    "fields": {
      "app_label": "Down conference high. Result be expect myself.",
      "model": "Discuss during effect man from here. Task even main threat theory rate."
    }
  },
  {
    "model": "contenttypes.contenttype",
    "pk": 22,
    "fields": {
      "app_label": "Water unit me magazine set. Do value hard manager. Capital candidate may live hair large.",
      "model": "Front this night loss enough. Several respond sell amount spring agency. Hit while war need dog."
    }
  },
  {
    "model": "contenttypes.contenttype",
    "pk": 23,
    "fields": {
      "app_label": "Western fall agree above each star hand. Pretty trial but chair from less hour family.",
      "model": "Ground food require police. Probably TV baby address make."
    }
  },
  {
    "model": "contenttypes.contenttype",
    "pk": 24,
    "fields": {
      "app_label": "Somebody right item let capital around fire. Happy child seem material.",
      "model": "Run market three past today major also. Police detail significant color clear."
    }
  },
  {
    "model": "contenttypes.contenttype",
    "pk": 25,
    "fields": {
      "app_label": "Enjoy other be make report people glass. Now especially herself say street stay someone.",
      "model": "Require back bit environmental fill market."
    }
  },
  {
    "model": "contenttypes.contenttype",
    "pk": 26,
    "fields": {
      "app_label": "Head exist win available realize. Section coach data raise left no. Animal bed all space then.",
      "model": "Argue everybody apply will center live. Media quality operation painting method speak effort less."
    }
  },
  {
    "model": "contenttypes.contenttype",
    "pk": 27,
    "fields": {
      "app_label": "Language might number exist. Customer significant senior six ten be realize.",
      "model": "Challenge capital list current skin student top. Interesting day budget."
    }
  },
  {
    "model": "contenttypes.contenttype",
    "pk": 28,
    "fields": {
      "app_label": "Walk happen know strategy police hot though. Per reduce voice road customer physical.",
      "model": "Environmental large where coach eye. Region office now deal."
    }
  },
  {
    "model": "contenttypes.contenttype",
    "pk": 29,
    "fields": {
      "app_label": "Simply increase officer fight probably. Share detail decide allow main read baby.",
      "model": "Heavy foot skill space small avoid. Already type about stage agree structure."
    }
  },
  {
    "model": "contenttypes.contenttype",
    "pk": 30,
    "fields": {
      "app_label": "Blood manager focus thank. Part common entire leave who Congress. Decade large spring record two.",
      "model": "Pick more movie blood law. Father thousand appear. Former consumer such news enjoy treat."
    }
  },
  {
    "model": "contenttypes.contenttype",
    "pk": 31,
    "fields": {
      "app_label": "Sense nice career increase. Body to add red scientist office general word. All minute off.",
      "model": "Fill economy enjoy media may fly quality. Agree up another safe concern woman."
    }
  },
  {
    "model": "sessions.session",
    "pk": "opnxiol2u80rqdohmrrwr8by7o2cxji0",
    "fields": {
      "session_data": ".eJxVjDsOwjAQBe_iGll2_NulpOcM1tpe4wBypHwqxN0hUgpo38y8l4i0rS1uC89xLOIstDj9bonyg_sOyp36bZJ56us8Jrkr8qCLvE6Fn5fD_TtotLRvDboAqorOOZ2TJZuCYjdoxADZEIDzzg8MJrMnj0kFAzokZqyYrari_QG_HTc5:1olcC7:4mrBidId0020q0T7hnwkJLYA7Fi5p-liRipVN1h4wg8",
      "expire_date": "2022-11-03T20:31:11.193Z"
    }
  },
  {
    "model": "purchase.product",
    "pk": 1,
    "fields": {
      "name": "Season control.",
      "price": 0.7357267181733073,
      "color": "#FF0000",
      "image": "products/default.png"
    }
  },
  {
    "model": "purchase.product",
    "pk": 2,
    "fields": {
      "name": "Then plan establish.",
      "price": 0.6383439132633433,
      "color": "#FF0000",
      "image": "products/default.png"
    }
  },
  {
    "model": "purchase.product",
    "pk": 3,
    "fields": {
      "name": "Black against no.",
      "price": 0.7736975536827537,
      "color": "#FF0000",
      "image": "products/default.png"
    }
  },
  {
    "model": "purchase.product",
    "pk": 4,
    "fields": {
      "name": "Order game care.",
      "price": 0.9258462429969352,
      "color": "#FF0000",
      "image": "products/default.png"
    }
  },
  {
    "model": "purchase.product",
    "pk": 5,
    "fields": {
      "name": "Think language.",
      "price": 0.24478108077842697,
      "color": "#FF0000",
      "image": "products/default.png"
    }
  },
  {
    "model": "purchase.product",
    "pk": 6,
    "fields": {
      "name": "Cause work hard.",
      "price": 0.34618748147587186,
      "color": "#FF0000",
      "image": "products/default.png"
    }
  },
  {
    "model": "purchase.product",
    "pk": 7,
    "fields": {
      "name": "Break sometimes.",
      "price": 0.8561399912375245,
      "color": "#FF0000",
      "image": "products/default.png"
    }
  },
  {
    "model": "purchase.product",
    "pk": 8,
    "fields": {
      "name": "Those international.",
      "price": 0.839862286212383,
      "color": "#FF0000",
      "image": "products/default.png"
    }
  },
  {
    "model": "purchase.product",
    "pk": 9,
    "fields": {
      "name": "Number head girl.",
      "price": 0.1672370757697823,
      "color": "#FF0000",
      "image": "products/default.png"
    }
  },
  {
    "model": "purchase.product",
    "pk": 10,
    "fields": {
      "name": "Film certain event.",
      "price": 0.6648107020936672,
      "color": "#FF0000",
      "image": "products/default.png"
    }
  },
  {
    "model": "purchase.product",
    "pk": 11,
    "fields": {
      "name": "Whom marriage.",
      "price": 0.3934340623459215,
      "color": "#FF0000",
      "image": "products/default.png"
    }
  },
  {
    "model": "purchase.product",
    "pk": 12,
    "fields": {
      "name": "Organization.",
      "price": 0.6999534489811337,
      "color": "#FF0000",
      "image": "products/default.png"
    }
  },
  {
    "model": "purchase.product",
    "pk": 13,
    "fields": {
      "name": "Mean my least ask.",
      "price": 0.6100243642599429,
      "color": "#FF0000",
      "image": "products/default.png"
    }
  },
  {
    "model": "purchase.product",
    "pk": 14,
    "fields": {
      "name": "Suddenly middle all.",
      "price": 0.9319470635710658,
      "color": "#CA9AFF",
      "image": "products/default.png"
    }
  },
  {
    "model": "purchase.product",
    "pk": 15,
    "fields": {
      "name": "Maintain study huge.",
      "price": 0.5146114982141602,
      "color": "#53FFEA",
      "image": "products/default.png"
    }
  },
  {
    "model": "purchase.product",
    "pk": 16,
    "fields": {
      "name": "Glenn Fisher",
      "price": 5.0,
      "color": "SteelBlue",
      "image": "https://dummyimage.com/239x916"
    }
  },
  {
    "model": "purchase.product",
    "pk": 17,
    "fields": {
      "name": "Brian Carey",
      "price": 35.0,
      "color": "Plum",
      "image": "https://dummyimage.com/724x626"
    }
  },
  {
    "model": "purchase.product",
    "pk": 18,
    "fields": {
      "name": "Timothy Clark",
      "price": 12.0,
      "color": "SlateBlue",
      "image": "https://placekitten.com/544/393"
    }
  },
  {
    "model": "purchase.product",
    "pk": 19,
    "fields": {
      "name": "Vanessa Mora",
      "price": 90.0,
      "color": "DarkTurquoise",
      "image": "https://dummyimage.com/745x767"
    }
  },
  {
    "model": "purchase.product",
    "pk": 20,
    "fields": {
      "name": "Jody Edwards",
      "price": 16.0,
      "color": "LightSkyBlue",
      "image": "https://placekitten.com/828/899"
    }
  },
  {
    "model": "purchase.product",
    "pk": 21,
    "fields": {
      "name": "Kevin Houston",
      "price": 54.0,
      "color": "Tan",
      "image": "https://picsum.photos/24/351"
    }
  },
  {
    "model": "purchase.product",
    "pk": 22,
    "fields": {
      "name": "Mark Robinson",
      "price": 74.0,
      "color": "LightCyan",
      "image": "https://dummyimage.com/296x944"
    }
  },
  {
    "model": "purchase.product",
    "pk": 23,
    "fields": {
      "name": "Debbie Carter",
      "price": 14.0,
      "color": "MediumPurple",
      "image": "https://placeimg.com/192/480/any"
    }
  },
  {
    "model": "purchase.product",
    "pk": 24,
    "fields": {
      "name": "Jacqueline Parker",
      "price": 22.0,
      "color": "MediumPurple",
      "image": "https://placekitten.com/83/310"
    }
  },
  {
    "model": "purchase.product",
    "pk": 25,
    "fields": {
      "name": "Angel Gomez",
      "price": 63.0,
      "color": "LimeGreen",
      "image": "https://picsum.photos/153/356"
    }
  },
  {
    "model": "purchase.product",
    "pk": 26,
    "fields": {
      "name": "Dr. Angela Lee MD",
      "price": 10.0,
      "color": "Beige",
      "image": "https://picsum.photos/148/462"
    }
  },
  {
    "model": "purchase.product",
    "pk": 27,
    "fields": {
      "name": "Austin Wright",
      "price": 21.0,
      "color": "BlueViolet",
      "image": "https://picsum.photos/681/268"
    }
  },
  {
    "model": "purchase.product",
    "pk": 28,
    "fields": {
      "name": "Ashley Mason",
      "price": 33.0,
      "color": "Red",
      "image": "https://picsum.photos/560/710"
    }
  },
  {
    "model": "purchase.product",
    "pk": 29,
    "fields": {
      "name": "Christopher Mcguire",
      "price": 18.0,
      "color": "Coral",
      "image": "https://placekitten.com/327/489"
    }
  },
  {
    "model": "purchase.product",
    "pk": 30,
    "fields": {
      "name": "Linda Carlson",
      "price": 29.0,
      "color": "PowderBlue",
      "image": "https://placekitten.com/567/629"
    }
  },
  {
    "model": "purchase.product",
    "pk": 31,
    "fields": {
      "name": "Brianna Payne",
      "price": 32.0,
      "color": "SpringGreen",
      "image": "https://dummyimage.com/392x496"
    }
  },
  {
    "model": "purchase.product",
    "pk": 32,
    "fields": {
      "name": "Colton Cook",
      "price": 57.0,
      "color": "DarkTurquoise",
      "image": "https://dummyimage.com/318x527"
    }
  },
  {
    "model": "purchase.product",
    "pk": 33,
    "fields": {
      "name": "Laura Allen",
      "price": 64.0,
      "color": "DarkGray",
      "image": "https://picsum.photos/634/739"
    }
  },
  {
    "model": "purchase.product",
    "pk": 34,
    "fields": {
      "name": "Timothy Howard",
      "price": 76.0,
      "color": "GreenYellow",
      "image": "https://picsum.photos/806/180"
    }
  },
  {
    "model": "purchase.product",
    "pk": 35,
    "fields": {
      "name": "Maria Martin",
      "price": 34.0,
      "color": "BlueViolet",
      "image": "https://dummyimage.com/634x660"
    }
  },
  {
    "model": "purchase.product",
    "pk": 36,
    "fields": {
      "name": "Brenda Curry",
      "price": 87.0,
      "color": "SeaGreen",
      "image": "https://placekitten.com/349/857"
    }
  },
  {
    "model": "purchase.product",
    "pk": 37,
    "fields": {
      "name": "Rodney Berry",
      "price": 55.0,
      "color": "GreenYellow",
      "image": "https://placekitten.com/82/264"
    }
  },
  {
    "model": "purchase.product",
    "pk": 38,
    "fields": {
      "name": "Dr. Gary Johnson",
      "price": 67.0,
      "color": "Pink",
      "image": "https://placekitten.com/742/533"
    }
  },
  {
    "model": "purchase.product",
    "pk": 39,
    "fields": {
      "name": "William Moore",
      "price": 52.0,
      "color": "Gray",
      "image": "https://picsum.photos/164/605"
    }
  },
  {
    "model": "purchase.product",
    "pk": 40,
    "fields": {
      "name": "Dennis Miller",
      "price": 3.0,
      "color": "Brown",
      "image": "https://picsum.photos/884/196"
    }
  },
  {
    "model": "purchase.product",
    "pk": 41,
    "fields": {
      "name": "Rachel Rivera",
      "price": 26.0,
      "color": "DarkOrchid",
      "image": "https://dummyimage.com/900x674"
    }
  },
  {
    "model": "purchase.product",
    "pk": 42,
    "fields": {
      "name": "Mrs. Dawn Murphy",
      "price": 82.0,
      "color": "BlanchedAlmond",
      "image": "https://placekitten.com/765/198"
    }
  },
  {
    "model": "purchase.product",
    "pk": 43,
    "fields": {
      "name": "Christian Mcintosh",
      "price": 86.0,
      "color": "MistyRose",
      "image": "https://dummyimage.com/185x437"
    }
  },
  {
    "model": "purchase.product",
    "pk": 44,
    "fields": {
      "name": "Amy Guerrero",
      "price": 14.0,
      "color": "Purple",
      "image": "https://placeimg.com/78/805/any"
    }
  },
  {
    "model": "purchase.product",
    "pk": 45,
    "fields": {
      "name": "Jennifer Montes",
      "price": 34.0,
      "color": "Purple",
      "image": "https://placekitten.com/790/809"
    }
  },
  {
    "model": "purchase.product",
    "pk": 46,
    "fields": {
      "name": "Cynthia Monroe",
      "price": 78.0,
      "color": "HoneyDew",
      "image": "https://placeimg.com/590/315/any"
    }
  },
  {
    "model": "purchase.product",
    "pk": 47,
    "fields": {
      "name": "Jared Rivera",
      "price": 71.0,
      "color": "MintCream",
      "image": "https://picsum.photos/800/551"
    }
  },
  {
    "model": "purchase.product",
    "pk": 48,
    "fields": {
      "name": "Shelley Lee",
      "price": 46.0,
      "color": "DarkSeaGreen",
      "image": "https://dummyimage.com/439x235"
    }
  },
  {
    "model": "purchase.product",
    "pk": 49,
    "fields": {
      "name": "Angela Hodges",
      "price": 56.0,
      "color": "DeepSkyBlue",
      "image": "https://placeimg.com/1006/34/any"
    }
  },
  {
    "model": "purchase.product",
    "pk": 50,
    "fields": {
      "name": "Mary Martinez",
      "price": 58.0,
      "color": "DarkViolet",
      "image": "https://picsum.photos/219/116"
    }
  },
  {
    "model": "purchase.product",
    "pk": 51,
    "fields": {
      "name": "Pamela Garcia",
      "price": 20.0,
      "color": "SteelBlue",
      "image": "https://placekitten.com/842/263"
    }
  },
  {
    "model": "purchase.product",
    "pk": 52,
    "fields": {
      "name": "John Young",
      "price": 2.0,
      "color": "DeepSkyBlue",
      "image": "https://placeimg.com/584/558/any"
    }
  },
  {
    "model": "purchase.product",
    "pk": 53,
    "fields": {
      "name": "Julia Hammond",
      "price": 3.0,
      "color": "Tan",
      "image": "https://picsum.photos/686/97"
    }
  },
  {
    "model": "purchase.product",
    "pk": 54,
    "fields": {
      "name": "Alexander Ryan",
      "price": 95.0,
      "color": "Salmon",
      "image": "https://dummyimage.com/510x556"
    }
  },
  {
    "model": "purchase.product",
    "pk": 55,
    "fields": {
      "name": "Nicole Gomez",
      "price": 61.0,
      "color": "LightSalmon",
      "image": "https://placeimg.com/499/713/any"
    }
  },
  {
    "model": "purchase.category",
    "pk": 1,
    "fields": {
      "name": "Anything lot guess.",
      "description": "People can hot student add. Author game into hold sense subject.\nPublic address career reason continue season. Wish speak director. Beat player discuss across.",
      "products": []
    }
  },
  {
    "model": "purchase.category",
    "pk": 2,
    "fields": {
      "name": "Moment strong.",
      "description": "Offer ok so push significant only. Base remain east once she against director.\nBorn government concern week view wish. No kid sense scientist. Available economy play bank color.",
      "products": []
    }
  },
  {
    "model": "purchase.category",
    "pk": 3,
    "fields": {
      "name": "Support really.",
      "description": "Build treat husband important others. Recognize these tough common away action.\nDifferent bill professor form trouble. Reality lawyer today show life. Size reality simply industry quality point.",
      "products": []
    }
  },
  {
    "model": "purchase.category",
    "pk": 4,
    "fields": {
      "name": "College second too.",
      "description": "Exist trouble office second support. Other matter staff heart evidence job environmental. Service get among several if floor reality.",
      "products": []
    }
  },
  {
    "model": "purchase.category",
    "pk": 5,
    "fields": {
      "name": "Nothing scientist.",
      "description": "Personal something production know family concern. Industry manager game more mention book money citizen. Your owner yes accept simply prepare. Network sister occur may.",
      "products": []
    }
  },
  {
    "model": "purchase.category",
    "pk": 6,
    "fields": {
      "name": "Property film.",
      "description": "People base small professional. Stuff able almost. Current middle hundred phone best. Before effect cold charge happen.\nChurch media lead book. Less mention door.",
      "products": []
    }
  },
  {
    "model": "purchase.category",
    "pk": 7,
    "fields": {
      "name": "From indeed.",
      "description": "Through audience crime Mrs religious drop. Summer development month perhaps when.\nChurch compare floor pretty exist. Provide role recent week natural interest.",
      "products": []
    }
  },
  {
    "model": "purchase.category",
    "pk": 8,
    "fields": {
      "name": "Whatever relate.",
      "description": "Environmental should player fall. Price newspaper return out wonder live others. Ready various history change public.",
      "products": []
    }
  },
  {
    "model": "purchase.category",
    "pk": 9,
    "fields": {
      "name": "Season follow.",
      "description": "Single fine skin pick see. Wrong involve high government already.",
      "products": []
    }
  },
  {
    "model": "purchase.category",
    "pk": 10,
    "fields": {
      "name": "Work member pretty.",
      "description": "Girl station language listen.\nAlone whatever value appear likely seek per music. Anything own board above subject.",
      "products": []
    }
  },
  {
    "model": "purchase.category",
    "pk": 11,
    "fields": {
      "name": "Why sport want cold.",
      "description": "Give central I.\nCard any partner particularly executive brother. Line anything by morning stop design pick.",
      "products": []
    }
  },
  {
    "model": "purchase.category",
    "pk": 12,
    "fields": {
      "name": "Response report.",
      "description": "Party bill this remember heavy hospital. Nothing point call firm black move fall. Beyond arm want ok.\nAlong ok well low loss great idea girl. Until rate pretty send stock little ability.",
      "products": []
    }
  },
  {
    "model": "purchase.category",
    "pk": 13,
    "fields": {
      "name": "Name religious.",
      "description": "Trip material painting some again. Although live or training drive.\nShow in a sign. Staff amount into shake hand career.\nPlay into able real success hope. Friend old study perform help.",
      "products": []
    }
  },
  {
    "model": "purchase.category",
    "pk": 14,
    "fields": {
      "name": "Hour very teach buy.",
      "description": "Expect everything table population. If population while.\nYet drug low third nice. Reduce else difference top leave economic. Not per event much. High real development room seek.",
      "products": []
    }
  },
  {
    "model": "purchase.category",
    "pk": 15,
    "fields": {
      "name": "Reduce instead team.",
      "description": "Investment push statement base. Drop civil friend easy. Recognize sister news happen.\r\nBelieve trouble eye. Begin happy ago field.",
      "products": [4, 5, 6, 7, 8]
    }
  },
  {
    "model": "purchase.category",
    "pk": 16,
    "fields": {
      "name": "Barry Griffin",
      "description": "Pass since you candidate role feel.",
      "products": []
    }
  },
  {
    "model": "purchase.category",
    "pk": 17,
    "fields": {
      "name": "James Cooper",
      "description": "Despite writer TV gas rest different prevent.",
      "products": []
    }
  },
  {
    "model": "purchase.category",
    "pk": 18,
    "fields": {
      "name": "Teresa Alvarez",
      "description": "Throughout reduce in left break.",
      "products": []
    }
  },
  {
    "model": "purchase.category",
    "pk": 19,
    "fields": {
      "name": "Ronald Tate",
      "description": "Air particularly piece machine consumer her mouth.",
      "products": []
    }
  },
  {
    "model": "purchase.category",
    "pk": 20,
    "fields": {
      "name": "Katrina Perkins",
      "description": "Interest at none arm cost although.",
      "products": []
    }
  },
  {
    "model": "purchase.category",
    "pk": 21,
    "fields": {
      "name": "Robin Miller MD",
      "description": "Join because worker although head prove.",
      "products": []
    }
  },
  {
    "model": "purchase.category",
    "pk": 22,
    "fields": {
      "name": "Mary Jackson",
      "description": "Boy Congress letter guy which.",
      "products": []
    }
  },
  {
    "model": "purchase.category",
    "pk": 23,
    "fields": {
      "name": "Brady Ford",
      "description": "Body teacher last accept month relate.",
      "products": []
    }
  },
  {
    "model": "purchase.category",
    "pk": 24,
    "fields": {
      "name": "John Warren",
      "description": "Remain somebody hand who set.",
      "products": []
    }
  },
  {
    "model": "purchase.category",
    "pk": 25,
    "fields": {
      "name": "Shawna Scott",
      "description": "Kind option relationship political support pick food.",
      "products": []
    }
  },
  {
    "model": "purchase.category",
    "pk": 26,
    "fields": {
      "name": "Mary Ho",
      "description": "Law sell manager.",
      "products": [22]
    }
  },
  {
    "model": "purchase.category",
    "pk": 27,
    "fields": {
      "name": "Bobby Morris",
      "description": "Miss weight second leader design character scientist.",
      "products": [24, 27, 31, 34]
    }
  },
  {
    "model": "purchase.category",
    "pk": 28,
    "fields": {
      "name": "Jeffrey Snyder",
      "description": "Thought energy room line themselves ok parent.",
      "products": [17, 26, 29]
    }
  },
  {
    "model": "purchase.category",
    "pk": 29,
    "fields": {
      "name": "Lisa Stanley",
      "description": "Kind outside include near begin.",
      "products": [17, 26, 29]
    }
  },
  {
    "model": "purchase.category",
    "pk": 30,
    "fields": {
      "name": "Darrell Rios",
      "description": "Phone answer lay authority computer billion.",
      "products": [26]
    }
  },
  {
    "model": "purchase.category",
    "pk": 31,
    "fields": {
      "name": "Matthew Hernandez",
      "description": "Agency at part thousand.",
      "products": [28, 34]
    }
  },
  {
    "model": "purchase.category",
    "pk": 32,
    "fields": {
      "name": "Michele Ho",
      "description": "Firm authority determine president yard she parent.",
      "products": [17, 18, 19, 25]
    }
  },
  {
    "model": "purchase.category",
    "pk": 33,
    "fields": {
      "name": "Wanda Schaefer",
      "description": "But edge teach point improve century public consider.",
      "products": [20, 21, 25, 28]
    }
  },
  {
    "model": "purchase.category",
    "pk": 34,
    "fields": {
      "name": "Sean Lewis",
      "description": "Officer central significant what.",
      "products": [18, 29, 32, 35]
    }
  },
  {
    "model": "purchase.category",
    "pk": 35,
    "fields": {
      "name": "Daniel Rogers",
      "description": "Drive memory live national.",
      "products": [18, 33, 21, 30, 27]
    }
  },
  {
    "model": "purchase.category",
    "pk": 36,
    "fields": {
      "name": "Linda Mccarthy",
      "description": "Raise deal clearly summer fund soldier.",
      "products": [37, 39, 41]
    }
  },
  {
    "model": "purchase.category",
    "pk": 37,
    "fields": {
      "name": "Gina Carroll",
      "description": "Significant finish what air toward per work national.",
      "products": [37, 42, 51]
    }
  },
  {
    "model": "purchase.category",
    "pk": 38,
    "fields": {
      "name": "James Williams DDS",
      "description": "Player herself result idea like bring.",
      "products": [41, 52, 54]
    }
  },
  {
    "model": "purchase.category",
    "pk": 39,
    "fields": {
      "name": "Olivia Walsh",
      "description": "She sing fish.",
      "products": [44, 51, 41, 38, 37]
    }
  },
  {
    "model": "purchase.category",
    "pk": 40,
    "fields": {
      "name": "Tina Kennedy",
      "description": "Important business can none position.",
      "products": [53, 49]
    }
  },
  {
    "model": "purchase.category",
    "pk": 41,
    "fields": {
      "name": "Melissa Brown",
      "description": "Parent east arm sister.",
      "products": [36, 47]
    }
  },
  {
    "model": "purchase.category",
    "pk": 42,
    "fields": {
      "name": "Joseph Spencer",
      "description": "Child individual allow fact similar bit if box.",
      "products": [43, 44]
    }
  },
  {
    "model": "purchase.category",
    "pk": 43,
    "fields": {
      "name": "Douglas Thomas",
      "description": "Chance beautiful until speech within institution number.",
      "products": [39, 40, 47, 55]
    }
  },
  {
    "model": "purchase.category",
    "pk": 44,
    "fields": {
      "name": "Wendy Allen",
      "description": "Sister population town hold red good positive.",
      "products": [38, 46, 53]
    }
  },
  {
    "model": "purchase.category",
    "pk": 45,
    "fields": {
      "name": "Sean Flores",
      "description": "Movement common on keep whose open may.",
      "products": [38, 43]
    }
  },
  {
    "model": "purchase.purchase",
    "pk": 4,
    "fields": {
      "buyer": 43,
      "payed": true,
      "created": "2022-10-21T09:10:58.157Z",
      "orders": [3, 4, 5, 6]
    }
  },
  {
    "model": "purchase.purchase",
    "pk": 37,
    "fields": {
      "buyer": 40,
      "payed": true,
      "created": "2022-10-21T09:13:35.272Z",
      "orders": [1, 2, 3, 4, 5, 6, 7, 8]
    }
  },
  {
    "model": "purchase.purchase",
    "pk": 38,
    "fields": {
      "buyer": 33,
      "payed": true,
      "created": "2022-10-21T10:41:07.895Z",
      "orders": [3, 4, 5]
    }
  },
  {
    "model": "purchase.order",
    "pk": 1,
    "fields": { "product": 3, "quantity": 7 }
  },
  {
    "model": "purchase.order",
    "pk": 2,
    "fields": { "product": 4, "quantity": 432 }
  },
  {
    "model": "purchase.order",
    "pk": 3,
    "fields": { "product": 7, "quantity": 11 }
  },
  {
    "model": "purchase.order",
    "pk": 4,
    "fields": { "product": 15, "quantity": 13 }
  },
  {
    "model": "purchase.order",
    "pk": 5,
    "fields": { "product": 10, "quantity": 19 }
  },
  {
    "model": "purchase.order",
    "pk": 6,
    "fields": { "product": 4, "quantity": 18 }
  },
  {
    "model": "purchase.order",
    "pk": 7,
    "fields": { "product": 12, "quantity": 15 }
  },
  {
    "model": "purchase.order",
    "pk": 8,
    "fields": { "product": 6, "quantity": 3 }
  },
  {
    "model": "purchase.order",
    "pk": 9,
    "fields": { "product": 6, "quantity": 2 }
  },
  {
    "model": "purchase.order",
    "pk": 10,
    "fields": { "product": 2, "quantity": 15 }
  },
  {
    "model": "purchase.order",
    "pk": 11,
    "fields": { "product": 8, "quantity": 5 }
  },
  {
    "model": "purchase.order",
    "pk": 12,
    "fields": { "product": 7, "quantity": 15 }
  },
  {
    "model": "purchase.order",
    "pk": 13,
    "fields": { "product": 12, "quantity": 13 }
  },
  {
    "model": "purchase.order",
    "pk": 14,
    "fields": { "product": 10, "quantity": 20 }
  },
  {
    "model": "purchase.order",
    "pk": 15,
    "fields": { "product": 8, "quantity": 1 }
  },
  {
    "model": "purchase.order",
    "pk": 16,
    "fields": { "product": 4, "quantity": 15 }
  },
  {
    "model": "purchase.order",
    "pk": 17,
    "fields": { "product": 12, "quantity": 20 }
  },
  {
    "model": "purchase.order",
    "pk": 18,
    "fields": { "product": 11, "quantity": 19 }
  },
  {
    "model": "purchase.order",
    "pk": 19,
    "fields": { "product": 6, "quantity": 6 }
  },
  {
    "model": "purchase.order",
    "pk": 20,
    "fields": { "product": 3, "quantity": 6 }
  },
  {
    "model": "purchase.order",
    "pk": 21,
    "fields": { "product": 5, "quantity": 12 }
  },
  {
    "model": "purchase.order",
    "pk": 22,
    "fields": { "product": 11, "quantity": 8 }
  },
  {
    "model": "purchase.order",
    "pk": 23,
    "fields": { "product": 15, "quantity": 17 }
  },
  {
    "model": "purchase.order",
    "pk": 24,
    "fields": { "product": 5, "quantity": 17 }
  },
  {
    "model": "purchase.order",
    "pk": 25,
    "fields": { "product": 8, "quantity": 15 }
  },
  {
    "model": "purchase.order",
    "pk": 26,
    "fields": { "product": 23, "quantity": 19 }
  },
  {
    "model": "purchase.report",
    "pk": 1,
    "fields": {
      "date": "2022-10-20T00:00:00Z",
      "personel": 47,
      "action": "Open",
      "total_cash": 200.0,
      "flow_meter1": 188,
      "flow_meter2": 200,
      "comment": ""
    }
  },
  {
    "model": "purchase.report",
    "pk": 2,
    "fields": {
      "date": "2012-11-09T00:00:00Z",
      "personel": 57,
      "action": "up",
      "total_cash": 0.571107282910237,
      "flow_meter1": -29621,
      "flow_meter2": -2691,
      "comment": "Old interesting huge politics. Alone wait onto. Door term manage film around security newspaper. Return would enjoy administration page hair floor."
    }
  },
  {
    "model": "purchase.report",
    "pk": 3,
    "fields": {
      "date": "2012-10-25T00:00:00Z",
      "personel": 56,
      "action": "human",
      "total_cash": 0.6207368002154366,
      "flow_meter1": 23177,
      "flow_meter2": 28637,
      "comment": "It minute billion including. Material collection thing heart let involve.\nJoin successful too. Few me century trouble remember whom interesting center. Several short you right meeting benefit."
    }
  },
  {
    "model": "purchase.report",
    "pk": 4,
    "fields": {
      "date": "2016-09-24T00:00:00Z",
      "personel": 51,
      "action": "guy",
      "total_cash": 0.414759458019897,
      "flow_meter1": -31631,
      "flow_meter2": -22377,
      "comment": "Easy heavy size office away find. Inside gas back wait call.\nBefore environmental half both send past shoulder. Dream everybody past image put increase. Training offer source family box role."
    }
  },
  {
    "model": "purchase.report",
    "pk": 5,
    "fields": {
      "date": "2022-05-03T00:00:00Z",
      "personel": 55,
      "action": "step",
      "total_cash": 0.5940600847556843,
      "flow_meter1": -26380,
      "flow_meter2": 12111,
      "comment": "Final soldier whole. Near character name management property. Product without police.\nMember range program reveal. View control school give care. Including side hold miss road customer."
    }
  },
  {
    "model": "purchase.report",
    "pk": 6,
    "fields": {
      "date": "1997-02-28T00:00:00Z",
      "personel": 55,
      "action": "agency",
      "total_cash": 0.6808975889206464,
      "flow_meter1": 23286,
      "flow_meter2": -16261,
      "comment": "Ask reduce someone interesting argue Mrs. Happy simple character five dog site news.\nYoung consider develop might. Myself attorney tree think already news information."
    }
  },
  {
    "model": "purchase.report",
    "pk": 7,
    "fields": {
      "date": "2001-02-14T00:00:00Z",
      "personel": 59,
      "action": "glass",
      "total_cash": 0.10599453663810321,
      "flow_meter1": 28655,
      "flow_meter2": -9801,
      "comment": "Create idea practice trade or Democrat purpose there. Senior concern west tree choice matter.\nGet along here exactly every first turn. Southern later source."
    }
  },
  {
    "model": "purchase.report",
    "pk": 8,
    "fields": {
      "date": "1976-08-03T00:00:00Z",
      "personel": 51,
      "action": "fear",
      "total_cash": 0.9212483942937763,
      "flow_meter1": 28687,
      "flow_meter2": 1540,
      "comment": "Blood radio scene little determine fly.\nSport compare mention free but. Wish song imagine live beyond remember number."
    }
  },
  {
    "model": "purchase.report",
    "pk": 9,
    "fields": {
      "date": "1979-02-19T00:00:00Z",
      "personel": 55,
      "action": "instead",
      "total_cash": 0.6329717910210797,
      "flow_meter1": 24570,
      "flow_meter2": -16230,
      "comment": "Black board maintain interview you gas deep. Conference trial final model difficult. Machine enjoy floor explain. Clear bring past."
    }
  },
  {
    "model": "purchase.report",
    "pk": 10,
    "fields": {
      "date": "1973-11-22T00:00:00Z",
      "personel": 53,
      "action": "class",
      "total_cash": 0.8597767484659754,
      "flow_meter1": -26975,
      "flow_meter2": -947,
      "comment": "Necessary according drug. Away speak real sort back rich. Consider through miss it however two peace product.\nCareer spend allow training make plant color. That knowledge loss tree field."
    }
  },
  {
    "model": "purchase.report",
    "pk": 11,
    "fields": {
      "date": "2021-10-23T00:00:00Z",
      "personel": 52,
      "action": "standard",
      "total_cash": 0.29581401069334146,
      "flow_meter1": 21163,
      "flow_meter2": -20047,
      "comment": "Avoid however talk job total. Much garden glass economic two eye. Catch goal right free anyone."
    }
  },
  {
    "model": "purchase.report",
    "pk": 12,
    "fields": {
      "date": "1977-03-27T00:00:00Z",
      "personel": 60,
      "action": "education",
      "total_cash": 0.6559474945214012,
      "flow_meter1": -27965,
      "flow_meter2": 5363,
      "comment": "Idea above management her specific fly fly.\nDevelop catch radio including PM stop build. Place believe line easy. Military rate claim."
    }
  },
  {
    "model": "purchase.report",
    "pk": 13,
    "fields": {
      "date": "1978-02-06T00:00:00Z",
      "personel": 48,
      "action": "catch",
      "total_cash": 0.9208797458784016,
      "flow_meter1": 11969,
      "flow_meter2": 28081,
      "comment": "Pass different assume day interesting community let today. Wait center high floor drive his."
    }
  },
  {
    "model": "purchase.report",
    "pk": 14,
    "fields": {
      "date": "2020-11-26T00:00:00Z",
      "personel": 49,
      "action": "way",
      "total_cash": 0.7440974939034912,
      "flow_meter1": 14850,
      "flow_meter2": 12639,
      "comment": "Land light body several who. Science attention skill alone yeah.\nCase people college. Course matter for fund talk."
    }
  },
  {
    "model": "purchase.report",
    "pk": 15,
    "fields": {
      "date": "1999-12-30T00:00:00Z",
      "personel": 59,
      "action": "boy",
      "total_cash": 0.7660248624999152,
      "flow_meter1": -26209,
      "flow_meter2": 17693,
      "comment": "No rate glass model generation total.\nThus whatever series. Each politics middle kitchen."
    }
  },
  {
    "model": "purchase.report",
    "pk": 16,
    "fields": {
      "date": "1970-07-30T00:00:00Z",
      "personel": 57,
      "action": "entire",
      "total_cash": 0.8432614108479485,
      "flow_meter1": 16546,
      "flow_meter2": 1433,
      "comment": "East especially above degree mouth door none reveal. Base news type parent indeed look ready. Notice early because lose student."
    }
  },
  {
    "model": "purchase.report",
    "pk": 17,
    "fields": {
      "date": "1978-08-15T00:00:00Z",
      "personel": 50,
      "action": "health",
      "total_cash": 0.5127862038790986,
      "flow_meter1": 32428,
      "flow_meter2": -17861,
      "comment": "Member entire memory enjoy thank sea. Material stay establish they data relationship. Institution she quickly this.\nReason explain draw economy arm. Food leader rock."
    }
  },
  {
    "model": "purchase.report",
    "pk": 18,
    "fields": {
      "date": "1999-05-20T00:00:00Z",
      "personel": 50,
      "action": "reach",
      "total_cash": 0.6578364661036568,
      "flow_meter1": 19719,
      "flow_meter2": 4486,
      "comment": "Enter major and black you upon join.\nChange news why reality. Can leader with quickly.\nDream physical clearly life sister strong. Throw bag must toward safe can brother. Amount song suggest past."
    }
  },
  {
    "model": "purchase.report",
    "pk": 19,
    "fields": {
      "date": "2012-12-23T00:00:00Z",
      "personel": 60,
      "action": "job",
      "total_cash": 0.06992248893972564,
      "flow_meter1": 30210,
      "flow_meter2": -14924,
      "comment": "Behind finally store language again open vote. Fear star difference rule staff.\nEconomic later discussion store debate alone. Quality because cost challenge government unit."
    }
  },
  {
    "model": "purchase.report",
    "pk": 20,
    "fields": {
      "date": "1994-12-21T00:00:00Z",
      "personel": 56,
      "action": "system",
      "total_cash": 0.13125636493936133,
      "flow_meter1": 11730,
      "flow_meter2": -5477,
      "comment": "Truth by sing show more live. Hot drop table purpose. Live interview upon animal help cold."
    }
  },
  {
    "model": "purchase.report",
    "pk": 21,
    "fields": {
      "date": "2015-01-22T00:00:00Z",
      "personel": 57,
      "action": "Close",
      "total_cash": 0.2873550959341773,
      "flow_meter1": -32520,
      "flow_meter2": -5115,
      "comment": "East game main. Board think nothing professor without yeah building mean."
    }
  },
  {
    "model": "purchase.report",
    "pk": 22,
    "fields": {
      "date": "2001-05-27T00:00:00Z",
      "personel": 62,
      "action": "Close",
      "total_cash": 0.004620498340643153,
      "flow_meter1": -30073,
      "flow_meter2": -23891,
      "comment": "Nation usually here positive. Improve three past mother hospital.\nEnd cut kind wall. Single short part piece home. Who if movie six work least."
    }
  },
  {
    "model": "purchase.report",
    "pk": 23,
    "fields": {
      "date": "2017-04-07T00:00:00Z",
      "personel": 50,
      "action": "Close",
      "total_cash": 0.2926069118973418,
      "flow_meter1": 12886,
      "flow_meter2": -28881,
      "comment": "Truth pick bed compare ahead reach pass. Oil first area.\nWin four anyone ask draw site. Over film power authority condition there. May while if travel different."
    }
  },
  {
    "model": "purchase.report",
    "pk": 24,
    "fields": {
      "date": "1987-02-27T00:00:00Z",
      "personel": 50,
      "action": "Close",
      "total_cash": 0.5409702256813406,
      "flow_meter1": -21207,
      "flow_meter2": 26502,
      "comment": "Change nor join party. Girl short you. Let develop defense will stage answer.\nCongress born fly finish until myself thing since. Success room nearly story market number. Put quality city town what."
    }
  },
  {
    "model": "purchase.report",
    "pk": 25,
    "fields": {
      "date": "2001-06-07T00:00:00Z",
      "personel": 51,
      "action": "Close",
      "total_cash": 0.23591166221710025,
      "flow_meter1": -11182,
      "flow_meter2": 30566,
      "comment": "Agree entire wide here eight especially safe. Indeed almost condition. Light investment administration north."
    }
  },
  {
    "model": "purchase.report",
    "pk": 26,
    "fields": {
      "date": "1974-08-01T00:00:00Z",
      "personel": 52,
      "action": "Close",
      "total_cash": 0.5604442813827897,
      "flow_meter1": 20667,
      "flow_meter2": 3892,
      "comment": "Appear drug writer exist eat. Attention far who quite main area.\nCreate woman task entire gun. Up before according some realize at. Choose practice network hospital admit can seek."
    }
  },
  {
    "model": "purchase.report",
    "pk": 27,
    "fields": {
      "date": "2021-06-01T00:00:00Z",
      "personel": 57,
      "action": "Close",
      "total_cash": 0.03379853872610972,
      "flow_meter1": 11231,
      "flow_meter2": 10711,
      "comment": "Drop physical management economy ok. When drop find court play kitchen event. Attorney out stop pass radio within feel."
    }
  },
  {
    "model": "purchase.report",
    "pk": 28,
    "fields": {
      "date": "1985-06-14T00:00:00Z",
      "personel": 53,
      "action": "Close",
      "total_cash": 0.7620828593406498,
      "flow_meter1": -28388,
      "flow_meter2": 20408,
      "comment": "Heavy some evidence him item.\nPartner country able total. Face yes effect where per travel. Three cut try end hard rich."
    }
  },
  {
    "model": "purchase.report",
    "pk": 29,
    "fields": {
      "date": "1995-03-11T00:00:00Z",
      "personel": 54,
      "action": "Close",
      "total_cash": 0.5896149052547665,
      "flow_meter1": 25760,
      "flow_meter2": 28116,
      "comment": "Street perhaps me even source garden go. Rise difference foreign organization history top.\nContain action compare safe half attention gun month. Wear though task."
    }
  },
  {
    "model": "purchase.report",
    "pk": 30,
    "fields": {
      "date": "2006-02-14T00:00:00Z",
      "personel": 52,
      "action": "Close",
      "total_cash": 0.6951164111361732,
      "flow_meter1": -17124,
      "flow_meter2": 20761,
      "comment": "Kitchen response end lot beautiful begin enough.\nCatch with laugh society floor. Entire image performance issue garden. Wrong wear network line positive off spring."
    }
  },
  {
    "model": "purchase.report",
    "pk": 31,
    "fields": {
      "date": "2004-02-02T00:00:00Z",
      "personel": 61,
      "action": "Close",
      "total_cash": 0.5539955882176131,
      "flow_meter1": -5377,
      "flow_meter2": -10284,
      "comment": "Concern so way. Much matter send business street democratic.\nSee down eat nothing cell really. Indicate from friend treatment for work moment."
    }
  },
  {
    "model": "purchase.report",
    "pk": 32,
    "fields": {
      "date": "1977-08-21T00:00:00Z",
      "personel": 61,
      "action": "Close",
      "total_cash": 0.7391530531572642,
      "flow_meter1": -19093,
      "flow_meter2": -4730,
      "comment": "Finish form pressure address mother animal less. Clear stage public small. Information inside work trouble either can."
    }
  },
  {
    "model": "purchase.report",
    "pk": 33,
    "fields": {
      "date": "2015-08-15T00:00:00Z",
      "personel": 48,
      "action": "Close",
      "total_cash": 0.01409442593730914,
      "flow_meter1": 2143,
      "flow_meter2": -13614,
      "comment": "Value sister it Republican grow south. Test most order guy receive hard become.\nFight result middle never body value."
    }
  },
  {
    "model": "purchase.report",
    "pk": 34,
    "fields": {
      "date": "1972-01-02T00:00:00Z",
      "personel": 53,
      "action": "Open",
      "total_cash": 0.7617989439587796,
      "flow_meter1": -31102,
      "flow_meter2": 16832,
      "comment": "High after manager society.\nIndeed sister nor certainly drop.\nEasy read nation. Eye word certainly candidate.\nVoice month industry or make report issue. Bank research media from professor until air."
    }
  },
  {
    "model": "purchase.report",
    "pk": 35,
    "fields": {
      "date": "1996-10-23T00:00:00Z",
      "personel": 60,
      "action": "Open",
      "total_cash": 0.8410338850983625,
      "flow_meter1": 9261,
      "flow_meter2": -27669,
      "comment": "North expect finish adult. Tend simply Republican religious computer have. Foreign rise practice federal provide oil able. Usually south visit I material here."
    }
  },
  {
    "model": "purchase.report",
    "pk": 36,
    "fields": {
      "date": "2003-07-07T00:00:00Z",
      "personel": 55,
      "action": "Open",
      "total_cash": 0.056672992180440085,
      "flow_meter1": -23752,
      "flow_meter2": 24680,
      "comment": "Common society language without half task social. Side week authority rock finally argue window."
    }
  },
  {
    "model": "purchase.report",
    "pk": 37,
    "fields": {
      "date": "2017-05-10T00:00:00Z",
      "personel": 62,
      "action": "Open",
      "total_cash": 0.5491752451248246,
      "flow_meter1": 17387,
      "flow_meter2": 28074,
      "comment": "Peace probably area image. Many somebody particularly bit husband. Total serious everything Democrat score."
    }
  },
  {
    "model": "purchase.report",
    "pk": 38,
    "fields": {
      "date": "1988-06-26T00:00:00Z",
      "personel": 58,
      "action": "Open",
      "total_cash": 0.6898128016857433,
      "flow_meter1": 7970,
      "flow_meter2": -25344,
      "comment": "Listen week environment while allow. Mission various discussion camera cold true arrive."
    }
  },
  {
    "model": "purchase.report",
    "pk": 39,
    "fields": {
      "date": "1981-05-14T00:00:00Z",
      "personel": 57,
      "action": "Open",
      "total_cash": 0.7431809842388761,
      "flow_meter1": -8761,
      "flow_meter2": -11738,
      "comment": "Entire stand control statement who. Area concern industry practice energy although worker. They staff whatever strong ever."
    }
  },
  {
    "model": "purchase.report",
    "pk": 40,
    "fields": {
      "date": "1993-04-09T00:00:00Z",
      "personel": 53,
      "action": "Open",
      "total_cash": 0.9117638264845941,
      "flow_meter1": 21113,
      "flow_meter2": 23294,
      "comment": "World book employee word.\r\nDay keep participant Democrat course blood. Our measure really before bit bag."
    }
  },
  {
    "model": "purchase.report",
    "pk": 41,
    "fields": {
      "date": "1991-03-13T00:00:00Z",
      "personel": 50,
      "action": "Open",
      "total_cash": 0.502552061724225,
      "flow_meter1": -14402,
      "flow_meter2": -5525,
      "comment": "Student region word country seat pass. Question police son trouble front. Financial identify room girl thing."
    }
  },
  {
    "model": "purchase.report",
    "pk": 42,
    "fields": {
      "date": "2022-10-21T09:15:00.683Z",
      "personel": 47,
      "action": "Close",
      "total_cash": 3000.0,
      "flow_meter1": 23,
      "flow_meter2": 32,
      "comment": ""
    }
  },
  {
    "model": "purchase.report",
    "pk": 43,
    "fields": {
      "date": "2022-10-21T09:15:25.515Z",
      "personel": 47,
      "action": "Open",
      "total_cash": 5000.0,
      "flow_meter1": 32123,
      "flow_meter2": 3232,
      "comment": ""
    }
  },
  {
    "model": "purchase.report",
    "pk": 44,
    "fields": {
      "date": "1977-05-29T22:00:00Z",
      "personel": 55,
      "action": "travel",
      "total_cash": 0.9375640721223985,
      "flow_meter1": 19740,
      "flow_meter2": 11907,
      "comment": "Poor sit director structure. Because situation most member.\nAlmost girl certain owner single. Late happen technology no animal. Management media prove popular information."
    }
  },
  {
    "model": "purchase.report",
    "pk": 45,
    "fields": {
      "date": "1993-07-29T22:00:00Z",
      "personel": 59,
      "action": "understand",
      "total_cash": 0.3210524442944236,
      "flow_meter1": 774,
      "flow_meter2": -26776,
      "comment": "Light officer system set. Address author threat finally popular keep. By walk star out unit various that road."
    }
  },
  {
    "model": "purchase.report",
    "pk": 46,
    "fields": {
      "date": "2006-10-15T22:00:00Z",
      "personel": 49,
      "action": "particularly",
      "total_cash": 0.7399414826495567,
      "flow_meter1": -28275,
      "flow_meter2": 2185,
      "comment": "Over window answer argue ground generation check especially. Central policy without age dog theory."
    }
  },
  {
    "model": "purchase.report",
    "pk": 47,
    "fields": {
      "date": "2018-08-19T22:00:00Z",
      "personel": 62,
      "action": "family",
      "total_cash": 0.8984010331560146,
      "flow_meter1": -24617,
      "flow_meter2": -3897,
      "comment": "Expert argue anything attention agreement. News method finally attack. Girl political however significant."
    }
  },
  {
    "model": "purchase.report",
    "pk": 48,
    "fields": {
      "date": "1995-07-16T22:00:00Z",
      "personel": 60,
      "action": "amount",
      "total_cash": 0.9751482159807239,
      "flow_meter1": -21037,
      "flow_meter2": -29865,
      "comment": "Too main talk price notice. Development send choose also hope finish top.\nHow during matter culture itself. Realize public happen raise. Place in open occur student especially clearly."
    }
  },
  {
    "model": "purchase.report",
    "pk": 49,
    "fields": {
      "date": "2008-01-09T23:00:00Z",
      "personel": 56,
      "action": "wall",
      "total_cash": 0.20195948499532235,
      "flow_meter1": -8940,
      "flow_meter2": -7879,
      "comment": "Court throughout a main where tax series agreement. Site produce reduce party note participant year unit.\nForm test ahead back item. Community information more cup tend teacher action tend."
    }
  },
  {
    "model": "purchase.report",
    "pk": 50,
    "fields": {
      "date": "1999-04-11T22:00:00Z",
      "personel": 55,
      "action": "consider",
      "total_cash": 0.42558664522212153,
      "flow_meter1": 14909,
      "flow_meter2": 5889,
      "comment": "Skin tonight list turn. Data bad different center move. Report plant live against professional. Safe education government significant whose audience.\nCity without fire film challenge artist."
    }
  },
  {
    "model": "purchase.report",
    "pk": 51,
    "fields": {
      "date": "2006-10-27T22:00:00Z",
      "personel": 60,
      "action": "top",
      "total_cash": 0.509559188914173,
      "flow_meter1": 16508,
      "flow_meter2": -13465,
      "comment": "Score cell method Congress television. Thought final morning worry official during treat act. Low build foreign foot strategy method those account."
    }
  },
  {
    "model": "purchase.report",
    "pk": 52,
    "fields": {
      "date": "2017-07-22T22:00:00Z",
      "personel": 58,
      "action": "lot",
      "total_cash": 0.22408979380263916,
      "flow_meter1": -16808,
      "flow_meter2": -8977,
      "comment": "Eight dog teacher opportunity wrong someone. Job attack phone call read check business.\nJob heavy order tonight. Suggest late office prepare look stock none myself.\nAt friend party show."
    }
  },
  {
    "model": "purchase.report",
    "pk": 53,
    "fields": {
      "date": "2008-05-23T22:00:00Z",
      "personel": 53,
      "action": "research",
      "total_cash": 0.9705438437408304,
      "flow_meter1": -18147,
      "flow_meter2": -13094,
      "comment": "Network even step summer particularly. Money energy staff yet. Government difference campaign pressure.\nTop door contain since pull. Kitchen tax message serve bill son."
    }
  },
  {
    "model": "purchase.report",
    "pk": 54,
    "fields": {
      "date": "2013-12-05T23:00:00Z",
      "personel": 51,
      "action": "for",
      "total_cash": 0.2309821136072845,
      "flow_meter1": -24275,
      "flow_meter2": -23372,
      "comment": "Despite coach company.\nEvery turn identify debate real. Simple camera PM.\nTurn statement opportunity include. Seem idea car.\nThough forward start. Car decide western field enough."
    }
  },
  {
    "model": "purchase.report",
    "pk": 55,
    "fields": {
      "date": "1971-07-03T23:00:00Z",
      "personel": 57,
      "action": "really",
      "total_cash": 0.8640148063656564,
      "flow_meter1": -32381,
      "flow_meter2": 31484,
      "comment": "Fly other decide mind board travel. Quickly bill leave floor.\nEnergy operation manager. Stage debate prepare form car despite."
    }
  },
  {
    "model": "purchase.report",
    "pk": 56,
    "fields": {
      "date": "2008-05-07T22:00:00Z",
      "personel": 48,
      "action": "type",
      "total_cash": 0.7716156825085144,
      "flow_meter1": -31107,
      "flow_meter2": -14535,
      "comment": "Officer minute often general almost. Vote accept from structure little but space."
    }
  },
  {
    "model": "purchase.report",
    "pk": 57,
    "fields": {
      "date": "1999-12-04T23:00:00Z",
      "personel": 49,
      "action": "owner",
      "total_cash": 0.8789173962416655,
      "flow_meter1": -30358,
      "flow_meter2": 6835,
      "comment": "Recently range section kitchen. Practice bed push.\nWind check and. Be star pattern class.\nWind main writer somebody. Number culture short such street clear stage.\nHot first idea."
    }
  },
  {
    "model": "purchase.report",
    "pk": 58,
    "fields": {
      "date": "1974-10-10T23:00:00Z",
      "personel": 55,
      "action": "seek",
      "total_cash": 0.8114336321944493,
      "flow_meter1": 21137,
      "flow_meter2": 15185,
      "comment": "Foot admit street certainly cup pressure. Fund nor again for. Cup business stand everyone term. Thus worry something nor four his factor.\nHospital might cut evidence exactly thank. Tv catch quite to."
    }
  },
  {
    "model": "purchase.report",
    "pk": 59,
    "fields": {
      "date": "2015-01-22T23:00:00Z",
      "personel": 48,
      "action": "activity",
      "total_cash": 0.6781113369097995,
      "flow_meter1": 11253,
      "flow_meter2": 28831,
      "comment": "Bar several effort weight. Human financial debate pressure work sound though.\nDemocratic people month impact over account figure. Deep guy choose spend expect PM would provide."
    }
  },
  {
    "model": "purchase.report",
    "pk": 60,
    "fields": {
      "date": "1979-12-02T23:00:00Z",
      "personel": 51,
      "action": "gas",
      "total_cash": 0.7483111469325539,
      "flow_meter1": 20300,
      "flow_meter2": -32671,
      "comment": "Wind later put suffer market since never try. Once unit mean person decision test more position. May simply threat time property raise.\nAnswer tough explain media hand player."
    }
  },
  {
    "model": "purchase.report",
    "pk": 61,
    "fields": {
      "date": "1986-04-20T22:00:00Z",
      "personel": 56,
      "action": "second",
      "total_cash": 0.4327866232909,
      "flow_meter1": 11313,
      "flow_meter2": 27086,
      "comment": "Above skin paper situation too area blue she. Letter write drug.\nRelationship represent wait truth. Newspaper away across model short student student yeah. Five draw media party example process show."
    }
  },
  {
    "model": "purchase.report",
    "pk": 62,
    "fields": {
      "date": "1999-06-01T22:00:00Z",
      "personel": 60,
      "action": "according",
      "total_cash": 0.7407402414370889,
      "flow_meter1": 26309,
      "flow_meter2": -23304,
      "comment": "Too every than. General responsibility cup read may prepare then.\nLaw discover relationship from these second catch reduce. Produce off particularly modern."
    }
  },
  {
    "model": "purchase.report",
    "pk": 63,
    "fields": {
      "date": "2005-06-19T22:00:00Z",
      "personel": 58,
      "action": "national",
      "total_cash": 0.7158352886436521,
      "flow_meter1": -31757,
      "flow_meter2": -7552,
      "comment": "All task smile modern rich education. Crime second government.\nLeast executive history material high media adult. Score dog find cup approach story government stock. Culture network analysis power."
    }
  },
  {
    "model": "purchase.report",
    "pk": 64,
    "fields": {
      "date": "1975-08-16T23:00:00Z",
      "personel": 57,
      "action": "discussion",
      "total_cash": 0.29010422063032626,
      "flow_meter1": 4842,
      "flow_meter2": -25630,
      "comment": "Court represent yard mouth mother before. Think reflect development bill book history."
    }
  },
  {
    "model": "purchase.report",
    "pk": 65,
    "fields": {
      "date": "1971-07-21T23:00:00Z",
      "personel": 58,
      "action": "remain",
      "total_cash": 0.02949286553113062,
      "flow_meter1": 230,
      "flow_meter2": 24604,
      "comment": "Environment democratic media nice.\nInteresting mention world billion enter clearly day. Again back indicate.\nRecent may conference property under. Election fact world provide."
    }
  },
  {
    "model": "purchase.report",
    "pk": 66,
    "fields": {
      "date": "2008-11-06T23:00:00Z",
      "personel": 48,
      "action": "know",
      "total_cash": 0.5993832351379619,
      "flow_meter1": 26059,
      "flow_meter2": -3246,
      "comment": "Hand tell play yeah respond fill. Court future best set store coach fire.\nYoung see deep series radio indeed. Usually owner maintain ground my partner."
    }
  },
  {
    "model": "purchase.report",
    "pk": 67,
    "fields": {
      "date": "1979-05-15T22:00:00Z",
      "personel": 56,
      "action": "outside",
      "total_cash": 0.3574186660804406,
      "flow_meter1": 26813,
      "flow_meter2": -24432,
      "comment": "Government hotel western. Character picture soldier blood kid thought professor. Party against page buy leave.\nEnough cell within wait. Build wall impact organization."
    }
  },
  {
    "model": "purchase.report",
    "pk": 68,
    "fields": {
      "date": "2004-04-11T22:00:00Z",
      "personel": 57,
      "action": "moment",
      "total_cash": 0.5996601431982719,
      "flow_meter1": 26663,
      "flow_meter2": 18732,
      "comment": "Boy sister month analysis wear capital. Bag century science no.\nFour first difference health gun present else. Individual out take hundred record deep remain. Physical race choice popular."
    }
  },
  {
    "model": "purchase.report",
    "pk": 69,
    "fields": {
      "date": "1987-03-11T23:00:00Z",
      "personel": 53,
      "action": "turn",
      "total_cash": 0.17577594577947497,
      "flow_meter1": -15728,
      "flow_meter2": 29427,
      "comment": "Star agent answer enough your claim.\nNice weight serve join. Admit pick feeling write thought spring court.\nGlass between series international.\nMan enjoy news character because if. Accept pull law."
    }
  },
  {
    "model": "purchase.report",
    "pk": 70,
    "fields": {
      "date": "1983-08-08T22:00:00Z",
      "personel": 62,
      "action": "mother",
      "total_cash": 0.9724703004108154,
      "flow_meter1": -20068,
      "flow_meter2": -18744,
      "comment": "Letter type suddenly unit finally scene. Choice growth ok resource blood none. Write pass order fall later win."
    }
  },
  {
    "model": "purchase.report",
    "pk": 71,
    "fields": {
      "date": "2018-07-29T22:00:00Z",
      "personel": 54,
      "action": "race",
      "total_cash": 0.08438862878608311,
      "flow_meter1": -23568,
      "flow_meter2": -31616,
      "comment": "Five win present finish.\nBook full decide reason style staff. With worker action simple meet newspaper offer. Under value kitchen fill among. Cell financial rest reduce choice mention debate."
    }
  },
  {
    "model": "purchase.report",
    "pk": 72,
    "fields": {
      "date": "2010-08-18T22:00:00Z",
      "personel": 60,
      "action": "recent",
      "total_cash": 0.6641981212921182,
      "flow_meter1": -12527,
      "flow_meter2": -1052,
      "comment": "Production enter account million.\nDiscover later range. Age actually conference west owner.\nAny fall role movie law begin cold. Interesting raise speak science herself. Fund up outside than."
    }
  },
  {
    "model": "purchase.report",
    "pk": 73,
    "fields": {
      "date": "1996-07-09T22:00:00Z",
      "personel": 62,
      "action": "natural",
      "total_cash": 0.8643882747404151,
      "flow_meter1": 2676,
      "flow_meter2": 31083,
      "comment": "Doctor watch news short. Very meet government only production manage.\nResearch small particular his. Pull pass western you. Coach worry store travel speak."
    }
  },
  {
    "model": "purchase.report",
    "pk": 74,
    "fields": {
      "date": "2014-01-17T23:00:00Z",
      "personel": 54,
      "action": "wide",
      "total_cash": 0.9824828621023038,
      "flow_meter1": -2227,
      "flow_meter2": -20505,
      "comment": "Draw across speech fish need century him. Lawyer poor sound red. Policy pick management poor deal. Drug defense clear evidence mention artist agree."
    }
  },
  {
    "model": "purchase.report",
    "pk": 75,
    "fields": {
      "date": "1979-11-17T23:00:00Z",
      "personel": 49,
      "action": "need",
      "total_cash": 0.877813304641534,
      "flow_meter1": -9494,
      "flow_meter2": -21248,
      "comment": "Officer hope discuss health. Poor agent maybe about improve rock player fire. Determine chance cold meet kid."
    }
  },
  {
    "model": "purchase.report",
    "pk": 76,
    "fields": {
      "date": "1994-08-08T22:00:00Z",
      "personel": 61,
      "action": "assume",
      "total_cash": 0.4647390565057484,
      "flow_meter1": 15492,
      "flow_meter2": -26926,
      "comment": "Occur could education. Interview every seek success four still production.\nSpecial end step type. Fact court thank difference rich leave particular total. Vote worker key spring second."
    }
  },
  {
    "model": "purchase.report",
    "pk": 77,
    "fields": {
      "date": "1988-09-28T23:00:00Z",
      "personel": 49,
      "action": "include",
      "total_cash": 0.44539898424370716,
      "flow_meter1": -22175,
      "flow_meter2": -12489,
      "comment": "Fill natural want family blue her choice. Health according worry ever memory year a. Court good house development get listen choice. Win think culture alone."
    }
  },
  {
    "model": "purchase.report",
    "pk": 78,
    "fields": {
      "date": "2012-05-13T22:00:00Z",
      "personel": 57,
      "action": "real",
      "total_cash": 0.49325843801863234,
      "flow_meter1": 244,
      "flow_meter2": 17659,
      "comment": "Trip center not individual. Doctor great you provide. Only see similar world.\nHere building own order wind condition drive. Rate both look offer employee both listen."
    }
  },
  {
    "model": "purchase.report",
    "pk": 79,
    "fields": {
      "date": "2014-08-28T22:00:00Z",
      "personel": 48,
      "action": "hair",
      "total_cash": 0.9183137614454772,
      "flow_meter1": 3326,
      "flow_meter2": -17362,
      "comment": "Speak size growth within. Yes finish seat impact girl decide consider. Seven million economic training. Its section discussion professor."
    }
  },
  {
    "model": "purchase.barcycle",
    "pk": 1,
    "fields": { "opening_report": 35, "closing_report": 33 }
  },
  {
    "model": "purchase.barcycle",
    "pk": 2,
    "fields": { "opening_report": 13, "closing_report": 10 }
  },
  {
    "model": "purchase.barcycle",
    "pk": 3,
    "fields": { "opening_report": 34, "closing_report": 41 }
  },
  {
    "model": "purchase.barcycle",
    "pk": 4,
    "fields": { "opening_report": 5, "closing_report": 42 }
  },
  {
    "model": "purchase.barcycle",
    "pk": 5,
    "fields": { "opening_report": 7, "closing_report": 19 }
  },
  {
    "model": "purchase.barcycle",
    "pk": 6,
    "fields": { "opening_report": 23, "closing_report": 35 }
  },
  {
    "model": "purchase.barcycle",
    "pk": 7,
    "fields": { "opening_report": 12, "closing_report": 31 }
  },
  {
    "model": "purchase.barcycle",
    "pk": 8,
    "fields": { "opening_report": 43, "closing_report": null }
  },
  {
    "model": "users.holder",
    "pk": 32,
    "fields": {
      "user": 18,
      "stand": 0.11944938475497457,
      "ledenbase_id": -24296,
      "image": "holder/user-default.jpg",
      "image_ledenbase": "Relationship change TV. Site economic event future attack product allow."
    }
  },
  {
    "model": "users.holder",
    "pk": 33,
    "fields": {
      "user": 10,
      "stand": 0.7392441503911884,
      "ledenbase_id": 25268,
      "image": "holder/user-default.jpg",
      "image_ledenbase": "Special impact physical board various dinner home. Near yes hundred."
    }
  },
  {
    "model": "users.holder",
    "pk": 34,
    "fields": {
      "user": 21,
      "stand": 0.04137844965721227,
      "ledenbase_id": -6806,
      "image": "holder/user-default.jpg",
      "image_ledenbase": "Door win study executive grow only letter."
    }
  },
  {
    "model": "users.holder",
    "pk": 35,
    "fields": {
      "user": 17,
      "stand": 3.69077169335488,
      "ledenbase_id": -14467,
      "image": "holder/user-default.jpg",
      "image_ledenbase": "Single quite else hope. Talk animal fall treat fund get reach prepare. Memory spend vote read."
    }
  },
  {
    "model": "users.holder",
    "pk": 36,
    "fields": {
      "user": 15,
      "stand": 0.11056485602839183,
      "ledenbase_id": -11725,
      "image": "holder/user-default.jpg",
      "image_ledenbase": "Couple respond think. Audience trip responsibility. Wonder sometimes reason hour food population."
    }
  },
  {
    "model": "users.holder",
    "pk": 37,
    "fields": {
      "user": 4,
      "stand": 0.5442594233183791,
      "ledenbase_id": 8036,
      "image": "holder/user-default.jpg",
      "image_ledenbase": "Phone speech where world."
    }
  },
  {
    "model": "users.holder",
    "pk": 38,
    "fields": {
      "user": 19,
      "stand": 0.6353852164162523,
      "ledenbase_id": 32020,
      "image": "holder/user-default.jpg",
      "image_ledenbase": "Discover old behavior church perform realize. Stop stop ok care none glass."
    }
  },
  {
    "model": "users.holder",
    "pk": 39,
    "fields": {
      "user": 5,
      "stand": 0.4276649495724766,
      "ledenbase_id": 16903,
      "image": "holder/user-default.jpg",
      "image_ledenbase": "From gun final. Everything level sell. Recent three government mean middle newspaper."
    }
  },
  {
    "model": "users.holder",
    "pk": 40,
    "fields": {
      "user": 24,
      "stand": 0.6275864034009051,
      "ledenbase_id": -3519,
      "image": "holder/user-default.jpg",
      "image_ledenbase": "Specific data history onto. Itself tax each follow stage."
    }
  },
  {
    "model": "users.holder",
    "pk": 41,
    "fields": {
      "user": 31,
      "stand": 0.21838662392768482,
      "ledenbase_id": -19082,
      "image": "holder/user-default.jpg",
      "image_ledenbase": "Choose action military at. Region have hair me. Wife key site lay second poor read."
    }
  },
  {
    "model": "users.holder",
    "pk": 42,
    "fields": {
      "user": 6,
      "stand": 0.9844883098559183,
      "ledenbase_id": -31341,
      "image": "holder/user-default.jpg",
      "image_ledenbase": "Sound country the likely age there hold force. Sit much under box fill. Recognize dark to local."
    }
  },
  {
    "model": "users.holder",
    "pk": 43,
    "fields": {
      "user": 20,
      "stand": 0.1682546338265165,
      "ledenbase_id": 17646,
      "image": "holder/user-default.jpg",
      "image_ledenbase": "Anyone nation group. Probably when pay. A finally treat live explain rock protect environment."
    }
  },
  {
    "model": "users.holder",
    "pk": 44,
    "fields": {
      "user": 2,
      "stand": 0.818254092044003,
      "ledenbase_id": 9885,
      "image": "holder/user-default.jpg",
      "image_ledenbase": "Area leader well nothing. Nor impact indicate price."
    }
  },
  {
    "model": "users.holder",
    "pk": 45,
    "fields": {
      "user": 26,
      "stand": 0.3059156524402482,
      "ledenbase_id": -16168,
      "image": "holder/user-default.jpg",
      "image_ledenbase": "Nothing part half traditional feeling yeah four. Down follow so."
    }
  },
  {
    "model": "users.holder",
    "pk": 46,
    "fields": {
      "user": 9,
      "stand": 0.6090590571086764,
      "ledenbase_id": -25870,
      "image": "holder/user-default.jpg",
      "image_ledenbase": "Education degree significant study third over. Road after wonder political most section rock."
    }
  },
  {
    "model": "users.holder",
    "pk": 47,
    "fields": {
      "user": 36,
      "stand": 0.9592357506655886,
      "ledenbase_id": -20578,
      "image": "holder/user-default.jpg",
      "image_ledenbase": "Send industry first beat performance oil herself. Democrat record compare yet."
    }
  },
  {
    "model": "users.holder",
    "pk": 48,
    "fields": {
      "user": 37,
      "stand": 0.058590175892600516,
      "ledenbase_id": -75,
      "image": "holder/user-default.jpg",
      "image_ledenbase": "General deal trial if often. Read skill how religious long."
    }
  },
  {
    "model": "users.holder",
    "pk": 49,
    "fields": {
      "user": 46,
      "stand": 0.46941640667586415,
      "ledenbase_id": 2409,
      "image": "holder/user-default.jpg",
      "image_ledenbase": "Section us born decide pick camera. Factor company option our."
    }
  },
  {
    "model": "users.holder",
    "pk": 50,
    "fields": {
      "user": 35,
      "stand": 0.21430299556798704,
      "ledenbase_id": -16629,
      "image": "holder/user-default.jpg",
      "image_ledenbase": "Contain develop little ago dream. Rock lose bring cost.\nConsumer likely save option."
    }
  },
  {
    "model": "users.holder",
    "pk": 51,
    "fields": {
      "user": 43,
      "stand": 0.6520071185720449,
      "ledenbase_id": 14963,
      "image": "holder/user-default.jpg",
      "image_ledenbase": "White source government do less. Unit knowledge change suffer."
    }
  },
  {
    "model": "users.holder",
    "pk": 52,
    "fields": {
      "user": 32,
      "stand": 0.6662868314455247,
      "ledenbase_id": 7817,
      "image": "holder/user-default.jpg",
      "image_ledenbase": "Forward fear our see health. Business citizen child claim study she behind.\nLot physical senior."
    }
  },
  {
    "model": "users.holder",
    "pk": 53,
    "fields": {
      "user": 33,
      "stand": 0.24160140022941246,
      "ledenbase_id": 19384,
      "image": "holder/user-default.jpg",
      "image_ledenbase": "Fire improve camera support movement. Remain avoid foot."
    }
  },
  {
    "model": "users.holder",
    "pk": 54,
    "fields": {
      "user": 41,
      "stand": 0.8135664643829537,
      "ledenbase_id": 21219,
      "image": "holder/user-default.jpg",
      "image_ledenbase": "Various whatever change agency. Measure TV join letter sometimes."
    }
  },
  {
    "model": "users.holder",
    "pk": 55,
    "fields": {
      "user": 44,
      "stand": 0.6801911905177846,
      "ledenbase_id": -15687,
      "image": "holder/user-default.jpg",
      "image_ledenbase": "Might attention edge account. Physical about one west control."
    }
  },
  {
    "model": "users.holder",
    "pk": 56,
    "fields": {
      "user": 40,
      "stand": 0.7431350476421105,
      "ledenbase_id": -2199,
      "image": "holder/user-default.jpg",
      "image_ledenbase": "Dinner town thing morning consumer avoid weight. Reason forward necessary relationship service."
    }
  },
  {
    "model": "users.holder",
    "pk": 57,
    "fields": {
      "user": 42,
      "stand": 0.4895214079126584,
      "ledenbase_id": -18730,
      "image": "holder/user-default.jpg",
      "image_ledenbase": "Reveal month national unit job scientist one commercial. Go yard resource I."
    }
  },
  {
    "model": "users.holder",
    "pk": 58,
    "fields": {
      "user": 45,
      "stand": 0.4755302973794183,
      "ledenbase_id": 15352,
      "image": "holder/user-default.jpg",
      "image_ledenbase": "General beautiful argue street their study as. Large no statement gas."
    }
  },
  {
    "model": "users.holder",
    "pk": 59,
    "fields": {
      "user": 38,
      "stand": 0.6671968239074905,
      "ledenbase_id": -22442,
      "image": "holder/user-default.jpg",
      "image_ledenbase": "Plan page girl. East away modern lot project hospital.\nTree before could realize cost hundred."
    }
  },
  {
    "model": "users.holder",
    "pk": 60,
    "fields": {
      "user": 34,
      "stand": 0.9320638999432078,
      "ledenbase_id": 9025,
      "image": "holder/user-default.jpg",
      "image_ledenbase": "Several outside fear free. Sister piece court information product."
    }
  },
  {
    "model": "users.holder",
    "pk": 61,
    "fields": {
      "user": 39,
      "stand": 0.7710736505714196,
      "ledenbase_id": -2078,
      "image": "holder/user-default.jpg",
      "image_ledenbase": "Own majority table smile. Figure expert anything growth teach. Another employee keep prevent."
    }
  },
  {
    "model": "users.personel",
    "pk": 47,
    "fields": {
      "user": 1,
      "nickname": "gus",
      "image": "personel/user-default.jpg"
    }
  },
  {
    "model": "users.personel",
    "pk": 48,
    "fields": {
      "user": 38,
      "nickname": "lsanchez",
      "image": "personel/user-default.jpg"
    }
  },
  {
    "model": "users.personel",
    "pk": 49,
    "fields": {
      "user": 32,
      "nickname": "osanchez",
      "image": "personel/user-default.jpg"
    }
  },
  {
    "model": "users.personel",
    "pk": 50,
    "fields": {
      "user": 37,
      "nickname": "hawkinswilliam",
      "image": "personel/user-default.jpg"
    }
  },
  {
    "model": "users.personel",
    "pk": 51,
    "fields": {
      "user": 40,
      "nickname": "mcdonaldlouis",
      "image": "personel/user-default.jpg"
    }
  },
  {
    "model": "users.personel",
    "pk": 52,
    "fields": {
      "user": 34,
      "nickname": "pmitchell",
      "image": "personel/user-default.jpg"
    }
  },
  {
    "model": "users.personel",
    "pk": 53,
    "fields": {
      "user": 44,
      "nickname": "crystal70",
      "image": "personel/user-default.jpg"
    }
  },
  {
    "model": "users.personel",
    "pk": 54,
    "fields": {
      "user": 33,
      "nickname": "walterryan",
      "image": "personel/user-default.jpg"
    }
  },
  {
    "model": "users.personel",
    "pk": 55,
    "fields": {
      "user": 43,
      "nickname": "tonya46",
      "image": "personel/user-default.jpg"
    }
  },
  {
    "model": "users.personel",
    "pk": 56,
    "fields": {
      "user": 41,
      "nickname": "vbrown",
      "image": "personel/user-default.jpg"
    }
  },
  {
    "model": "users.personel",
    "pk": 57,
    "fields": {
      "user": 42,
      "nickname": "gomezjohn",
      "image": "personel/user-default.jpg"
    }
  },
  {
    "model": "users.personel",
    "pk": 58,
    "fields": {
      "user": 35,
      "nickname": "michelle62",
      "image": "personel/user-default.jpg"
    }
  },
  {
    "model": "users.personel",
    "pk": 59,
    "fields": {
      "user": 39,
      "nickname": "gillespiekennet",
      "image": "personel/user-default.jpg"
    }
  },
  {
    "model": "users.personel",
    "pk": 60,
    "fields": {
      "user": 46,
      "nickname": "aaron57",
      "image": "personel/user-default.jpg"
    }
  },
  {
    "model": "users.personel",
    "pk": 61,
    "fields": {
      "user": 36,
      "nickname": "jacob90",
      "image": "personel/user-default.jpg"
    }
  },
  {
    "model": "users.personel",
    "pk": 62,
    "fields": {
      "user": 45,
      "nickname": "justin66",
      "image": "personel/user-default.jpg"
    }
  }
]
