[
{
    "model": "admin_interface.theme",
    "pk": 1,
    "fields": {
        "name": "Django",
        "active": false,
        "title": "Django administration",
        "title_color": "#F5DD5D",
        "title_visible": true,
        "logo": "",
        "logo_color": "#FFFFFF",
        "logo_max_width": 400,
        "logo_max_height": 100,
        "logo_visible": true,
        "favicon": "",
        "env_name": "",
        "env_color": "#E74C3C",
        "env_visible_in_header": true,
        "env_visible_in_favicon": true,
        "language_chooser_active": true,
        "language_chooser_control": "default-select",
        "language_chooser_display": "code",
        "css_header_background_color": "#0C4B33",
        "css_header_text_color": "#44B78B",
        "css_header_link_color": "#FFFFFF",
        "css_header_link_hover_color": "#C9F0DD",
        "css_module_background_color": "#44B78B",
        "css_module_background_selected_color": "#FFFFCC",
        "css_module_text_color": "#FFFFFF",
        "css_module_link_color": "#FFFFFF",
        "css_module_link_selected_color": "#FFFFFF",
        "css_module_link_hover_color": "#C9F0DD",
        "css_module_rounded_corners": true,
        "css_generic_link_color": "#0C3C26",
        "css_generic_link_hover_color": "#156641",
        "css_save_button_background_color": "#0C4B33",
        "css_save_button_background_hover_color": "#0C3C26",
        "css_save_button_text_color": "#FFFFFF",
        "css_delete_button_background_color": "#BA2121",
        "css_delete_button_background_hover_color": "#A41515",
        "css_delete_button_text_color": "#FFFFFF",
        "related_modal_active": true,
        "related_modal_background_color": "#000000",
        "related_modal_background_opacity": "0.3",
        "related_modal_rounded_corners": true,
        "related_modal_close_button_visible": true,
        "list_filter_highlight": true,
        "list_filter_dropdown": true,
        "list_filter_sticky": true,
        "list_filter_removal_links": false,
        "foldable_apps": true,
        "recent_actions_visible": true,
        "form_submit_sticky": false,
        "form_pagination_sticky": false
    }
},
{
    "model": "admin_interface.theme",
    "pk": 2,
    "fields": {
        "name": "Mamon",
        "active": true,
        "title": "Bier voor een euro",
        "title_color": "#F5DD5D",
        "title_visible": true,
        "logo": "",
        "logo_color": "#FFFFFF",
        "logo_max_width": 400,
        "logo_max_height": 100,
        "logo_visible": true,
        "favicon": "",
        "env_name": "Mamon",
        "env_color": "#E74C3C",
        "env_visible_in_header": true,
        "env_visible_in_favicon": true,
        "language_chooser_active": true,
        "language_chooser_control": "default-select",
        "language_chooser_display": "code",
        "css_header_background_color": "#0C4B33",
        "css_header_text_color": "#44B78B",
        "css_header_link_color": "#FFFFFF",
        "css_header_link_hover_color": "#C9F0DD",
        "css_module_background_color": "#44B78B",
        "css_module_background_selected_color": "#FFFFCC",
        "css_module_text_color": "#FFFFFF",
        "css_module_link_color": "#FFFFFF",
        "css_module_link_selected_color": "#FFFFFF",
        "css_module_link_hover_color": "#C9F0DD",
        "css_module_rounded_corners": true,
        "css_generic_link_color": "#0C3C26",
        "css_generic_link_hover_color": "#156641",
        "css_save_button_background_color": "#0C4B33",
        "css_save_button_background_hover_color": "#0C3C26",
        "css_save_button_text_color": "#FFFFFF",
        "css_delete_button_background_color": "#BA2121",
        "css_delete_button_background_hover_color": "#A41515",
        "css_delete_button_text_color": "#FFFFFF",
        "related_modal_active": true,
        "related_modal_background_color": "#000000",
        "related_modal_background_opacity": "0.3",
        "related_modal_rounded_corners": true,
        "related_modal_close_button_visible": true,
        "list_filter_highlight": true,
        "list_filter_dropdown": true,
        "list_filter_sticky": true,
        "list_filter_removal_links": false,
        "foldable_apps": true,
        "recent_actions_visible": true,
        "form_submit_sticky": false,
        "form_pagination_sticky": false
    }
},
{
    "fields": {
        "name": "Glenn Fisher",
        "price": 5.0,
        "color": "#FFFFFF",
        "active": true,
        "image": "https://dummyimage.com/239x916"
    }
},
{
    "model": "purchase.product",
    "pk": 17,
    "fields": {
        "name": "Brian Carey",
        "price": 35.0,
        "color": "#FFFFFF",
        "active": true,
        "image": "https://dummyimage.com/724x626"
    }
},
{
    "model": "purchase.product",
    "pk": 18,
    "fields": {
        "name": "Timothy Clark",
        "price": 12.0,
        "color": "#FFFFFF",
        "active": true,
        "image": "https://placekitten.com/544/393"
    }
},
{
    "model": "purchase.product",
    "pk": 19,
    "fields": {
        "name": "Vanessa Mora",
        "price": 90.0,
        "color": "#FFFFFF",
        "active": true,
        "image": "https://dummyimage.com/745x767"
    }
},
{
    "model": "purchase.product",
    "pk": 20,
    "fields": {
        "name": "Jody Edwards",
        "price": 16.0,
        "color": "#FFFFFF",
        "active": true,
        "image": "https://placekitten.com/828/899"
    }
},
{
    "model": "purchase.product",
    "pk": 21,
    "fields": {
        "name": "Kevin Houston",
        "price": 54.0,
        "color": "#FFFFFF",
        "active": true,
        "image": "https://picsum.photos/24/351"
    }
},
{
    "model": "purchase.product",
    "pk": 22,
    "fields": {
        "name": "Mark Robinson",
        "price": 74.0,
        "color": "#FFFFFF",
        "active": true,
        "image": ""
    }
},
{
    "model": "purchase.product",
    "pk": 23,
    "fields": {
        "name": "Debbie Carter",
        "price": 14.0,
        "color": "#FFFFFF",
        "active": true,
        "image": "https://placeimg.com/192/480/any"
    }
},
{
    "model": "purchase.product",
    "pk": 24,
    "fields": {
        "name": "Jacqueline Parker",
        "price": 22.0,
        "color": "#FFFFFF",
        "active": true,
        "image": ""
    }
},
{
    "model": "purchase.product",
    "pk": 25,
    "fields": {
        "name": "Angel Gomez",
        "price": 63.0,
        "color": "#FFFFFF",
        "active": true,
        "image": ""
    }
},
{
    "model": "purchase.product",
    "pk": 26,
    "fields": {
        "name": "Dr. Angela Lee MD",
        "price": 10.0,
        "color": "#FFFFFF",
        "active": true,
        "image": ""
    }
},
{
    "model": "purchase.product",
    "pk": 27,
    "fields": {
        "name": "Austin Wright",
        "price": 21.0,
        "color": "#FFFFFF",
        "active": true,
        "image": ""
    }
},
{
    "model": "purchase.product",
    "pk": 28,
    "fields": {
        "name": "Ashley Mason",
        "price": 33.0,
        "color": "#FFFFFF",
        "active": true,
        "image": ""
    }
},
{
    "model": "purchase.product",
    "pk": 29,
    "fields": {
        "name": "Christopher Mcguire",
        "price": 18.0,
        "color": "#FFFFFF",
        "active": true,
        "image": ""
    }
},
{
    "model": "purchase.product",
    "pk": 30,
    "fields": {
        "name": "Linda Carlson",
        "price": 29.0,
        "color": "#FFFFFF",
        "active": true,
        "image": ""
    }
},
{
    "model": "purchase.product",
    "pk": 31,
    "fields": {
        "name": "Brianna Payne",
        "price": 32.0,
        "color": "#FFFFFF",
        "active": true,
        "image": ""
    }
},
{
    "model": "purchase.product",
    "pk": 32,
    "fields": {
        "name": "Colton Cook",
        "price": 57.0,
        "color": "#FFFFFF",
        "active": true,
        "image": ""
    }
},
{
    "model": "purchase.product",
    "pk": 33,
    "fields": {
        "name": "Laura Allen",
        "price": 64.0,
        "color": "#FFFFFF",
        "active": true,
        "image": ""
    }
},
{
    "model": "purchase.product",
    "pk": 34,
    "fields": {
        "name": "Timothy Howard",
        "price": 76.0,
        "color": "#FFFFFF",
        "active": true,
        "image": ""
    }
},
{
    "model": "purchase.product",
    "pk": 35,
    "fields": {
        "name": "Maria Martin",
        "price": 34.0,
        "color": "#FFFFFF",
        "active": true,
        "image": ""
    }
},
{
    "model": "purchase.product",
    "pk": 36,
    "fields": {
        "name": "Brenda Curry",
        "price": 87.0,
        "color": "#FFFFFF",
        "active": true,
        "image": ""
    }
},
{
    "model": "purchase.product",
    "pk": 37,
    "fields": {
        "name": "Rodney Berry",
        "price": 55.0,
        "color": "#FFFFFF",
        "active": true,
        "image": ""
    }
},
{
    "model": "purchase.product",
    "pk": 38,
    "fields": {
        "name": "Dr. Gary Johnson",
        "price": 67.0,
        "color": "#FFFFFF",
        "active": true,
        "image": ""
    }
},
{
    "model": "purchase.product",
    "pk": 39,
    "fields": {
        "name": "William Moore",
        "price": 52.0,
        "color": "#FFFFFF",
        "active": true,
        "image": ""
    }
},
{
    "model": "purchase.product",
    "pk": 40,
    "fields": {
        "name": "Dennis Miller",
        "price": 3.0,
        "color": "#FFFFFF",
        "active": true,
        "image": ""
    }
},
{
    "model": "purchase.product",
    "pk": 41,
    "fields": {
        "name": "Rachel Rivera",
        "price": 26.0,
        "color": "#FFFFFF",
        "active": true,
        "image": ""
    }
},
{
    "model": "purchase.product",
    "pk": 42,
    "fields": {
        "name": "Mrs. Dawn Murphy",
        "price": 82.0,
        "color": "#FFFFFF",
        "active": true,
        "image": ""
    }
},
{
    "model": "purchase.product",
    "pk": 43,
    "fields": {
        "name": "Christian Mcintosh",
        "price": 86.0,
        "color": "#FFFFFF",
        "active": true,
        "image": ""
    }
},
{
    "model": "purchase.product",
    "pk": 44,
    "fields": {
        "name": "Amy Guerrero",
        "price": 14.0,
        "color": "#FFFFFF",
        "active": true,
        "image": ""
    }
},
{
    "model": "purchase.product",
    "pk": 45,
    "fields": {
        "name": "Jennifer Montes",
        "price": 34.0,
        "color": "#FFFFFF",
        "active": true,
        "image": ""
    }
},
{
    "model": "purchase.product",
    "pk": 46,
    "fields": {
        "name": "Cynthia Monroe",
        "price": 78.0,
        "color": "#FFFFFF",
        "active": true,
        "image": ""
    }
},
{
    "model": "purchase.product",
    "pk": 47,
    "fields": {
        "name": "Jared Rivera",
        "price": 71.0,
        "color": "#FFFFFF",
        "active": true,
        "image": ""
    }
},
{
    "model": "purchase.product",
    "pk": 48,
    "fields": {
        "name": "Shelley Lee",
        "price": 46.0,
        "color": "#FFFFFF",
        "active": true,
        "image": ""
    }
},
{
    "model": "purchase.product",
    "pk": 49,
    "fields": {
        "name": "Angela Hodges",
        "price": 56.0,
        "color": "#FFFFFF",
        "active": true,
        "image": ""
    }
},
{
    "model": "purchase.product",
    "pk": 50,
    "fields": {
        "name": "Mary Martinez",
        "price": 58.0,
        "color": "#FFFFFF",
        "active": true,
        "image": ""
    }
},
{
    "model": "purchase.product",
    "pk": 51,
    "fields": {
        "name": "Pamela Garcia",
        "price": 20.0,
        "color": "#FFFFFF",
        "active": true,
        "image": ""
    }
},
{
    "model": "purchase.product",
    "pk": 52,
    "fields": {
        "name": "John Young",
        "price": 2.0,
        "color": "#FFFFFF",
        "active": true,
        "image": ""
    }
},
{
    "model": "purchase.product",
    "pk": 53,
    "fields": {
        "name": "Julia Hammond",
        "price": 3.0,
        "color": "#FFFFFF",
        "active": true,
        "image": ""
    }
},
{
    "model": "purchase.product",
    "pk": 54,
    "fields": {
        "name": "Alexander Ryan",
        "price": 95.0,
        "color": "#FFFFFF",
        "active": true,
        "image": ""
    }
},
{
    "model": "purchase.category",
    "pk": 32,
    "fields": {
        "name": "Michele Ho",
        "description": "Firm authority determine president yard she parent.",
        "products": [
            17,
            18,
            19,
            25
        ]
    }
},
{
    "model": "purchase.category",
    "pk": 33,
    "fields": {
        "name": "Wanda Schaefer",
        "description": "But edge teach point improve century public consider.",
        "products": [
            25,
            21,
            28,
            20
        ]
    }
},
{
    "model": "purchase.category",
    "pk": 34,
    "fields": {
        "name": "Sean Lewis",
        "description": "Officer central significant what.",
        "products": [
            32,
            18,
            35,
            29
        ]
    }
},
{
    "model": "purchase.category",
    "pk": 35,
    "fields": {
        "name": "Daniel Rogers",
        "description": "Drive memory live national.",
        "products": [
            33,
            18,
            21,
            27,
            30
        ]
    }
},
{
    "model": "purchase.category",
    "pk": 36,
    "fields": {
        "name": "Linda Mccarthy",
        "description": "Raise deal clearly summer fund soldier.",
        "products": [
            41,
            37,
            39
        ]
    }
},
{
    "model": "purchase.category",
    "pk": 37,
    "fields": {
        "name": "Gina Carroll",
        "description": "Significant finish what air toward per work national.",
        "products": [
            42,
            51,
            37
        ]
    }
},
{
    "model": "purchase.category",
    "pk": 38,
    "fields": {
        "name": "James Williams DDS",
        "description": "Player herself result idea like bring.",
        "products": [
            41,
            52,
            54
        ]
    }
},
{
    "model": "purchase.category",
    "pk": 39,
    "fields": {
        "name": "Olivia Walsh",
        "description": "She sing fish.",
        "products": [
            37,
            38,
            41,
            44,
            51
        ]
    }
},
{
    "model": "purchase.category",
    "pk": 40,
    "fields": {
        "name": "Tina Kennedy",
        "description": "Important business can none position.",
        "products": [
            49,
            53
        ]
    }
},
{
    "model": "purchase.category",
    "pk": 41,
    "fields": {
        "name": "Melissa Brown",
        "description": "Parent east arm sister.",
        "products": [
            36,
            47
        ]
    }
},
{
    "model": "purchase.category",
    "pk": 42,
    "fields": {
        "name": "Joseph Spencer",
        "description": "Child individual allow fact similar bit if box.",
        "products": [
            43,
            44
        ]
    }
},
{
    "model": "purchase.category",
    "pk": 43,
    "fields": {
        "name": "Douglas Thomas",
        "description": "Chance beautiful until speech within institution number.",
        "products": [
            40,
            39,
            47
        ]
    }
},
{
    "model": "purchase.category",
    "pk": 44,
    "fields": {
        "name": "Wendy Allen",
        "description": "Sister population town hold red good positive.",
        "products": [
            38,
            53,
            46
        ]
    }
},
{
    "model": "purchase.purchase",
    "pk": 4,
    "fields": {
        "buyer": 43,
        "seller": 65,
        "balance": true,
        "cash": false,
        "pin": false,
        "created": "2022-10-21T09:10:58.157Z",
        "remaining_after_purchase": 0.0,
        "orders": []
    }
},
{
    "model": "purchase.purchase",
    "pk": 37,
    "fields": {
        "buyer": 40,
        "seller": 65,
        "balance": true,
        "cash": false,
        "pin": false,
        "created": "2022-10-21T09:13:35.272Z",
        "remaining_after_purchase": 0.0,
        "orders": []
    }
},
{
    "model": "purchase.purchase",
    "pk": 38,
    "fields": {
        "buyer": 33,
        "seller": 65,
        "balance": true,
        "cash": false,
        "pin": false,
        "created": "2022-10-21T10:41:07.895Z",
        "remaining_after_purchase": 0.0,
        "orders": []
    }
},
{
    "model": "purchase.purchase",
    "pk": 39,
    "fields": {
        "buyer": 62,
        "seller": 65,
        "balance": true,
        "cash": false,
        "pin": false,
        "created": "2022-10-23T15:39:24.927Z",
        "remaining_after_purchase": 0.0,
        "orders": []
    }
},
{
    "model": "purchase.purchase",
    "pk": 40,
    "fields": {
        "buyer": 62,
        "seller": 65,
        "balance": false,
        "cash": false,
        "pin": false,
        "created": "2022-10-23T15:39:43.365Z",
        "remaining_after_purchase": 0.0,
        "orders": []
    }
},
{
    "model": "purchase.purchase",
    "pk": 41,
    "fields": {
        "buyer": 62,
        "seller": 65,
        "balance": false,
        "cash": false,
        "pin": false,
        "created": "2022-10-23T15:39:50.899Z",
        "remaining_after_purchase": 0.0,
        "orders": []
    }
},
{
    "model": "purchase.purchase",
    "pk": 42,
    "fields": {
        "buyer": 62,
        "seller": 65,
        "balance": false,
        "cash": false,
        "pin": false,
        "created": "2022-10-23T16:40:59.432Z",
        "remaining_after_purchase": 0.0,
        "orders": []
    }
},
{
    "model": "purchase.purchase",
    "pk": 43,
    "fields": {
        "buyer": 62,
        "seller": 65,
        "balance": true,
        "cash": false,
        "pin": false,
        "created": "2022-10-30T20:42:09.885Z",
        "remaining_after_purchase": 0.0,
        "orders": []
    }
},
{
    "model": "purchase.purchase",
    "pk": 44,
    "fields": {
        "buyer": 62,
        "seller": 65,
        "balance": true,
        "cash": false,
        "pin": false,
        "created": "2022-10-30T20:42:47.480Z",
        "remaining_after_purchase": 0.0,
        "orders": []
    }
},
{
    "model": "purchase.purchase",
    "pk": 45,
    "fields": {
        "buyer": 62,
        "seller": 65,
        "balance": true,
        "cash": false,
        "pin": false,
        "created": "2022-10-30T20:43:05.895Z",
        "remaining_after_purchase": 0.0,
        "orders": []
    }
},
{
    "model": "purchase.purchase",
    "pk": 46,
    "fields": {
        "buyer": 62,
        "seller": 65,
        "balance": true,
        "cash": false,
        "pin": false,
        "created": "2022-10-30T20:43:31.446Z",
        "remaining_after_purchase": 0.0,
        "orders": []
    }
},
{
    "model": "purchase.purchase",
    "pk": 47,
    "fields": {
        "buyer": 65,
        "seller": 65,
        "balance": true,
        "cash": false,
        "pin": false,
        "created": "2022-10-30T20:43:56.882Z",
        "remaining_after_purchase": 0.0,
        "orders": []
    }
},
{
    "model": "purchase.purchase",
    "pk": 48,
    "fields": {
        "buyer": 65,
        "seller": 65,
        "balance": true,
        "cash": false,
        "pin": false,
        "created": "2022-10-30T20:44:35.728Z",
        "remaining_after_purchase": 0.0,
        "orders": []
    }
},
{
    "model": "purchase.purchase",
    "pk": 49,
    "fields": {
        "buyer": 62,
        "seller": 65,
        "balance": true,
        "cash": false,
        "pin": false,
        "created": "2022-10-30T21:40:50.544Z",
        "remaining_after_purchase": 0.0,
        "orders": []
    }
},
{
    "model": "purchase.purchase",
    "pk": 50,
    "fields": {
        "buyer": 65,
        "seller": 65,
        "balance": true,
        "cash": false,
        "pin": false,
        "created": "2022-11-02T10:25:19.625Z",
        "remaining_after_purchase": 0.0,
        "orders": []
    }
},
{
    "model": "purchase.purchase",
    "pk": 85,
    "fields": {
        "buyer": 62,
        "seller": 64,
        "balance": true,
        "cash": false,
        "pin": false,
        "created": "2022-11-02T10:32:20.087Z",
        "remaining_after_purchase": 0.0,
        "orders": []
    }
},
{
    "model": "purchase.purchase",
    "pk": 86,
    "fields": {
        "buyer": 62,
        "seller": 64,
        "balance": true,
        "cash": false,
        "pin": false,
        "created": "2022-11-02T10:33:01.527Z",
        "remaining_after_purchase": 0.0,
        "orders": []
    }
},
{
    "model": "purchase.purchase",
    "pk": 87,
    "fields": {
        "buyer": 65,
        "seller": 65,
        "balance": true,
        "cash": false,
        "pin": false,
        "created": "2022-11-02T11:21:45.457Z",
        "remaining_after_purchase": 0.0,
        "orders": []
    }
},
{
    "model": "purchase.purchase",
    "pk": 88,
    "fields": {
        "buyer": 65,
        "seller": 65,
        "balance": true,
        "cash": false,
        "pin": false,
        "created": "2022-11-02T12:37:30.075Z",
        "remaining_after_purchase": 0.0,
        "orders": [
            64
        ]
    }
},
{
    "model": "purchase.purchase",
    "pk": 89,
    "fields": {
        "buyer": 49,
        "seller": 65,
        "balance": true,
        "cash": false,
        "pin": false,
        "created": "2022-11-02T14:46:03.749Z",
        "remaining_after_purchase": 0.0,
        "orders": [
            65
        ]
    }
},
{
    "model": "purchase.purchase",
    "pk": 90,
    "fields": {
        "buyer": 33,
        "seller": 65,
        "balance": true,
        "cash": false,
        "pin": false,
        "created": "2022-11-02T14:46:30.027Z",
        "remaining_after_purchase": 0.0,
        "orders": [
            66,
            67,
            68,
            69,
            70
        ]
    }
},
{
    "model": "purchase.purchase",
    "pk": 91,
    "fields": {
        "buyer": 35,
        "seller": 53,
        "balance": true,
        "cash": false,
        "pin": false,
        "created": "2022-11-09T19:46:47.133Z",
        "remaining_after_purchase": 0.0,
        "orders": [
            65,
            66
        ]
    }
},
{
    "model": "purchase.purchase",
    "pk": 92,
    "fields": {
        "buyer": 65,
        "seller": 57,
        "balance": false,
        "cash": false,
        "pin": false,
        "created": "2022-11-09T19:47:05.496Z",
        "remaining_after_purchase": 0.0,
        "orders": [
            64
        ]
    }
},
{
    "model": "purchase.purchase",
    "pk": 93,
    "fields": {
        "buyer": 62,
        "seller": 60,
        "balance": true,
        "cash": false,
        "pin": false,
        "created": "2022-11-09T19:47:23.003Z",
        "remaining_after_purchase": 0.0,
        "orders": [
            66,
            67
        ]
    }
},
{
    "model": "purchase.purchase",
    "pk": 94,
    "fields": {
        "buyer": 65,
        "seller": 56,
        "balance": true,
        "cash": false,
        "pin": false,
        "created": "2022-11-09T19:48:37.299Z",
        "remaining_after_purchase": 0.0,
        "orders": [
            67,
            68
        ]
    }
},
{
    "model": "purchase.purchase",
    "pk": 95,
    "fields": {
        "buyer": 65,
        "seller": 60,
        "balance": true,
        "cash": false,
        "pin": false,
        "created": "2022-11-09T19:48:52.913Z",
        "remaining_after_purchase": 0.0,
        "orders": [
            67
        ]
    }
},
{
    "model": "purchase.purchase",
    "pk": 96,
    "fields": {
        "buyer": 65,
        "seller": 60,
        "balance": false,
        "cash": false,
        "pin": false,
        "created": "2022-11-09T19:49:10.060Z",
        "remaining_after_purchase": 0.0,
        "orders": [
            65,
            66
        ]
    }
},
{
    "model": "purchase.purchase",
    "pk": 97,
    "fields": {
        "buyer": 65,
        "seller": 60,
        "balance": false,
        "cash": false,
        "pin": false,
        "created": "2022-11-09T19:49:10.219Z",
        "remaining_after_purchase": 0.0,
        "orders": [
            65,
            66
        ]
    }
},
{
    "model": "purchase.purchase",
    "pk": 98,
    "fields": {
        "buyer": 65,
        "seller": 60,
        "balance": true,
        "cash": false,
        "pin": false,
        "created": "2022-11-09T19:49:31.038Z",
        "remaining_after_purchase": 0.0,
        "orders": [
            67
        ]
    }
},
{
    "model": "purchase.order",
    "pk": 26,
    "fields": {
        "product": 23,
        "quantity": 19
    }
},
{
    "model": "purchase.order",
    "pk": 64,
    "fields": {
        "product": 20,
        "quantity": 5
    }
},
{
    "model": "purchase.order",
    "pk": 65,
    "fields": {
        "product": 16,
        "quantity": 5
    }
},
{
    "model": "purchase.order",
    "pk": 66,
    "fields": {
        "product": 16,
        "quantity": 1
    }
},
{
    "model": "purchase.order",
    "pk": 67,
    "fields": {
        "product": 20,
        "quantity": 2
    }
},
{
    "model": "purchase.order",
    "pk": 68,
    "fields": {
        "product": 21,
        "quantity": 1
    }
},
{
    "model": "purchase.order",
    "pk": 69,
    "fields": {
        "product": 22,
        "quantity": 1
    }
},
{
    "model": "purchase.order",
    "pk": 70,
    "fields": {
        "product": 18,
        "quantity": 1
    }
},
{
    "model": "purchase.report",
    "pk": 2,
    "fields": {
        "date": "2012-11-09T00:00:00Z",
        "personel": 57,
        "action": "up",
        "total_cash": 0.571107282910237,
        "flow_meter1": -29621,
        "flow_meter2": -2691,
        "comment": "Old interesting huge politics. Alone wait onto. Door term manage film around security newspaper. Return would enjoy administration page hair floor."
    }
},
{
    "model": "purchase.report",
    "pk": 3,
    "fields": {
        "date": "2012-10-25T00:00:00Z",
        "personel": 56,
        "action": "human",
        "total_cash": 0.6207368002154366,
        "flow_meter1": 23177,
        "flow_meter2": 28637,
        "comment": "It minute billion including. Material collection thing heart let involve.\nJoin successful too. Few me century trouble remember whom interesting center. Several short you right meeting benefit."
    }
},
{
    "model": "purchase.report",
    "pk": 4,
    "fields": {
        "date": "2016-09-24T00:00:00Z",
        "personel": 51,
        "action": "guy",
        "total_cash": 0.414759458019897,
        "flow_meter1": -31631,
        "flow_meter2": -22377,
        "comment": "Easy heavy size office away find. Inside gas back wait call.\nBefore environmental half both send past shoulder. Dream everybody past image put increase. Training offer source family box role."
    }
},
{
    "model": "purchase.report",
    "pk": 7,
    "fields": {
        "date": "2001-02-14T00:00:00Z",
        "personel": 59,
        "action": "glass",
        "total_cash": 0.10599453663810321,
        "flow_meter1": 28655,
        "flow_meter2": -9801,
        "comment": "Create idea practice trade or Democrat purpose there. Senior concern west tree choice matter.\nGet along here exactly every first turn. Southern later source."
    }
},
{
    "model": "purchase.report",
    "pk": 8,
    "fields": {
        "date": "1976-08-03T00:00:00Z",
        "personel": 51,
        "action": "fear",
        "total_cash": 0.9212483942937763,
        "flow_meter1": 28687,
        "flow_meter2": 1540,
        "comment": "Blood radio scene little determine fly.\nSport compare mention free but. Wish song imagine live beyond remember number."
    }
},
{
    "model": "purchase.report",
    "pk": 10,
    "fields": {
        "date": "1973-11-22T00:00:00Z",
        "personel": 53,
        "action": "class",
        "total_cash": 0.8597767484659754,
        "flow_meter1": -26975,
        "flow_meter2": -947,
        "comment": "Necessary according drug. Away speak real sort back rich. Consider through miss it however two peace product.\nCareer spend allow training make plant color. That knowledge loss tree field."
    }
},
{
    "model": "purchase.report",
    "pk": 11,
    "fields": {
        "date": "2021-10-23T00:00:00Z",
        "personel": 52,
        "action": "standard",
        "total_cash": 0.29581401069334146,
        "flow_meter1": 21163,
        "flow_meter2": -20047,
        "comment": "Avoid however talk job total. Much garden glass economic two eye. Catch goal right free anyone."
    }
},
{
    "model": "purchase.report",
    "pk": 12,
    "fields": {
        "date": "1977-03-27T00:00:00Z",
        "personel": 60,
        "action": "education",
        "total_cash": 0.6559474945214012,
        "flow_meter1": -27965,
        "flow_meter2": 5363,
        "comment": "Idea above management her specific fly fly.\nDevelop catch radio including PM stop build. Place believe line easy. Military rate claim."
    }
},
{
    "model": "purchase.report",
    "pk": 14,
    "fields": {
        "date": "2020-11-26T00:00:00Z",
        "personel": 49,
        "action": "way",
        "total_cash": 0.7440974939034912,
        "flow_meter1": 14850,
        "flow_meter2": 12639,
        "comment": "Land light body several who. Science attention skill alone yeah.\nCase people college. Course matter for fund talk."
    }
},
{
    "model": "purchase.report",
    "pk": 15,
    "fields": {
        "date": "1999-12-30T00:00:00Z",
        "personel": 59,
        "action": "boy",
        "total_cash": 0.7660248624999152,
        "flow_meter1": -26209,
        "flow_meter2": 17693,
        "comment": "No rate glass model generation total.\nThus whatever series. Each politics middle kitchen."
    }
},
{
    "model": "purchase.report",
    "pk": 16,
    "fields": {
        "date": "1970-07-30T00:00:00Z",
        "personel": 57,
        "action": "entire",
        "total_cash": 0.8432614108479485,
        "flow_meter1": 16546,
        "flow_meter2": 1433,
        "comment": "East especially above degree mouth door none reveal. Base news type parent indeed look ready. Notice early because lose student."
    }
},
{
    "model": "purchase.report",
    "pk": 17,
    "fields": {
        "date": "1978-08-15T00:00:00Z",
        "personel": 50,
        "action": "health",
        "total_cash": 0.5127862038790986,
        "flow_meter1": 32428,
        "flow_meter2": -17861,
        "comment": "Member entire memory enjoy thank sea. Material stay establish they data relationship. Institution she quickly this.\nReason explain draw economy arm. Food leader rock."
    }
},
{
    "model": "purchase.report",
    "pk": 18,
    "fields": {
        "date": "1999-05-20T00:00:00Z",
        "personel": 50,
        "action": "reach",
        "total_cash": 0.6578364661036568,
        "flow_meter1": 19719,
        "flow_meter2": 4486,
        "comment": "Enter major and black you upon join.\nChange news why reality. Can leader with quickly.\nDream physical clearly life sister strong. Throw bag must toward safe can brother. Amount song suggest past."
    }
},
{
    "model": "purchase.report",
    "pk": 19,
    "fields": {
        "date": "2012-12-23T00:00:00Z",
        "personel": 60,
        "action": "job",
        "total_cash": 0.06992248893972564,
        "flow_meter1": 30210,
        "flow_meter2": -14924,
        "comment": "Behind finally store language again open vote. Fear star difference rule staff.\nEconomic later discussion store debate alone. Quality because cost challenge government unit."
    }
},
{
    "model": "purchase.report",
    "pk": 20,
    "fields": {
        "date": "1994-12-21T00:00:00Z",
        "personel": 56,
        "action": "system",
        "total_cash": 0.13125636493936133,
        "flow_meter1": 11730,
        "flow_meter2": -5477,
        "comment": "Truth by sing show more live. Hot drop table purpose. Live interview upon animal help cold."
    }
},
{
    "model": "purchase.report",
    "pk": 21,
    "fields": {
        "date": "2015-01-22T00:00:00Z",
        "personel": 57,
        "action": "Close",
        "total_cash": 0.2873550959341773,
        "flow_meter1": -32520,
        "flow_meter2": -5115,
        "comment": "East game main. Board think nothing professor without yeah building mean."
    }
},
{
    "model": "purchase.report",
    "pk": 23,
    "fields": {
        "date": "2017-04-07T00:00:00Z",
        "personel": 50,
        "action": "Close",
        "total_cash": 0.2926069118973418,
        "flow_meter1": 12886,
        "flow_meter2": -28881,
        "comment": "Truth pick bed compare ahead reach pass. Oil first area.\nWin four anyone ask draw site. Over film power authority condition there. May while if travel different."
    }
},
{
    "model": "purchase.report",
    "pk": 24,
    "fields": {
        "date": "1987-02-27T00:00:00Z",
        "personel": 50,
        "action": "Close",
        "total_cash": 0.5409702256813406,
        "flow_meter1": -21207,
        "flow_meter2": 26502,
        "comment": "Change nor join party. Girl short you. Let develop defense will stage answer.\nCongress born fly finish until myself thing since. Success room nearly story market number. Put quality city town what."
    }
},
{
    "model": "purchase.report",
    "pk": 25,
    "fields": {
        "date": "2001-06-07T00:00:00Z",
        "personel": 51,
        "action": "Close",
        "total_cash": 0.23591166221710025,
        "flow_meter1": -11182,
        "flow_meter2": 30566,
        "comment": "Agree entire wide here eight especially safe. Indeed almost condition. Light investment administration north."
    }
},
{
    "model": "purchase.report",
    "pk": 26,
    "fields": {
        "date": "1974-08-01T00:00:00Z",
        "personel": 52,
        "action": "Close",
        "total_cash": 0.5604442813827897,
        "flow_meter1": 20667,
        "flow_meter2": 3892,
        "comment": "Appear drug writer exist eat. Attention far who quite main area.\nCreate woman task entire gun. Up before according some realize at. Choose practice network hospital admit can seek."
    }
},
{
    "model": "purchase.report",
    "pk": 27,
    "fields": {
        "date": "2021-06-01T00:00:00Z",
        "personel": 57,
        "action": "Close",
        "total_cash": 0.03379853872610972,
        "flow_meter1": 11231,
        "flow_meter2": 10711,
        "comment": "Drop physical management economy ok. When drop find court play kitchen event. Attorney out stop pass radio within feel."
    }
},
{
    "model": "purchase.report",
    "pk": 28,
    "fields": {
        "date": "1985-06-14T00:00:00Z",
        "personel": 53,
        "action": "Close",
        "total_cash": 0.7620828593406498,
        "flow_meter1": -28388,
        "flow_meter2": 20408,
        "comment": "Heavy some evidence him item.\nPartner country able total. Face yes effect where per travel. Three cut try end hard rich."
    }
},
{
    "model": "purchase.report",
    "pk": 30,
    "fields": {
        "date": "2006-02-14T00:00:00Z",
        "personel": 52,
        "action": "Close",
        "total_cash": 0.6951164111361732,
        "flow_meter1": -17124,
        "flow_meter2": 20761,
        "comment": "Kitchen response end lot beautiful begin enough.\nCatch with laugh society floor. Entire image performance issue garden. Wrong wear network line positive off spring."
    }
},
{
    "model": "purchase.report",
    "pk": 34,
    "fields": {
        "date": "1972-01-02T00:00:00Z",
        "personel": 53,
        "action": "Open",
        "total_cash": 0.7617989439587796,
        "flow_meter1": -31102,
        "flow_meter2": 16832,
        "comment": "High after manager society.\nIndeed sister nor certainly drop.\nEasy read nation. Eye word certainly candidate.\nVoice month industry or make report issue. Bank research media from professor until air."
    }
},
{
    "model": "purchase.report",
    "pk": 35,
    "fields": {
        "date": "1996-10-23T00:00:00Z",
        "personel": 60,
        "action": "Open",
        "total_cash": 0.8410338850983625,
        "flow_meter1": 9261,
        "flow_meter2": -27669,
        "comment": "North expect finish adult. Tend simply Republican religious computer have. Foreign rise practice federal provide oil able. Usually south visit I material here."
    }
},
{
    "model": "purchase.report",
    "pk": 38,
    "fields": {
        "date": "1988-06-26T00:00:00Z",
        "personel": 58,
        "action": "Open",
        "total_cash": 0.6898128016857433,
        "flow_meter1": 7970,
        "flow_meter2": -25344,
        "comment": "Listen week environment while allow. Mission various discussion camera cold true arrive."
    }
},
{
    "model": "purchase.report",
    "pk": 39,
    "fields": {
        "date": "1981-05-14T00:00:00Z",
        "personel": 57,
        "action": "Open",
        "total_cash": 0.7431809842388761,
        "flow_meter1": -8761,
        "flow_meter2": -11738,
        "comment": "Entire stand control statement who. Area concern industry practice energy although worker. They staff whatever strong ever."
    }
},
{
    "model": "purchase.report",
    "pk": 40,
    "fields": {
        "date": "1993-04-09T00:00:00Z",
        "personel": 53,
        "action": "Open",
        "total_cash": 0.9117638264845941,
        "flow_meter1": 21113,
        "flow_meter2": 23294,
        "comment": "World book employee word.\r\nDay keep participant Democrat course blood. Our measure really before bit bag."
    }
},
{
    "model": "purchase.report",
    "pk": 41,
    "fields": {
        "date": "1991-03-13T00:00:00Z",
        "personel": 50,
        "action": "Open",
        "total_cash": 0.502552061724225,
        "flow_meter1": -14402,
        "flow_meter2": -5525,
        "comment": "Student region word country seat pass. Question police son trouble front. Financial identify room girl thing."
    }
},
{
    "model": "purchase.report",
    "pk": 45,
    "fields": {
        "date": "1993-07-29T22:00:00Z",
        "personel": 59,
        "action": "understand",
        "total_cash": 0.3210524442944236,
        "flow_meter1": 774,
        "flow_meter2": -26776,
        "comment": "Light officer system set. Address author threat finally popular keep. By walk star out unit various that road."
    }
},
{
    "model": "purchase.report",
    "pk": 46,
    "fields": {
        "date": "2006-10-15T22:00:00Z",
        "personel": 49,
        "action": "particularly",
        "total_cash": 0.7399414826495567,
        "flow_meter1": -28275,
        "flow_meter2": 2185,
        "comment": "Over window answer argue ground generation check especially. Central policy without age dog theory."
    }
},
{
    "model": "purchase.report",
    "pk": 48,
    "fields": {
        "date": "1995-07-16T22:00:00Z",
        "personel": 60,
        "action": "amount",
        "total_cash": 0.9751482159807239,
        "flow_meter1": -21037,
        "flow_meter2": -29865,
        "comment": "Too main talk price notice. Development send choose also hope finish top.\nHow during matter culture itself. Realize public happen raise. Place in open occur student especially clearly."
    }
},
{
    "model": "purchase.report",
    "pk": 49,
    "fields": {
        "date": "2008-01-09T23:00:00Z",
        "personel": 56,
        "action": "wall",
        "total_cash": 0.20195948499532235,
        "flow_meter1": -8940,
        "flow_meter2": -7879,
        "comment": "Court throughout a main where tax series agreement. Site produce reduce party note participant year unit.\nForm test ahead back item. Community information more cup tend teacher action tend."
    }
},
{
    "model": "purchase.report",
    "pk": 51,
    "fields": {
        "date": "2006-10-27T22:00:00Z",
        "personel": 60,
        "action": "top",
        "total_cash": 0.509559188914173,
        "flow_meter1": 16508,
        "flow_meter2": -13465,
        "comment": "Score cell method Congress television. Thought final morning worry official during treat act. Low build foreign foot strategy method those account."
    }
},
{
    "model": "purchase.report",
    "pk": 52,
    "fields": {
        "date": "2017-07-22T22:00:00Z",
        "personel": 58,
        "action": "lot",
        "total_cash": 0.22408979380263916,
        "flow_meter1": -16808,
        "flow_meter2": -8977,
        "comment": "Eight dog teacher opportunity wrong someone. Job attack phone call read check business.\nJob heavy order tonight. Suggest late office prepare look stock none myself.\nAt friend party show."
    }
},
{
    "model": "purchase.report",
    "pk": 53,
    "fields": {
        "date": "2008-05-23T22:00:00Z",
        "personel": 53,
        "action": "research",
        "total_cash": 0.9705438437408304,
        "flow_meter1": -18147,
        "flow_meter2": -13094,
        "comment": "Network even step summer particularly. Money energy staff yet. Government difference campaign pressure.\nTop door contain since pull. Kitchen tax message serve bill son."
    }
},
{
    "model": "purchase.report",
    "pk": 54,
    "fields": {
        "date": "2013-12-05T23:00:00Z",
        "personel": 51,
        "action": "for",
        "total_cash": 0.2309821136072845,
        "flow_meter1": -24275,
        "flow_meter2": -23372,
        "comment": "Despite coach company.\nEvery turn identify debate real. Simple camera PM.\nTurn statement opportunity include. Seem idea car.\nThough forward start. Car decide western field enough."
    }
},
{
    "model": "purchase.report",
    "pk": 55,
    "fields": {
        "date": "1971-07-03T23:00:00Z",
        "personel": 57,
        "action": "really",
        "total_cash": 0.8640148063656564,
        "flow_meter1": -32381,
        "flow_meter2": 31484,
        "comment": "Fly other decide mind board travel. Quickly bill leave floor.\nEnergy operation manager. Stage debate prepare form car despite."
    }
},
{
    "model": "purchase.report",
    "pk": 57,
    "fields": {
        "date": "1999-12-04T23:00:00Z",
        "personel": 49,
        "action": "owner",
        "total_cash": 0.8789173962416655,
        "flow_meter1": -30358,
        "flow_meter2": 6835,
        "comment": "Recently range section kitchen. Practice bed push.\nWind check and. Be star pattern class.\nWind main writer somebody. Number culture short such street clear stage.\nHot first idea."
    }
},
{
    "model": "purchase.report",
    "pk": 60,
    "fields": {
        "date": "1979-12-02T23:00:00Z",
        "personel": 51,
        "action": "gas",
        "total_cash": 0.7483111469325539,
        "flow_meter1": 20300,
        "flow_meter2": -32671,
        "comment": "Wind later put suffer market since never try. Once unit mean person decision test more position. May simply threat time property raise.\nAnswer tough explain media hand player."
    }
},
{
    "model": "purchase.report",
    "pk": 61,
    "fields": {
        "date": "1986-04-20T22:00:00Z",
        "personel": 56,
        "action": "second",
        "total_cash": 0.4327866232909,
        "flow_meter1": 11313,
        "flow_meter2": 27086,
        "comment": "Above skin paper situation too area blue she. Letter write drug.\nRelationship represent wait truth. Newspaper away across model short student student yeah. Five draw media party example process show."
    }
},
{
    "model": "purchase.report",
    "pk": 62,
    "fields": {
        "date": "1999-06-01T22:00:00Z",
        "personel": 60,
        "action": "according",
        "total_cash": 0.7407402414370889,
        "flow_meter1": 26309,
        "flow_meter2": -23304,
        "comment": "Too every than. General responsibility cup read may prepare then.\nLaw discover relationship from these second catch reduce. Produce off particularly modern."
    }
},
{
    "model": "purchase.report",
    "pk": 63,
    "fields": {
        "date": "2005-06-19T22:00:00Z",
        "personel": 58,
        "action": "national",
        "total_cash": 0.7158352886436521,
        "flow_meter1": -31757,
        "flow_meter2": -7552,
        "comment": "All task smile modern rich education. Crime second government.\nLeast executive history material high media adult. Score dog find cup approach story government stock. Culture network analysis power."
    }
},
{
    "model": "purchase.report",
    "pk": 64,
    "fields": {
        "date": "1975-08-16T23:00:00Z",
        "personel": 57,
        "action": "discussion",
        "total_cash": 0.29010422063032626,
        "flow_meter1": 4842,
        "flow_meter2": -25630,
        "comment": "Court represent yard mouth mother before. Think reflect development bill book history."
    }
},
{
    "model": "purchase.report",
    "pk": 65,
    "fields": {
        "date": "1971-07-21T23:00:00Z",
        "personel": 58,
        "action": "remain",
        "total_cash": 0.02949286553113062,
        "flow_meter1": 230,
        "flow_meter2": 24604,
        "comment": "Environment democratic media nice.\nInteresting mention world billion enter clearly day. Again back indicate.\nRecent may conference property under. Election fact world provide."
    }
},
{
    "model": "purchase.report",
    "pk": 67,
    "fields": {
        "date": "1979-05-15T22:00:00Z",
        "personel": 56,
        "action": "outside",
        "total_cash": 0.3574186660804406,
        "flow_meter1": 26813,
        "flow_meter2": -24432,
        "comment": "Government hotel western. Character picture soldier blood kid thought professor. Party against page buy leave.\nEnough cell within wait. Build wall impact organization."
    }
},
{
    "model": "purchase.report",
    "pk": 68,
    "fields": {
        "date": "2004-04-11T22:00:00Z",
        "personel": 57,
        "action": "moment",
        "total_cash": 0.5996601431982719,
        "flow_meter1": 26663,
        "flow_meter2": 18732,
        "comment": "Boy sister month analysis wear capital. Bag century science no.\nFour first difference health gun present else. Individual out take hundred record deep remain. Physical race choice popular."
    }
},
{
    "model": "purchase.report",
    "pk": 69,
    "fields": {
        "date": "1987-03-11T23:00:00Z",
        "personel": 53,
        "action": "turn",
        "total_cash": 0.17577594577947497,
        "flow_meter1": -15728,
        "flow_meter2": 29427,
        "comment": "Star agent answer enough your claim.\nNice weight serve join. Admit pick feeling write thought spring court.\nGlass between series international.\nMan enjoy news character because if. Accept pull law."
    }
},
{
    "model": "purchase.report",
    "pk": 72,
    "fields": {
        "date": "2010-08-18T22:00:00Z",
        "personel": 60,
        "action": "recent",
        "total_cash": 0.6641981212921182,
        "flow_meter1": -12527,
        "flow_meter2": -1052,
        "comment": "Production enter account million.\nDiscover later range. Age actually conference west owner.\nAny fall role movie law begin cold. Interesting raise speak science herself. Fund up outside than."
    }
},
{
    "model": "purchase.report",
    "pk": 75,
    "fields": {
        "date": "1979-11-17T23:00:00Z",
        "personel": 49,
        "action": "need",
        "total_cash": 0.877813304641534,
        "flow_meter1": -9494,
        "flow_meter2": -21248,
        "comment": "Officer hope discuss health. Poor agent maybe about improve rock player fire. Determine chance cold meet kid."
    }
},
{
    "model": "purchase.report",
    "pk": 77,
    "fields": {
        "date": "1988-09-28T23:00:00Z",
        "personel": 49,
        "action": "include",
        "total_cash": 0.44539898424370716,
        "flow_meter1": -22175,
        "flow_meter2": -12489,
        "comment": "Fill natural want family blue her choice. Health according worry ever memory year a. Court good house development get listen choice. Win think culture alone."
    }
},
{
    "model": "purchase.report",
    "pk": 78,
    "fields": {
        "date": "2012-05-13T22:00:00Z",
        "personel": 57,
        "action": "real",
        "total_cash": 0.49325843801863234,
        "flow_meter1": 244,
        "flow_meter2": 17659,
        "comment": "Trip center not individual. Doctor great you provide. Only see similar world.\nHere building own order wind condition drive. Rate both look offer employee both listen."
    }
},
{
    "model": "purchase.report",
    "pk": 80,
    "fields": {
        "date": "2022-11-02T14:44:56.617Z",
        "personel": 65,
        "action": "Open",
        "total_cash": 0.0,
        "flow_meter1": 2000,
        "flow_meter2": 200,
        "comment": "\n"
    }
},
{
    "model": "purchase.report",
    "pk": 81,
    "fields": {
        "date": "2022-11-02T14:44:59.260Z",
        "personel": 65,
        "action": "Open",
        "total_cash": 0.0,
        "flow_meter1": 2000,
        "flow_meter2": 200,
        "comment": "\n"
    }
},
{
    "model": "purchase.report",
    "pk": 82,
    "fields": {
        "date": "2022-11-02T14:45:09.427Z",
        "personel": 65,
        "action": "Open",
        "total_cash": 0.0,
        "flow_meter1": 2000,
        "flow_meter2": 200,
        "comment": "\n"
    }
},
{
    "model": "purchase.report",
    "pk": 83,
    "fields": {
        "date": "2022-11-02T14:45:35.338Z",
        "personel": 65,
        "action": "Close",
        "total_cash": 0.0,
        "flow_meter1": 2000,
        "flow_meter2": 200,
        "comment": "\n"
    }
},
{
    "model": "purchase.report",
    "pk": 84,
    "fields": {
        "date": "2022-11-02T14:45:42.441Z",
        "personel": 65,
        "action": "Close",
        "total_cash": 0.0,
        "flow_meter1": 2000,
        "flow_meter2": 200,
        "comment": "\n"
    }
},
{
    "model": "purchase.report",
    "pk": 85,
    "fields": {
        "date": "2022-11-02T14:47:03.141Z",
        "personel": 65,
        "action": "Close",
        "total_cash": 20.0,
        "flow_meter1": 52,
        "flow_meter2": 12,
        "comment": "\n"
    }
},
{
    "model": "purchase.report",
    "pk": 86,
    "fields": {
        "date": "2022-11-02T14:50:53.896Z",
        "personel": 64,
        "action": "Middle",
        "total_cash": 201.0,
        "flow_meter1": 2000,
        "flow_meter2": 2000,
        "comment": "just a mid day check\n"
    }
},
{
    "model": "purchase.report",
    "pk": 87,
    "fields": {
        "date": "2022-11-02T14:53:24.298Z",
        "personel": 64,
        "action": "Open",
        "total_cash": 201.0,
        "flow_meter1": 2000,
        "flow_meter2": 2000,
        "comment": "start\n\n"
    }
},
{
    "model": "purchase.report",
    "pk": 88,
    "fields": {
        "date": "2022-11-02T14:53:37.033Z",
        "personel": 64,
        "action": "Middle",
        "total_cash": 201.0,
        "flow_meter1": 2000,
        "flow_meter2": 2000,
        "comment": "start\n\n"
    }
},
{
    "model": "purchase.report",
    "pk": 89,
    "fields": {
        "date": "2022-11-02T14:53:47.590Z",
        "personel": 64,
        "action": "Close",
        "total_cash": 201.0,
        "flow_meter1": 2000,
        "flow_meter2": 2000,
        "comment": "start\n\n"
    }
},
{
    "model": "purchase.report",
    "pk": 90,
    "fields": {
        "date": "2022-11-02T14:56:34.461Z",
        "personel": 64,
        "action": "Open",
        "total_cash": 204.0,
        "flow_meter1": 2000,
        "flow_meter2": 232,
        "comment": "start\n\n"
    }
},
{
    "model": "purchase.report",
    "pk": 91,
    "fields": {
        "date": "2022-11-02T14:57:31.474Z",
        "personel": 65,
        "action": "Middle",
        "total_cash": 250.0,
        "flow_meter1": 150,
        "flow_meter2": 200,
        "comment": "middle\n"
    }
},
{
    "model": "purchase.report",
    "pk": 92,
    "fields": {
        "date": "2022-11-02T14:57:39.301Z",
        "personel": 65,
        "action": "Middle",
        "total_cash": 250.0,
        "flow_meter1": 150,
        "flow_meter2": 200,
        "comment": "middle\n"
    }
},
{
    "model": "purchase.report",
    "pk": 93,
    "fields": {
        "date": "2022-11-02T14:57:39.892Z",
        "personel": 65,
        "action": "Middle",
        "total_cash": 250.0,
        "flow_meter1": 150,
        "flow_meter2": 200,
        "comment": "middle\n"
    }
},
{
    "model": "purchase.report",
    "pk": 94,
    "fields": {
        "date": "2022-11-02T14:58:28.901Z",
        "personel": 64,
        "action": "Close",
        "total_cash": 257.0,
        "flow_meter1": 120,
        "flow_meter2": 150,
        "comment": "end\n"
    }
},
{
    "model": "purchase.report",
    "pk": 95,
    "fields": {
        "date": "2022-11-02T15:06:51.960Z",
        "personel": 65,
        "action": "Open",
        "total_cash": 200.0,
        "flow_meter1": 0,
        "flow_meter2": 0,
        "comment": ""
    }
},
{
    "model": "purchase.report",
    "pk": 96,
    "fields": {
        "date": "2022-11-02T15:07:25.358Z",
        "personel": 65,
        "action": "Close",
        "total_cash": 20.0,
        "flow_meter1": 0,
        "flow_meter2": 0,
        "comment": null
    }
},
{
    "model": "purchase.report",
    "pk": 97,
    "fields": {
        "date": "2022-11-02T15:09:35.101Z",
        "personel": 65,
        "action": "Open",
        "total_cash": 0.0,
        "flow_meter1": 0,
        "flow_meter2": 0,
        "comment": "0"
    }
},
{
    "model": "purchase.report",
    "pk": 98,
    "fields": {
        "date": "2022-11-02T15:10:15.533Z",
        "personel": 65,
        "action": "Close",
        "total_cash": 1.0,
        "flow_meter1": 1,
        "flow_meter2": 1,
        "comment": "0"
    }
},
{
    "model": "purchase.report",
    "pk": 99,
    "fields": {
        "date": "2022-11-02T15:10:33.823Z",
        "personel": 65,
        "action": "Close",
        "total_cash": 0.0,
        "flow_meter1": 0,
        "flow_meter2": 0,
        "comment": ""
    }
},
{
    "model": "purchase.report",
    "pk": 100,
    "fields": {
        "date": "2022-11-02T15:11:18.959Z",
        "personel": 65,
        "action": "Close",
        "total_cash": 0.0,
        "flow_meter1": 0,
        "flow_meter2": 0,
        "comment": ""
    }
},
{
    "model": "purchase.report",
    "pk": 101,
    "fields": {
        "date": "2022-11-02T15:12:09.525Z",
        "personel": 65,
        "action": "Close",
        "total_cash": 0.0,
        "flow_meter1": 0,
        "flow_meter2": 0,
        "comment": ""
    }
},
{
    "model": "purchase.report",
    "pk": 102,
    "fields": {
        "date": "2022-11-02T15:13:37.803Z",
        "personel": 64,
        "action": "Close",
        "total_cash": 4.0,
        "flow_meter1": 4,
        "flow_meter2": 0,
        "comment": "lkj"
    }
},
{
    "model": "purchase.report",
    "pk": 103,
    "fields": {
        "date": "2022-11-02T15:13:40.004Z",
        "personel": 64,
        "action": "Close",
        "total_cash": 4.0,
        "flow_meter1": 4,
        "flow_meter2": 0,
        "comment": "lkj"
    }
},
{
    "model": "purchase.report",
    "pk": 104,
    "fields": {
        "date": "2022-11-02T15:13:46.373Z",
        "personel": 64,
        "action": "Close",
        "total_cash": 4.0,
        "flow_meter1": 4,
        "flow_meter2": 0,
        "comment": "lkj"
    }
},
{
    "model": "purchase.report",
    "pk": 105,
    "fields": {
        "date": "2022-11-02T15:14:07.408Z",
        "personel": 64,
        "action": "Close",
        "total_cash": 4.0,
        "flow_meter1": 4,
        "flow_meter2": 0,
        "comment": "lkj"
    }
},
{
    "model": "purchase.report",
    "pk": 106,
    "fields": {
        "date": "2022-11-02T15:14:14.991Z",
        "personel": 64,
        "action": "Close",
        "total_cash": 4.0,
        "flow_meter1": 4,
        "flow_meter2": 0,
        "comment": "lkj"
    }
},
{
    "model": "purchase.report",
    "pk": 107,
    "fields": {
        "date": "2022-11-02T15:15:34.751Z",
        "personel": 64,
        "action": "Close",
        "total_cash": 4.0,
        "flow_meter1": 4,
        "flow_meter2": 0,
        "comment": "lkj"
    }
},
{
    "model": "purchase.report",
    "pk": 108,
    "fields": {
        "date": "2022-11-02T15:15:46.247Z",
        "personel": 64,
        "action": "Close",
        "total_cash": 4.0,
        "flow_meter1": 4,
        "flow_meter2": 0,
        "comment": "lkj"
    }
},
{
    "model": "purchase.report",
    "pk": 134,
    "fields": {
        "date": "2022-11-02T15:16:19.201Z",
        "personel": 64,
        "action": "Close",
        "total_cash": 4.0,
        "flow_meter1": 4,
        "flow_meter2": 0,
        "comment": "lkj"
    }
},
{
    "model": "purchase.report",
    "pk": 135,
    "fields": {
        "date": "2022-11-02T15:16:26.027Z",
        "personel": 64,
        "action": "Close",
        "total_cash": 4.0,
        "flow_meter1": 4,
        "flow_meter2": 0,
        "comment": "lkj"
    }
},
{
    "model": "purchase.report",
    "pk": 136,
    "fields": {
        "date": "2022-11-02T15:16:28.503Z",
        "personel": 64,
        "action": "Close",
        "total_cash": 4.0,
        "flow_meter1": 4,
        "flow_meter2": 0,
        "comment": "lkj"
    }
},
{
    "model": "purchase.report",
    "pk": 137,
    "fields": {
        "date": "2022-11-02T15:16:43.684Z",
        "personel": 64,
        "action": "Close",
        "total_cash": 4.0,
        "flow_meter1": 4,
        "flow_meter2": 0,
        "comment": "lkj"
    }
},
{
    "model": "purchase.report",
    "pk": 138,
    "fields": {
        "date": "2022-11-02T15:16:53.139Z",
        "personel": 64,
        "action": "Open",
        "total_cash": 4.0,
        "flow_meter1": 4,
        "flow_meter2": 0,
        "comment": "lkj"
    }
},
{
    "model": "purchase.report",
    "pk": 139,
    "fields": {
        "date": "2022-11-02T15:17:16.343Z",
        "personel": 64,
        "action": "Close",
        "total_cash": 41.0,
        "flow_meter1": 41,
        "flow_meter2": 1,
        "comment": ""
    }
},
{
    "model": "purchase.report",
    "pk": 140,
    "fields": {
        "date": "2022-11-02T15:17:22.640Z",
        "personel": 65,
        "action": "Close",
        "total_cash": 0.0,
        "flow_meter1": 0,
        "flow_meter2": 0,
        "comment": ""
    }
},
{
    "model": "purchase.report",
    "pk": 141,
    "fields": {
        "date": "2022-11-02T15:18:54.625Z",
        "personel": 65,
        "action": "Close",
        "total_cash": 0.0,
        "flow_meter1": 0,
        "flow_meter2": 0,
        "comment": ""
    }
},
{
    "model": "purchase.report",
    "pk": 142,
    "fields": {
        "date": "2022-11-02T15:18:57.206Z",
        "personel": 65,
        "action": "Close",
        "total_cash": 0.0,
        "flow_meter1": 0,
        "flow_meter2": 0,
        "comment": ""
    }
},
{
    "model": "purchase.report",
    "pk": 143,
    "fields": {
        "date": "2022-11-02T15:18:59.453Z",
        "personel": 65,
        "action": "Close",
        "total_cash": 0.0,
        "flow_meter1": 0,
        "flow_meter2": 0,
        "comment": ""
    }
},
{
    "model": "purchase.report",
    "pk": 144,
    "fields": {
        "date": "2022-11-02T15:19:01.885Z",
        "personel": 65,
        "action": "Open",
        "total_cash": 0.0,
        "flow_meter1": 0,
        "flow_meter2": 0,
        "comment": ""
    }
},
{
    "model": "purchase.report",
    "pk": 145,
    "fields": {
        "date": "2022-11-02T15:19:05.603Z",
        "personel": 64,
        "action": "Close",
        "total_cash": 0.0,
        "flow_meter1": 0,
        "flow_meter2": 0,
        "comment": ""
    }
},
{
    "model": "purchase.report",
    "pk": 146,
    "fields": {
        "date": "2022-11-02T15:19:09.673Z",
        "personel": 65,
        "action": "Close",
        "total_cash": 0.0,
        "flow_meter1": 0,
        "flow_meter2": 0,
        "comment": ""
    }
},
{
    "model": "purchase.report",
    "pk": 147,
    "fields": {
        "date": "2022-11-02T15:19:23.583Z",
        "personel": 65,
        "action": "Close",
        "total_cash": 0.0,
        "flow_meter1": 0,
        "flow_meter2": 0,
        "comment": ""
    }
},
{
    "model": "purchase.report",
    "pk": 148,
    "fields": {
        "date": "2022-11-02T15:19:25.908Z",
        "personel": 65,
        "action": "Close",
        "total_cash": 0.0,
        "flow_meter1": 0,
        "flow_meter2": 0,
        "comment": ""
    }
},
{
    "model": "purchase.report",
    "pk": 149,
    "fields": {
        "date": "2022-11-04T17:40:09.756Z",
        "personel": 65,
        "action": "Middle",
        "total_cash": 5.0,
        "flow_meter1": 5,
        "flow_meter2": 2,
        "comment": ""
    }
},
{
    "model": "purchase.barcycle",
    "pk": 3,
    "fields": {
        "opening_report": 34,
        "closing_report": 41
    }
},
{
    "model": "purchase.barcycle",
    "pk": 5,
    "fields": {
        "opening_report": 7,
        "closing_report": 19
    }
},
{
    "model": "purchase.barcycle",
    "pk": 6,
    "fields": {
        "opening_report": 23,
        "closing_report": 35
    }
},
{
    "model": "purchase.barcycle",
    "pk": 9,
    "fields": {
        "opening_report": 2,
        "closing_report": 10
    }
},
{
    "model": "purchase.barcycle",
    "pk": 10,
    "fields": {
        "opening_report": 12,
        "closing_report": 99
    }
},
{
    "model": "purchase.barcycle",
    "pk": 11,
    "fields": {
        "opening_report": 80,
        "closing_report": 85
    }
},
{
    "model": "purchase.barcycle",
    "pk": 12,
    "fields": {
        "opening_report": 81,
        "closing_report": 84
    }
},
{
    "model": "purchase.barcycle",
    "pk": 13,
    "fields": {
        "opening_report": 82,
        "closing_report": 83
    }
},
{
    "model": "purchase.barcycle",
    "pk": 14,
    "fields": {
        "opening_report": 87,
        "closing_report": 89
    }
},
{
    "model": "purchase.barcycle",
    "pk": 15,
    "fields": {
        "opening_report": 90,
        "closing_report": 94
    }
},
{
    "model": "purchase.barcycle",
    "pk": 16,
    "fields": {
        "opening_report": 95,
        "closing_report": 96
    }
},
{
    "model": "purchase.barcycle",
    "pk": 17,
    "fields": {
        "opening_report": 97,
        "closing_report": 98
    }
},
{
    "model": "purchase.barcycle",
    "pk": 18,
    "fields": {
        "opening_report": 138,
        "closing_report": 139
    }
},
{
    "model": "purchase.barcycle",
    "pk": 19,
    "fields": {
        "opening_report": 144,
        "closing_report": 145
    }
},

{
    "model": "users.holder",
    "pk": 33,
    "fields": {
        "user": 10,
        "stand": 2823.0,
        "ledenbase_id": 25268,
        "image": "holder/user-default.jpg",
        "image_ledenbase": "Special impact physical board various dinner home. Near yes hundred."
    }
},
{
    "model": "users.holder",
    "pk": 35,
    "fields": {
        "user": 17,
        "stand": 300.0,
        "ledenbase_id": -14467,
        "image": "holder/user-default.jpg",
        "image_ledenbase": "Single quite else hope. Talk animal fall treat fund get reach prepare. Memory spend vote read."
    }
},
{
    "model": "users.holder",
    "pk": 36,
    "fields": {
        "user": 15,
        "stand": 0.11056485602839183,
        "ledenbase_id": -11725,
        "image": "",
        "image_ledenbase": null
    }
},
{
    "model": "users.holder",
    "pk": 37,
    "fields": {
        "user": 4,
        "stand": 900000.0,
        "ledenbase_id": 8036,
        "image": "holder/user-default.jpg",
        "image_ledenbase": "Phone speech where world."
    }
},
{
    "model": "users.holder",
    "pk": 38,
    "fields": {
        "user": 19,
        "stand": 0.6353852164162523,
        "ledenbase_id": 32020,
        "image": "holder/user-default.jpg",
        "image_ledenbase": "Discover old behavior church perform realize. Stop stop ok care none glass."
    }
},
{
    "model": "users.holder",
    "pk": 39,
    "fields": {
        "user": 5,
        "stand": 0.4276649495724766,
        "ledenbase_id": 16903,
        "image": "holder/user-default.jpg",
        "image_ledenbase": "From gun final. Everything level sell. Recent three government mean middle newspaper."
    }
},
{
    "model": "users.holder",
    "pk": 40,
    "fields": {
        "user": 24,
        "stand": 0.6275864034009051,
        "ledenbase_id": -3519,
        "image": "holder/user-default.jpg",
        "image_ledenbase": "Specific data history onto. Itself tax each follow stage."
    }
},
{
    "model": "users.holder",
    "pk": 41,
    "fields": {
        "user": 31,
        "stand": 0.21838662392768482,
        "ledenbase_id": -19082,
        "image": "holder/user-default.jpg",
        "image_ledenbase": "Choose action military at. Region have hair me. Wife key site lay second poor read."
    }
},
{
    "model": "users.holder",
    "pk": 42,
    "fields": {
        "user": 6,
        "stand": 0.9844883098559183,
        "ledenbase_id": -31341,
        "image": "holder/user-default.jpg",
        "image_ledenbase": "Sound country the likely age there hold force. Sit much under box fill. Recognize dark to local."
    }
},
{
    "model": "users.holder",
    "pk": 43,
    "fields": {
        "user": 20,
        "stand": 0.1682546338265165,
        "ledenbase_id": 17646,
        "image": "holder/user-default.jpg",
        "image_ledenbase": "Anyone nation group. Probably when pay. A finally treat live explain rock protect environment."
    }
},
{
    "model": "users.holder",
    "pk": 48,
    "fields": {
        "user": 37,
        "stand": 3000.0,
        "ledenbase_id": -75,
        "image": "holder/user-default.jpg",
        "image_ledenbase": "General deal trial if often. Read skill how religious long."
    }
},
{
    "model": "users.holder",
    "pk": 49,
    "fields": {
        "user": 46,
        "stand": 2975.0,
        "ledenbase_id": 2409,
        "image": "holder/user-default.jpg",
        "image_ledenbase": "Section us born decide pick camera. Factor company option our."
    }
},
{
    "model": "users.holder",
    "pk": 50,
    "fields": {
        "user": 35,
        "stand": 13965.214302995568,
        "ledenbase_id": -16629,
        "image": "holder/user-default.jpg",
        "image_ledenbase": "Contain develop little ago dream. Rock lose bring cost.\nConsumer likely save option."
    }
},
{
    "model": "users.holder",
    "pk": 52,
    "fields": {
        "user": 32,
        "stand": 0.6662868314455247,
        "ledenbase_id": 7817,
        "image": "holder/user-default.jpg",
        "image_ledenbase": "Forward fear our see health. Business citizen child claim study she behind.\nLot physical senior."
    }
},
{
    "model": "users.holder",
    "pk": 54,
    "fields": {
        "user": 41,
        "stand": 0.8135664643829537,
        "ledenbase_id": 21219,
        "image": "holder/user-default.jpg",
        "image_ledenbase": "Various whatever change agency. Measure TV join letter sometimes."
    }
},
{
    "model": "users.holder",
    "pk": 55,
    "fields": {
        "user": 44,
        "stand": 0.6801911905177846,
        "ledenbase_id": -15687,
        "image": "holder/user-default.jpg",
        "image_ledenbase": "Might attention edge account. Physical about one west control."
    }
},
{
    "model": "users.holder",
    "pk": 56,
    "fields": {
        "user": 40,
        "stand": 0.7431350476421105,
        "ledenbase_id": -2199,
        "image": "holder/user-default.jpg",
        "image_ledenbase": "Dinner town thing morning consumer avoid weight. Reason forward necessary relationship service."
    }
},
{
    "model": "users.holder",
    "pk": 57,
    "fields": {
        "user": 42,
        "stand": 0.4895214079126584,
        "ledenbase_id": -18730,
        "image": "holder/user-default.jpg",
        "image_ledenbase": "Reveal month national unit job scientist one commercial. Go yard resource I."
    }
},
{
    "model": "users.holder",
    "pk": 60,
    "fields": {
        "user": 34,
        "stand": 0.9320638999432078,
        "ledenbase_id": 9025,
        "image": "holder/user-default.jpg",
        "image_ledenbase": "Several outside fear free. Sister piece court information product."
    }
},
{
    "model": "users.holder",
    "pk": 61,
    "fields": {
        "user": 39,
        "stand": 0.7710736505714196,
        "ledenbase_id": -2078,
        "image": "holder/user-default.jpg",
        "image_ledenbase": "Own majority table smile. Figure expert anything growth teach. Another employee keep prevent."
    }
},
{
    "model": "users.holder",
    "pk": 62,
    "fields": {
        "user": 1,
        "stand": 884.8430000000001,
        "ledenbase_id": 0,
        "image": "holder/user-default.jpg",
        "image_ledenbase": null
    }
},
{
    "model": "users.holder",
    "pk": 65,
    "fields": {
        "user": 76,
        "stand": 126.0,
        "ledenbase_id": 3169,
        "image": "holder/user-default.jpg",
        "image_ledenbase": "https://ledenbase.esrtheta.nl/mediafiles/personen/3f61c272-c59d-473f-9a71-c43aeab32eff.jpg"
    }
},
{
    "model": "users.holder",
    "pk": 66,
    "fields": {
        "user": 77,
        "stand": 50.0,
        "ledenbase_id": 0,
        "image": "holder/user-default.jpg",
        "image_ledenbase": null
    }
},
{
    "model": "users.personel",
    "pk": 15,
    "fields": {
        "user": 15,
        "nickname": "Auto Personel",
        "image": "personel/user-default.jpg"
    }
},
{
    "model": "users.personel",
    "pk": 49,
    "fields": {
        "user": 32,
        "nickname": "osanchez",
        "image": "personel/user-default.jpg"
    }
},
{
    "model": "users.personel",
    "pk": 50,
    "fields": {
        "user": 37,
        "nickname": "hawkinswilliam",
        "image": "personel/user-default.jpg"
    }
},
{
    "model": "users.personel",
    "pk": 51,
    "fields": {
        "user": 40,
        "nickname": "mcdonaldlouis",
        "image": "personel/user-default.jpg"
    }
},
{
    "model": "users.personel",
    "pk": 52,
    "fields": {
        "user": 34,
        "nickname": "pmitchell",
        "image": "personel/user-default.jpg"
    }
},
{
    "model": "users.personel",
    "pk": 53,
    "fields": {
        "user": 44,
        "nickname": "crystal70",
        "image": "personel/user-default.jpg"
    }
},
{
    "model": "users.personel",
    "pk": 56,
    "fields": {
        "user": 41,
        "nickname": "vbrown",
        "image": "personel/user-default.jpg"
    }
},
{
    "model": "users.personel",
    "pk": 57,
    "fields": {
        "user": 42,
        "nickname": "gomezjohn",
        "image": "personel/user-default.jpg"
    }
},
{
    "model": "users.personel",
    "pk": 58,
    "fields": {
        "user": 35,
        "nickname": "michelle62",
        "image": "personel/user-default.jpg"
    }
},
{
    "model": "users.personel",
    "pk": 59,
    "fields": {
        "user": 39,
        "nickname": "gillespiekennet",
        "image": "personel/user-default.jpg"
    }
},
{
    "model": "users.personel",
    "pk": 60,
    "fields": {
        "user": 46,
        "nickname": "aaron57",
        "image": "personel/user-default.jpg"
    }
},
{
    "model": "users.personel",
    "pk": 63,
    "fields": {
        "user": 1,
        "nickname": "gussie",
        "image": "personel/widelogo.png"
    }
},
{
    "model": "users.personel",
    "pk": 64,
    "fields": {
        "user": 77,
        "nickname": "wwwcie",
        "image": "personel/user-default.jpg"
    }
},
{
    "model": "users.personel",
    "pk": 65,
    "fields": {
        "user": 76,
        "nickname": "gus_holder_pers",
        "image": "personel/BWC.png"
    }
},
{
    "model": "users.personel",
    "pk": 66,
    "fields": {
        "user": 51,
        "nickname": "dsa",
        "image": "personel/user-default.jpg"
    }
},
{
    "model": "users.walletupgrades",
    "pk": 1,
    "fields": {
        "holder": 65,
        "personel": 63,
        "amount": 20.0,
        "refund": false,
        "date": "2022-11-04T08:45:30.725Z",
        "comment": null,
        "cash": false,
        "pin": false,
        "molliePayment": null
    }
},
{
    "model": "users.walletupgrades",
    "pk": 2,
    "fields": {
        "holder": 65,
        "personel": 65,
        "amount": 20.0,
        "refund": false,
        "date": "2022-11-04T09:57:19.441Z",
        "comment": null,
        "cash": false,
        "pin": false,
        "molliePayment": null
    }
},
{
    "model": "users.walletupgrades",
    "pk": 3,
    "fields": {
        "holder": 65,
        "personel": 65,
        "amount": 2.0,
        "refund": false,
        "date": "2022-11-04T09:58:08.819Z",
        "comment": null,
        "cash": false,
        "pin": false,
        "molliePayment": null
    }
},
{
    "model": "users.walletupgrades",
    "pk": 4,
    "fields": {
        "holder": 50,
        "personel": 65,
        "amount": 200.0,
        "refund": false,
        "date": "2022-11-04T15:46:15.804Z",
        "comment": null,
        "cash": false,
        "pin": false,
        "molliePayment": null
    }
},
{
    "model": "users.walletupgrades",
    "pk": 5,
    "fields": {
        "holder": 50,
        "personel": 65,
        "amount": 10.0,
        "refund": false,
        "date": "2022-11-04T15:57:05.831Z",
        "comment": null,
        "cash": false,
        "pin": false,
        "molliePayment": null
    }
},
{
    "model": "users.walletupgrades",
    "pk": 6,
    "fields": {
        "holder": 50,
        "personel": 65,
        "amount": 200.0,
        "refund": false,
        "date": "2022-11-04T16:02:18.583Z",
        "comment": null,
        "cash": false,
        "pin": false,
        "molliePayment": null
    }
},
{
    "model": "users.walletupgrades",
    "pk": 7,
    "fields": {
        "holder": 50,
        "personel": 65,
        "amount": 2020.0,
        "refund": false,
        "date": "2022-11-04T16:03:00.804Z",
        "comment": null,
        "cash": false,
        "pin": false,
        "molliePayment": null
    }
},
{
    "model": "users.walletupgrades",
    "pk": 39,
    "fields": {
        "holder": 50,
        "personel": 65,
        "amount": 1.0,
        "refund": false,
        "date": "2022-11-04T17:18:32.157Z",
        "comment": null,
        "cash": false,
        "pin": false,
        "molliePayment": null
    }
},
{
    "model": "users.walletupgrades",
    "pk": 40,
    "fields": {
        "holder": 50,
        "personel": 65,
        "amount": 200.0,
        "refund": false,
        "date": "2022-11-04T17:19:54.136Z",
        "comment": null,
        "cash": false,
        "pin": false,
        "molliePayment": null
    }
},
{
    "model": "users.walletupgrades",
    "pk": 41,
    "fields": {
        "holder": 50,
        "personel": 65,
        "amount": 0.0,
        "refund": false,
        "date": "2022-11-04T17:20:22.421Z",
        "comment": null,
        "cash": false,
        "pin": false,
        "molliePayment": null
    }
},
{
    "model": "users.walletupgrades",
    "pk": 42,
    "fields": {
        "holder": 50,
        "personel": 65,
        "amount": 2024.0,
        "refund": false,
        "date": "2022-11-04T17:35:03.637Z",
        "comment": null,
        "cash": false,
        "pin": false,
        "molliePayment": null
    }
},
{
    "model": "users.molliepayments",
    "pk": 85,
    "fields": {
        "holder": 65,
        "amount": "21.00",
        "date": "2022-11-18T16:11:35.654Z",
        "comment": null,
        "payment_id": "tr_khr8uHYkDD",
        "is_paid": false,
        "identifier": "b30ef231-8035-4af2-95ed-b2d5c07dc55d",
        "payed_on": null,
        "expiry_date": null
    }
},
{
    "model": "users.molliepayments",
    "pk": 86,
    "fields": {
        "holder": 65,
        "amount": "15.00",
        "date": "2022-11-18T16:16:47.829Z",
        "comment": null,
        "payment_id": "tr_XjeH29p3mf",
        "is_paid": false,
        "identifier": "32dd2b48-e5d7-400f-8040-ad341184fa81",
        "payed_on": null,
        "expiry_date": "2022-11-18T16:31:48Z"
    }
},
{
    "model": "users.molliepayments",
    "pk": 87,
    "fields": {
        "holder": 65,
        "amount": "15.00",
        "date": "2022-11-18T16:19:41.637Z",
        "comment": null,
        "payment_id": "tr_z8Xmc9Lf2L",
        "is_paid": false,
        "identifier": "270b8075-d10b-4b1a-86ad-b99d9e9d1475",
        "payed_on": null,
        "expiry_date": "2022-11-18T16:34:41Z"
    }
},
{
    "model": "admin.logentry",
    "pk": 2,
    "fields": {
        "action_time": "2022-11-23T03:46:59.346Z",
        "user": 76,
        "content_type": 12,
        "object_id": "1",
        "object_repr": "first happ Wed 23 Nov 2022",
        "action_flag": 1,
        "change_message": "[{\"added\": {}}, {\"added\": {\"name\": \"hap order\", \"object\": \"Jonathan Williams 1 first happ Wed 23 Nov 2022\"}}, {\"added\": {\"name\": \"hap order\", \"object\": \"Mary Carter 1 first happ Wed 23 Nov 2022\"}}, {\"added\": {\"name\": \"hap order\", \"object\": \"James Scott 2 first happ Wed 23 Nov 2022\"}}, {\"added\": {\"name\": \"hap payment\", \"object\": \"Jonathan Williams 0 first happ Wed 23 Nov 2022\"}}, {\"added\": {\"name\": \"hap payment\", \"object\": \"Mary Carter 0 first happ Wed 23 Nov 2022\"}}, {\"added\": {\"name\": \"hap payment\", \"object\": \"James Scott 0 first happ Wed 23 Nov 2022\"}}]"
    }
},
{
    "model": "admin.logentry",
    "pk": 3,
    "fields": {
        "action_time": "2022-11-23T23:09:57.677Z",
        "user": 76,
        "content_type": 12,
        "object_id": "1",
        "object_repr": "first happ Wed 23 Nov 2022",
        "action_flag": 2,
        "change_message": "[{\"deleted\": {\"name\": \"hap payment\", \"object\": \"Jonathan Williams 0 first happ Wed 23 Nov 2022\"}}, {\"deleted\": {\"name\": \"hap payment\", \"object\": \"Mary Carter 0 first happ Wed 23 Nov 2022\"}}, {\"deleted\": {\"name\": \"hap payment\", \"object\": \"James Scott 0 first happ Wed 23 Nov 2022\"}}]"
    }
},
{
    "model": "admin.logentry",
    "pk": 4,
    "fields": {
        "action_time": "2022-11-23T23:15:56.298Z",
        "user": 76,
        "content_type": 12,
        "object_id": "1",
        "object_repr": "first happ Wed 23 Nov 2022",
        "action_flag": 2,
        "change_message": "[{\"added\": {\"name\": \"hap payment\", \"object\": \"Jonathan Williams 1 first happ Wed 23 Nov 2022\"}}]"
    }
},
{
    "model": "admin.logentry",
    "pk": 5,
    "fields": {
        "action_time": "2022-11-24T13:20:39.582Z",
        "user": 76,
        "content_type": 1,
        "object_id": "1",
        "object_repr": "Django",
        "action_flag": 2,
        "change_message": "[{\"changed\": {\"fields\": [\"Active\"]}}]"
    }
},
{
    "model": "admin.logentry",
    "pk": 6,
    "fields": {
        "action_time": "2022-11-24T13:20:49.670Z",
        "user": 76,
        "content_type": 1,
        "object_id": "2",
        "object_repr": "Mamon",
        "action_flag": 2,
        "change_message": "[{\"changed\": {\"fields\": [\"Active\"]}}]"
    }
},
{
    "model": "auth.permission",
    "pk": 1,
    "fields": {
        "name": "Can add log entry",
        "content_type": 1,
        "codename": "add_logentry"
    }
},
{
    "model": "auth.permission",
    "pk": 2,
    "fields": {
        "name": "Can change log entry",
        "content_type": 1,
        "codename": "change_logentry"
    }
},
{
    "model": "auth.permission",
    "pk": 3,
    "fields": {
        "name": "Can delete log entry",
        "content_type": 1,
        "codename": "delete_logentry"
    }
},
{
    "model": "auth.permission",
    "pk": 4,
    "fields": {
        "name": "Can view log entry",
        "content_type": 1,
        "codename": "view_logentry"
    }
},
{
    "model": "auth.permission",
    "pk": 5,
    "fields": {
        "name": "Can add permission",
        "content_type": 2,
        "codename": "add_permission"
    }
},
{
    "model": "auth.permission",
    "pk": 6,
    "fields": {
        "name": "Can change permission",
        "content_type": 2,
        "codename": "change_permission"
    }
},
{
    "model": "auth.permission",
    "pk": 7,
    "fields": {
        "name": "Can delete permission",
        "content_type": 2,
        "codename": "delete_permission"
    }
},
{
    "model": "auth.permission",
    "pk": 8,
    "fields": {
        "name": "Can view permission",
        "content_type": 2,
        "codename": "view_permission"
    }
},
{
    "model": "auth.permission",
    "pk": 9,
    "fields": {
        "name": "Can add group",
        "content_type": 3,
        "codename": "add_group"
    }
},
{
    "model": "auth.permission",
    "pk": 10,
    "fields": {
        "name": "Can change group",
        "content_type": 3,
        "codename": "change_group"
    }
},
{
    "model": "auth.permission",
    "pk": 11,
    "fields": {
        "name": "Can delete group",
        "content_type": 3,
        "codename": "delete_group"
    }
},
{
    "model": "auth.permission",
    "pk": 12,
    "fields": {
        "name": "Can view group",
        "content_type": 3,
        "codename": "view_group"
    }
},
{
    "model": "auth.permission",
    "pk": 13,
    "fields": {
        "name": "Can add user",
        "content_type": 4,
        "codename": "add_user"
    }
},
{
    "model": "auth.permission",
    "pk": 14,
    "fields": {
        "name": "Can change user",
        "content_type": 4,
        "codename": "change_user"
    }
},
{
    "model": "auth.permission",
    "pk": 15,
    "fields": {
        "name": "Can delete user",
        "content_type": 4,
        "codename": "delete_user"
    }
},
{
    "model": "auth.permission",
    "pk": 16,
    "fields": {
        "name": "Can view user",
        "content_type": 4,
        "codename": "view_user"
    }
},
{
    "model": "auth.permission",
    "pk": 17,
    "fields": {
        "name": "Can add content type",
        "content_type": 5,
        "codename": "add_contenttype"
    }
},
{
    "model": "auth.permission",
    "pk": 18,
    "fields": {
        "name": "Can change content type",
        "content_type": 5,
        "codename": "change_contenttype"
    }
},
{
    "model": "auth.permission",
    "pk": 19,
    "fields": {
        "name": "Can delete content type",
        "content_type": 5,
        "codename": "delete_contenttype"
    }
},
{
    "model": "auth.permission",
    "pk": 20,
    "fields": {
        "name": "Can view content type",
        "content_type": 5,
        "codename": "view_contenttype"
    }
},
{
    "model": "auth.permission",
    "pk": 21,
    "fields": {
        "name": "Can add session",
        "content_type": 6,
        "codename": "add_session"
    }
},
{
    "model": "auth.permission",
    "pk": 22,
    "fields": {
        "name": "Can change session",
        "content_type": 6,
        "codename": "change_session"
    }
},
{
    "model": "auth.permission",
    "pk": 23,
    "fields": {
        "name": "Can delete session",
        "content_type": 6,
        "codename": "delete_session"
    }
},
{
    "model": "auth.permission",
    "pk": 24,
    "fields": {
        "name": "Can view session",
        "content_type": 6,
        "codename": "view_session"
    }
},
{
    "model": "auth.permission",
    "pk": 25,
    "fields": {
        "name": "Can add outstanding token",
        "content_type": 7,
        "codename": "add_outstandingtoken"
    }
},
{
    "model": "auth.permission",
    "pk": 26,
    "fields": {
        "name": "Can change outstanding token",
        "content_type": 7,
        "codename": "change_outstandingtoken"
    }
},
{
    "model": "auth.permission",
    "pk": 27,
    "fields": {
        "name": "Can delete outstanding token",
        "content_type": 7,
        "codename": "delete_outstandingtoken"
    }
},
{
    "model": "auth.permission",
    "pk": 28,
    "fields": {
        "name": "Can view outstanding token",
        "content_type": 7,
        "codename": "view_outstandingtoken"
    }
},
{
    "model": "auth.permission",
    "pk": 29,
    "fields": {
        "name": "Can add blacklisted token",
        "content_type": 8,
        "codename": "add_blacklistedtoken"
    }
},
{
    "model": "auth.permission",
    "pk": 30,
    "fields": {
        "name": "Can change blacklisted token",
        "content_type": 8,
        "codename": "change_blacklistedtoken"
    }
},
{
    "model": "auth.permission",
    "pk": 31,
    "fields": {
        "name": "Can delete blacklisted token",
        "content_type": 8,
        "codename": "delete_blacklistedtoken"
    }
},
{
    "model": "auth.permission",
    "pk": 32,
    "fields": {
        "name": "Can view blacklisted token",
        "content_type": 8,
        "codename": "view_blacklistedtoken"
    }
},
{
    "model": "auth.permission",
    "pk": 33,
    "fields": {
        "name": "Can add product",
        "content_type": 9,
        "codename": "add_product"
    }
},
{
    "model": "auth.permission",
    "pk": 34,
    "fields": {
        "name": "Can change product",
        "content_type": 9,
        "codename": "change_product"
    }
},
{
    "model": "auth.permission",
    "pk": 35,
    "fields": {
        "name": "Can delete product",
        "content_type": 9,
        "codename": "delete_product"
    }
},
{
    "model": "auth.permission",
    "pk": 36,
    "fields": {
        "name": "Can view product",
        "content_type": 9,
        "codename": "view_product"
    }
},
{
    "model": "auth.permission",
    "pk": 37,
    "fields": {
        "name": "Can add category",
        "content_type": 10,
        "codename": "add_category"
    }
},
{
    "model": "auth.permission",
    "pk": 38,
    "fields": {
        "name": "Can change category",
        "content_type": 10,
        "codename": "change_category"
    }
},
{
    "model": "auth.permission",
    "pk": 39,
    "fields": {
        "name": "Can delete category",
        "content_type": 10,
        "codename": "delete_category"
    }
},
{
    "model": "auth.permission",
    "pk": 40,
    "fields": {
        "name": "Can view category",
        "content_type": 10,
        "codename": "view_category"
    }
},
{
    "model": "auth.permission",
    "pk": 41,
    "fields": {
        "name": "Can add purchase",
        "content_type": 11,
        "codename": "add_purchase"
    }
},
{
    "model": "auth.permission",
    "pk": 42,
    "fields": {
        "name": "Can change purchase",
        "content_type": 11,
        "codename": "change_purchase"
    }
},
{
    "model": "auth.permission",
    "pk": 43,
    "fields": {
        "name": "Can delete purchase",
        "content_type": 11,
        "codename": "delete_purchase"
    }
},
{
    "model": "auth.permission",
    "pk": 44,
    "fields": {
        "name": "Can view purchase",
        "content_type": 11,
        "codename": "view_purchase"
    }
},
{
    "model": "auth.permission",
    "pk": 45,
    "fields": {
        "name": "Can add order",
        "content_type": 12,
        "codename": "add_order"
    }
},
{
    "model": "auth.permission",
    "pk": 46,
    "fields": {
        "name": "Can change order",
        "content_type": 12,
        "codename": "change_order"
    }
},
{
    "model": "auth.permission",
    "pk": 47,
    "fields": {
        "name": "Can delete order",
        "content_type": 12,
        "codename": "delete_order"
    }
},
{
    "model": "auth.permission",
    "pk": 48,
    "fields": {
        "name": "Can view order",
        "content_type": 12,
        "codename": "view_order"
    }
},
{
    "model": "auth.permission",
    "pk": 49,
    "fields": {
        "name": "Can add report",
        "content_type": 13,
        "codename": "add_report"
    }
},
{
    "model": "auth.permission",
    "pk": 50,
    "fields": {
        "name": "Can change report",
        "content_type": 13,
        "codename": "change_report"
    }
},
{
    "model": "auth.permission",
    "pk": 51,
    "fields": {
        "name": "Can delete report",
        "content_type": 13,
        "codename": "delete_report"
    }
},
{
    "model": "auth.permission",
    "pk": 52,
    "fields": {
        "name": "Can view report",
        "content_type": 13,
        "codename": "view_report"
    }
},
{
    "model": "auth.permission",
    "pk": 53,
    "fields": {
        "name": "Can add barcycle",
        "content_type": 14,
        "codename": "add_barcycle"
    }
},
{
    "model": "auth.permission",
    "pk": 54,
    "fields": {
        "name": "Can change barcycle",
        "content_type": 14,
        "codename": "change_barcycle"
    }
},
{
    "model": "auth.permission",
    "pk": 55,
    "fields": {
        "name": "Can delete barcycle",
        "content_type": 14,
        "codename": "delete_barcycle"
    }
},
{
    "model": "auth.permission",
    "pk": 56,
    "fields": {
        "name": "Can view barcycle",
        "content_type": 14,
        "codename": "view_barcycle"
    }
},
{
    "model": "auth.permission",
    "pk": 57,
    "fields": {
        "name": "Can add holder",
        "content_type": 15,
        "codename": "add_holder"
    }
},
{
    "model": "auth.permission",
    "pk": 58,
    "fields": {
        "name": "Can change holder",
        "content_type": 15,
        "codename": "change_holder"
    }
},
{
    "model": "auth.permission",
    "pk": 59,
    "fields": {
        "name": "Can delete holder",
        "content_type": 15,
        "codename": "delete_holder"
    }
},
{
    "model": "auth.permission",
    "pk": 60,
    "fields": {
        "name": "Can view holder",
        "content_type": 15,
        "codename": "view_holder"
    }
},
{
    "model": "auth.permission",
    "pk": 61,
    "fields": {
        "name": "Can add personel",
        "content_type": 16,
        "codename": "add_personel"
    }
},
{
    "model": "auth.permission",
    "pk": 62,
    "fields": {
        "name": "Can change personel",
        "content_type": 16,
        "codename": "change_personel"
    }
},
{
    "model": "auth.permission",
    "pk": 63,
    "fields": {
        "name": "Can delete personel",
        "content_type": 16,
        "codename": "delete_personel"
    }
},
{
    "model": "auth.permission",
    "pk": 64,
    "fields": {
        "name": "Can view personel",
        "content_type": 16,
        "codename": "view_personel"
    }
},
{
    "model": "auth.permission",
    "pk": 65,
    "fields": {
        "name": "Can add wallet upgrades",
        "content_type": 17,
        "codename": "add_walletupgrades"
    }
},
{
    "model": "auth.permission",
    "pk": 66,
    "fields": {
        "name": "Can change wallet upgrades",
        "content_type": 17,
        "codename": "change_walletupgrades"
    }
},
{
    "model": "auth.permission",
    "pk": 67,
    "fields": {
        "name": "Can delete wallet upgrades",
        "content_type": 17,
        "codename": "delete_walletupgrades"
    }
},
{
    "model": "auth.permission",
    "pk": 68,
    "fields": {
        "name": "Can view wallet upgrades",
        "content_type": 17,
        "codename": "view_walletupgrades"
    }
},
{
    "model": "auth.permission",
    "pk": 69,
    "fields": {
        "name": "Can add card",
        "content_type": 18,
        "codename": "add_card"
    }
},
{
    "model": "auth.permission",
    "pk": 70,
    "fields": {
        "name": "Can change card",
        "content_type": 18,
        "codename": "change_card"
    }
},
{
    "model": "auth.permission",
    "pk": 71,
    "fields": {
        "name": "Can delete card",
        "content_type": 18,
        "codename": "delete_card"
    }
},
{
    "model": "auth.permission",
    "pk": 72,
    "fields": {
        "name": "Can view card",
        "content_type": 18,
        "codename": "view_card"
    }
},
{
    "model": "auth.permission",
    "pk": 73,
    "fields": {
        "name": "Can add permission",
        "content_type": 19,
        "codename": "add_permission"
    }
},
{
    "model": "auth.permission",
    "pk": 74,
    "fields": {
        "name": "Can change permission",
        "content_type": 19,
        "codename": "change_permission"
    }
},
{
    "model": "auth.permission",
    "pk": 75,
    "fields": {
        "name": "Can delete permission",
        "content_type": 19,
        "codename": "delete_permission"
    }
},
{
    "model": "auth.permission",
    "pk": 76,
    "fields": {
        "name": "Can view permission",
        "content_type": 19,
        "codename": "view_permission"
    }
},
{
    "model": "auth.permission",
    "pk": 77,
    "fields": {
        "name": "Can add group",
        "content_type": 20,
        "codename": "add_group"
    }
},
{
    "model": "auth.permission",
    "pk": 78,
    "fields": {
        "name": "Can change group",
        "content_type": 20,
        "codename": "change_group"
    }
},
{
    "model": "auth.permission",
    "pk": 79,
    "fields": {
        "name": "Can delete group",
        "content_type": 20,
        "codename": "delete_group"
    }
},
{
    "model": "auth.permission",
    "pk": 80,
    "fields": {
        "name": "Can view group",
        "content_type": 20,
        "codename": "view_group"
    }
},
{
    "model": "auth.permission",
    "pk": 81,
    "fields": {
        "name": "Can add user",
        "content_type": 21,
        "codename": "add_user"
    }
},
{
    "model": "auth.permission",
    "pk": 82,
    "fields": {
        "name": "Can change user",
        "content_type": 21,
        "codename": "change_user"
    }
},
{
    "model": "auth.permission",
    "pk": 83,
    "fields": {
        "name": "Can delete user",
        "content_type": 21,
        "codename": "delete_user"
    }
},
{
    "model": "auth.permission",
    "pk": 84,
    "fields": {
        "name": "Can view user",
        "content_type": 21,
        "codename": "view_user"
    }
},
{
    "model": "auth.permission",
    "pk": 85,
    "fields": {
        "name": "Can add content type",
        "content_type": 22,
        "codename": "add_contenttype"
    }
},
{
    "model": "auth.permission",
    "pk": 86,
    "fields": {
        "name": "Can change content type",
        "content_type": 22,
        "codename": "change_contenttype"
    }
},
{
    "model": "auth.permission",
    "pk": 87,
    "fields": {
        "name": "Can delete content type",
        "content_type": 22,
        "codename": "delete_contenttype"
    }
},
{
    "model": "auth.permission",
    "pk": 88,
    "fields": {
        "name": "Can view content type",
        "content_type": 22,
        "codename": "view_contenttype"
    }
},
{
    "model": "auth.permission",
    "pk": 89,
    "fields": {
        "name": "Can add session",
        "content_type": 23,
        "codename": "add_session"
    }
},
{
    "model": "auth.permission",
    "pk": 90,
    "fields": {
        "name": "Can change session",
        "content_type": 23,
        "codename": "change_session"
    }
},
{
    "model": "auth.permission",
    "pk": 91,
    "fields": {
        "name": "Can delete session",
        "content_type": 23,
        "codename": "delete_session"
    }
},
{
    "model": "auth.permission",
    "pk": 92,
    "fields": {
        "name": "Can view session",
        "content_type": 23,
        "codename": "view_session"
    }
},
{
    "model": "auth.permission",
    "pk": 93,
    "fields": {
        "name": "Can add Theme",
        "content_type": 1,
        "codename": "add_theme"
    }
},
{
    "model": "auth.permission",
    "pk": 94,
    "fields": {
        "name": "Can change Theme",
        "content_type": 1,
        "codename": "change_theme"
    }
},
{
    "model": "auth.permission",
    "pk": 95,
    "fields": {
        "name": "Can delete Theme",
        "content_type": 1,
        "codename": "delete_theme"
    }
},
{
    "model": "auth.permission",
    "pk": 96,
    "fields": {
        "name": "Can view Theme",
        "content_type": 1,
        "codename": "view_theme"
    }
},
{
    "model": "auth.permission",
    "pk": 97,
    "fields": {
        "name": "Can add blacklisted token",
        "content_type": 2,
        "codename": "add_blacklistedtoken"
    }
},
{
    "model": "auth.permission",
    "pk": 98,
    "fields": {
        "name": "Can change blacklisted token",
        "content_type": 2,
        "codename": "change_blacklistedtoken"
    }
},
{
    "model": "auth.permission",
    "pk": 99,
    "fields": {
        "name": "Can delete blacklisted token",
        "content_type": 2,
        "codename": "delete_blacklistedtoken"
    }
},
{
    "model": "auth.permission",
    "pk": 100,
    "fields": {
        "name": "Can view blacklisted token",
        "content_type": 2,
        "codename": "view_blacklistedtoken"
    }
},
{
    "model": "auth.permission",
    "pk": 101,
    "fields": {
        "name": "Can add outstanding token",
        "content_type": 3,
        "codename": "add_outstandingtoken"
    }
},
{
    "model": "auth.permission",
    "pk": 102,
    "fields": {
        "name": "Can change outstanding token",
        "content_type": 3,
        "codename": "change_outstandingtoken"
    }
},
{
    "model": "auth.permission",
    "pk": 103,
    "fields": {
        "name": "Can delete outstanding token",
        "content_type": 3,
        "codename": "delete_outstandingtoken"
    }
},
{
    "model": "auth.permission",
    "pk": 104,
    "fields": {
        "name": "Can view outstanding token",
        "content_type": 3,
        "codename": "view_outstandingtoken"
    }
},
{
    "model": "auth.permission",
    "pk": 105,
    "fields": {
        "name": "Can add barcycle",
        "content_type": 4,
        "codename": "add_barcycle"
    }
},
{
    "model": "auth.permission",
    "pk": 106,
    "fields": {
        "name": "Can change barcycle",
        "content_type": 4,
        "codename": "change_barcycle"
    }
},
{
    "model": "auth.permission",
    "pk": 107,
    "fields": {
        "name": "Can delete barcycle",
        "content_type": 4,
        "codename": "delete_barcycle"
    }
},
{
    "model": "auth.permission",
    "pk": 108,
    "fields": {
        "name": "Can view barcycle",
        "content_type": 4,
        "codename": "view_barcycle"
    }
},
{
    "model": "auth.permission",
    "pk": 109,
    "fields": {
        "name": "Can add category",
        "content_type": 5,
        "codename": "add_category"
    }
},
{
    "model": "auth.permission",
    "pk": 110,
    "fields": {
        "name": "Can change category",
        "content_type": 5,
        "codename": "change_category"
    }
},
{
    "model": "auth.permission",
    "pk": 111,
    "fields": {
        "name": "Can delete category",
        "content_type": 5,
        "codename": "delete_category"
    }
},
{
    "model": "auth.permission",
    "pk": 112,
    "fields": {
        "name": "Can view category",
        "content_type": 5,
        "codename": "view_category"
    }
},
{
    "model": "auth.permission",
    "pk": 113,
    "fields": {
        "name": "Can add order",
        "content_type": 6,
        "codename": "add_order"
    }
},
{
    "model": "auth.permission",
    "pk": 114,
    "fields": {
        "name": "Can change order",
        "content_type": 6,
        "codename": "change_order"
    }
},
{
    "model": "auth.permission",
    "pk": 115,
    "fields": {
        "name": "Can delete order",
        "content_type": 6,
        "codename": "delete_order"
    }
},
{
    "model": "auth.permission",
    "pk": 116,
    "fields": {
        "name": "Can view order",
        "content_type": 6,
        "codename": "view_order"
    }
},
{
    "model": "auth.permission",
    "pk": 117,
    "fields": {
        "name": "Can add product",
        "content_type": 7,
        "codename": "add_product"
    }
},
{
    "model": "auth.permission",
    "pk": 118,
    "fields": {
        "name": "Can change product",
        "content_type": 7,
        "codename": "change_product"
    }
},
{
    "model": "auth.permission",
    "pk": 119,
    "fields": {
        "name": "Can delete product",
        "content_type": 7,
        "codename": "delete_product"
    }
},
{
    "model": "auth.permission",
    "pk": 120,
    "fields": {
        "name": "Can view product",
        "content_type": 7,
        "codename": "view_product"
    }
},
{
    "model": "auth.permission",
    "pk": 121,
    "fields": {
        "name": "Can add purchase",
        "content_type": 8,
        "codename": "add_purchase"
    }
},
{
    "model": "auth.permission",
    "pk": 122,
    "fields": {
        "name": "Can change purchase",
        "content_type": 8,
        "codename": "change_purchase"
    }
},
{
    "model": "auth.permission",
    "pk": 123,
    "fields": {
        "name": "Can delete purchase",
        "content_type": 8,
        "codename": "delete_purchase"
    }
},
{
    "model": "auth.permission",
    "pk": 124,
    "fields": {
        "name": "Can view purchase",
        "content_type": 8,
        "codename": "view_purchase"
    }
},
{
    "model": "auth.permission",
    "pk": 125,
    "fields": {
        "name": "Can add report",
        "content_type": 9,
        "codename": "add_report"
    }
},
{
    "model": "auth.permission",
    "pk": 126,
    "fields": {
        "name": "Can change report",
        "content_type": 9,
        "codename": "change_report"
    }
},
{
    "model": "auth.permission",
    "pk": 127,
    "fields": {
        "name": "Can delete report",
        "content_type": 9,
        "codename": "delete_report"
    }
},
{
    "model": "auth.permission",
    "pk": 128,
    "fields": {
        "name": "Can view report",
        "content_type": 9,
        "codename": "view_report"
    }
},
{
    "model": "auth.permission",
    "pk": 129,
    "fields": {
        "name": "Can add hap order",
        "content_type": 10,
        "codename": "add_haporder"
    }
},
{
    "model": "auth.permission",
    "pk": 130,
    "fields": {
        "name": "Can change hap order",
        "content_type": 10,
        "codename": "change_haporder"
    }
},
{
    "model": "auth.permission",
    "pk": 131,
    "fields": {
        "name": "Can delete hap order",
        "content_type": 10,
        "codename": "delete_haporder"
    }
},
{
    "model": "auth.permission",
    "pk": 132,
    "fields": {
        "name": "Can view hap order",
        "content_type": 10,
        "codename": "view_haporder"
    }
},
{
    "model": "auth.permission",
    "pk": 133,
    "fields": {
        "name": "Can add hap payment",
        "content_type": 11,
        "codename": "add_happayment"
    }
},
{
    "model": "auth.permission",
    "pk": 134,
    "fields": {
        "name": "Can change hap payment",
        "content_type": 11,
        "codename": "change_happayment"
    }
},
{
    "model": "auth.permission",
    "pk": 135,
    "fields": {
        "name": "Can delete hap payment",
        "content_type": 11,
        "codename": "delete_happayment"
    }
},
{
    "model": "auth.permission",
    "pk": 136,
    "fields": {
        "name": "Can view hap payment",
        "content_type": 11,
        "codename": "view_happayment"
    }
},
{
    "model": "auth.permission",
    "pk": 137,
    "fields": {
        "name": "Can add Hap",
        "content_type": 12,
        "codename": "add_happen"
    }
},
{
    "model": "auth.permission",
    "pk": 138,
    "fields": {
        "name": "Can change Hap",
        "content_type": 12,
        "codename": "change_happen"
    }
},
{
    "model": "auth.permission",
    "pk": 139,
    "fields": {
        "name": "Can delete Hap",
        "content_type": 12,
        "codename": "delete_happen"
    }
},
{
    "model": "auth.permission",
    "pk": 140,
    "fields": {
        "name": "Can view Hap",
        "content_type": 12,
        "codename": "view_happen"
    }
},
{
    "model": "auth.permission",
    "pk": 141,
    "fields": {
        "name": "Can add holder",
        "content_type": 13,
        "codename": "add_holder"
    }
},
{
    "model": "auth.permission",
    "pk": 142,
    "fields": {
        "name": "Can change holder",
        "content_type": 13,
        "codename": "change_holder"
    }
},
{
    "model": "auth.permission",
    "pk": 143,
    "fields": {
        "name": "Can delete holder",
        "content_type": 13,
        "codename": "delete_holder"
    }
},
{
    "model": "auth.permission",
    "pk": 144,
    "fields": {
        "name": "Can view holder",
        "content_type": 13,
        "codename": "view_holder"
    }
},
{
    "model": "auth.permission",
    "pk": 145,
    "fields": {
        "name": "Can add personel",
        "content_type": 14,
        "codename": "add_personel"
    }
},
{
    "model": "auth.permission",
    "pk": 146,
    "fields": {
        "name": "Can change personel",
        "content_type": 14,
        "codename": "change_personel"
    }
},
{
    "model": "auth.permission",
    "pk": 147,
    "fields": {
        "name": "Can delete personel",
        "content_type": 14,
        "codename": "delete_personel"
    }
},
{
    "model": "auth.permission",
    "pk": 148,
    "fields": {
        "name": "Can view personel",
        "content_type": 14,
        "codename": "view_personel"
    }
},
{
    "model": "auth.permission",
    "pk": 149,
    "fields": {
        "name": "Can add Wallet Upgrade",
        "content_type": 15,
        "codename": "add_walletupgrades"
    }
},
{
    "model": "auth.permission",
    "pk": 150,
    "fields": {
        "name": "Can change Wallet Upgrade",
        "content_type": 15,
        "codename": "change_walletupgrades"
    }
},
{
    "model": "auth.permission",
    "pk": 151,
    "fields": {
        "name": "Can delete Wallet Upgrade",
        "content_type": 15,
        "codename": "delete_walletupgrades"
    }
},
{
    "model": "auth.permission",
    "pk": 152,
    "fields": {
        "name": "Can view Wallet Upgrade",
        "content_type": 15,
        "codename": "view_walletupgrades"
    }
},
{
    "model": "auth.permission",
    "pk": 153,
    "fields": {
        "name": "Can add card",
        "content_type": 16,
        "codename": "add_card"
    }
},
{
    "model": "auth.permission",
    "pk": 154,
    "fields": {
        "name": "Can change card",
        "content_type": 16,
        "codename": "change_card"
    }
},
{
    "model": "auth.permission",
    "pk": 155,
    "fields": {
        "name": "Can delete card",
        "content_type": 16,
        "codename": "delete_card"
    }
},
{
    "model": "auth.permission",
    "pk": 156,
    "fields": {
        "name": "Can view card",
        "content_type": 16,
        "codename": "view_card"
    }
},
{
    "model": "auth.permission",
    "pk": 157,
    "fields": {
        "name": "Can add mollie payments",
        "content_type": 17,
        "codename": "add_molliepayments"
    }
},
{
    "model": "auth.permission",
    "pk": 158,
    "fields": {
        "name": "Can change mollie payments",
        "content_type": 17,
        "codename": "change_molliepayments"
    }
},
{
    "model": "auth.permission",
    "pk": 159,
    "fields": {
        "name": "Can delete mollie payments",
        "content_type": 17,
        "codename": "delete_molliepayments"
    }
},
{
    "model": "auth.permission",
    "pk": 160,
    "fields": {
        "name": "Can view mollie payments",
        "content_type": 17,
        "codename": "view_molliepayments"
    }
},
{
    "model": "auth.permission",
    "pk": 161,
    "fields": {
        "name": "Can add log entry",
        "content_type": 18,
        "codename": "add_logentry"
    }
},
{
    "model": "auth.permission",
    "pk": 162,
    "fields": {
        "name": "Can change log entry",
        "content_type": 18,
        "codename": "change_logentry"
    }
},
{
    "model": "auth.permission",
    "pk": 163,
    "fields": {
        "name": "Can delete log entry",
        "content_type": 18,
        "codename": "delete_logentry"
    }
},
{
    "model": "auth.permission",
    "pk": 164,
    "fields": {
        "name": "Can view log entry",
        "content_type": 18,
        "codename": "view_logentry"
    }
},
{
    "model": "auth.group",
    "pk": 1,
    "fields": {
        "name": "Tapper",
        "permissions": []
    }
},
{
    "model": "auth.group",
    "pk": 2,
    "fields": {
        "name": "Preases Imperfectus",
        "permissions": []
    }
},
{
    "model": "auth.group",
    "pk": 3,
    "fields": {
        "name": "Bestuur",
        "permissions": []
    }
},
{
    "model": "auth.user",
    "pk": 1,
    "fields": {
        "password": "pbkdf2_sha256$320000$Nj8dbCvPyWIdkC6PEsYTej$BiK9JVVPfZya1T+SeDfuq+SpYXxLld7rRImPZzvR5cM=",
        "last_login": "2022-10-29T16:43:57Z",
        "is_superuser": true,
        "username": "GMaduro1",
        "first_name": "Gustavo1dadsdadads",
        "last_name": "Maduro",
        "email": "",
        "is_staff": true,
        "is_active": true,
        "date_joined": "2022-10-20T20:31:00Z",
        "groups": [],
        "user_permissions": [
            49,
            50,
            52
        ]
    }
},
{
    "model": "auth.user",
    "pk": 3,
    "fields": {
        "password": "Feeling history trouble writer foot attack. New radio those property. Nation case financial in.",
        "last_login": "1995-07-05T06:44:26Z",
        "is_superuser": false,
        "username": "jwilliams",
        "first_name": "Katherine",
        "last_name": "Wallace",
        "email": "baguirre@example.net",
        "is_staff": true,
        "is_active": true,
        "date_joined": "2022-10-20T20:35:41.176Z",
        "groups": [],
        "user_permissions": []
    }
},
{
    "model": "auth.user",
    "pk": 4,
    "fields": {
        "password": "Level anyone rather along. Skill mouth popular make particularly include tax. Six put use impact wide trade information.",
        "last_login": "1998-12-04T23:53:34Z",
        "is_superuser": false,
        "username": "kimberlyhart",
        "first_name": "James",
        "last_name": "Scott",
        "email": "jaredtaylor@example.net",
        "is_staff": true,
        "is_active": true,
        "date_joined": "2022-10-20T20:35:41.176Z",
        "groups": [],
        "user_permissions": []
    }
},
{
    "model": "auth.user",
    "pk": 5,
    "fields": {
        "password": "Apply weight source spend. Drug myself western show sing defense. Scientist both form company several quality.",
        "last_login": "2016-07-13T23:11:15Z",
        "is_superuser": true,
        "username": "janetshaw",
        "first_name": "Kevin",
        "last_name": "Luna",
        "email": "wmitchell@example.net",
        "is_staff": true,
        "is_active": true,
        "date_joined": "2022-10-20T20:35:41.176Z",
        "groups": [],
        "user_permissions": []
    }
},
{
    "model": "auth.user",
    "pk": 6,
    "fields": {
        "password": "Could trade the light list become never world.\nNumber poor number.",
        "last_login": "2022-09-06T15:04:23Z",
        "is_superuser": true,
        "username": "cynthiaknox",
        "first_name": "Michele",
        "last_name": "Monroe",
        "email": "zacharyterry@example.net",
        "is_staff": false,
        "is_active": true,
        "date_joined": "2022-10-20T20:35:41.176Z",
        "groups": [],
        "user_permissions": []
    }
},
{
    "model": "auth.user",
    "pk": 7,
    "fields": {
        "password": "Sing study son find bed movie. Mouth there reason future assume next fund risk. His ago Mr budget side.",
        "last_login": "1993-03-18T22:45:12Z",
        "is_superuser": true,
        "username": "jzavala",
        "first_name": "Chelsea",
        "last_name": "Fisher",
        "email": "lmora@example.com",
        "is_staff": true,
        "is_active": true,
        "date_joined": "2022-10-20T20:35:41.176Z",
        "groups": [],
        "user_permissions": []
    }
},
{
    "model": "auth.user",
    "pk": 10,
    "fields": {
        "password": "Movie pay cold character language. Fall information ask capital.\nWife throw suffer ok.",
        "last_login": "1989-01-02T14:12:19Z",
        "is_superuser": false,
        "username": "mmiles",
        "first_name": "Jonathan",
        "last_name": "Williams",
        "email": "charles17@example.com",
        "is_staff": false,
        "is_active": true,
        "date_joined": "2022-10-20T20:35:41.176Z",
        "groups": [],
        "user_permissions": []
    }
},
{
    "model": "auth.user",
    "pk": 12,
    "fields": {
        "password": "Stand sign less almost alone exactly. Decision story watch argue argue. Live able once hour answer baby score.",
        "last_login": "1982-07-30T05:53:57Z",
        "is_superuser": false,
        "username": "ramseykelly",
        "first_name": "Mary",
        "last_name": "Ford",
        "email": "sarah72@example.org",
        "is_staff": false,
        "is_active": true,
        "date_joined": "2022-10-20T20:35:41.176Z",
        "groups": [],
        "user_permissions": []
    }
},
{
    "model": "auth.user",
    "pk": 13,
    "fields": {
        "password": "Increase view chance president travel great. Federal degree note budget rule respond as eye.",
        "last_login": "2022-07-12T02:11:16Z",
        "is_superuser": true,
        "username": "jeffreywong",
        "first_name": "James",
        "last_name": "Castillo",
        "email": "maria72@example.org",
        "is_staff": true,
        "is_active": true,
        "date_joined": "2022-10-20T20:35:41.176Z",
        "groups": [],
        "user_permissions": []
    }
},
{
    "model": "auth.user",
    "pk": 15,
    "fields": {
        "password": "Real Congress difference. Manager theory crime. Public age land teacher.",
        "last_login": "1982-11-27T04:54:17Z",
        "is_superuser": false,
        "username": "molliePayments",
        "first_name": "Auto",
        "last_name": "Personel",
        "email": "",
        "is_staff": false,
        "is_active": false,
        "date_joined": "2022-10-20T20:35:41Z",
        "groups": [],
        "user_permissions": []
    }
},
{
    "model": "auth.user",
    "pk": 17,
    "fields": {
        "password": "Tree local anything practice if side south.",
        "last_login": "2004-03-28T01:23:15Z",
        "is_superuser": true,
        "username": "michael85",
        "first_name": "Mary",
        "last_name": "Carter",
        "email": "meltonwilliam@example.org",
        "is_staff": true,
        "is_active": true,
        "date_joined": "2022-10-20T20:36:47.276Z",
        "groups": [],
        "user_permissions": []
    }
},
{
    "model": "auth.user",
    "pk": 19,
    "fields": {
        "password": "Plan positive me prevent develop often. Recently while environment back however a may yard.",
        "last_login": "1989-06-30T22:47:05Z",
        "is_superuser": false,
        "username": "julie62",
        "first_name": "Seth",
        "last_name": "Martin",
        "email": "zcollins@example.com",
        "is_staff": false,
        "is_active": true,
        "date_joined": "2022-10-20T20:36:47.276Z",
        "groups": [],
        "user_permissions": []
    }
},
{
    "model": "auth.user",
    "pk": 20,
    "fields": {
        "password": "Your computer student close white media matter. Method weight meet page occur want situation.",
        "last_login": "1978-06-26T23:03:47Z",
        "is_superuser": false,
        "username": "coopermary",
        "first_name": "Patrick",
        "last_name": "Lopez",
        "email": "chapmanmatthew@example.com",
        "is_staff": false,
        "is_active": true,
        "date_joined": "2022-10-20T20:36:47.276Z",
        "groups": [],
        "user_permissions": []
    }
},
{
    "model": "auth.user",
    "pk": 23,
    "fields": {
        "password": "Break baby couple inside. Car area it population base. Single here garden daughter indicate hope garden.",
        "last_login": "2001-05-12T14:04:16Z",
        "is_superuser": true,
        "username": "davidobrien",
        "first_name": "James",
        "last_name": "Martin",
        "email": "nathanhill@example.net",
        "is_staff": false,
        "is_active": true,
        "date_joined": "2022-10-20T20:36:47.276Z",
        "groups": [],
        "user_permissions": []
    }
},
{
    "model": "auth.user",
    "pk": 24,
    "fields": {
        "password": "Who return after there summer television skin. Wide eight generation wind. Director pull skin particularly great.",
        "last_login": "1973-12-25T05:43:53Z",
        "is_superuser": false,
        "username": "james55",
        "first_name": "Donald",
        "last_name": "Johnson",
        "email": "andrewbrewer@example.org",
        "is_staff": false,
        "is_active": true,
        "date_joined": "2022-10-20T20:36:47.276Z",
        "groups": [],
        "user_permissions": []
    }
},
{
    "model": "auth.user",
    "pk": 25,
    "fields": {
        "password": "Performance man focus data outside billion hour. Past property quite goal blood social once.",
        "last_login": "1992-10-27T10:15:53Z",
        "is_superuser": false,
        "username": "morrislaura",
        "first_name": "Robin",
        "last_name": "Myers",
        "email": "cortezjoseph@example.org",
        "is_staff": true,
        "is_active": true,
        "date_joined": "2022-10-20T20:36:47.276Z",
        "groups": [],
        "user_permissions": []
    }
},
{
    "model": "auth.user",
    "pk": 27,
    "fields": {
        "password": "Game debate when model.\nPut through play run be decide. Resource information first investment look artist serve.",
        "last_login": "1981-09-21T07:13:44Z",
        "is_superuser": false,
        "username": "owilliams",
        "first_name": "Hannah",
        "last_name": "Howard",
        "email": "andreacherry@example.net",
        "is_staff": true,
        "is_active": true,
        "date_joined": "2022-10-20T20:36:47.276Z",
        "groups": [],
        "user_permissions": []
    }
},
{
    "model": "auth.user",
    "pk": 30,
    "fields": {
        "password": "Prevent detail every politics start evening. Agreement serve open discover ready. Respond base again middle.",
        "last_login": "2013-11-19T22:23:36Z",
        "is_superuser": false,
        "username": "kristen35",
        "first_name": "Ashley",
        "last_name": "Hawkins",
        "email": "charlestran@example.com",
        "is_staff": false,
        "is_active": true,
        "date_joined": "2022-10-20T20:36:47.276Z",
        "groups": [],
        "user_permissions": []
    }
},
{
    "model": "auth.user",
    "pk": 31,
    "fields": {
        "password": "Choice media just. Idea season sport let drive. Bank bed bring very form word writer.",
        "last_login": "1984-01-28T17:19:07Z",
        "is_superuser": true,
        "username": "egilmore",
        "first_name": "Cynthia",
        "last_name": "Rodriguez",
        "email": "davidmcpherson@example.net",
        "is_staff": false,
        "is_active": true,
        "date_joined": "2022-10-20T20:36:47.276Z",
        "groups": [],
        "user_permissions": []
    }
},
{
    "model": "auth.user",
    "pk": 32,
    "fields": {
        "password": "Miss care Mrs mouth significant reality. Guess play consider couple event state. Wonder cup customer however.",
        "last_login": "1987-03-30T00:38:34Z",
        "is_superuser": true,
        "username": "johnsmith",
        "first_name": "Richard",
        "last_name": "King",
        "email": "cynthiatran@example.org",
        "is_staff": true,
        "is_active": true,
        "date_joined": "2022-10-20T20:41:58.084Z",
        "groups": [],
        "user_permissions": []
    }
},
{
    "model": "auth.user",
    "pk": 34,
    "fields": {
        "password": "Into other sort guy. Approach story paper commercial charge majority feel. Against long all central hour.",
        "last_login": "2007-09-16T19:49:58Z",
        "is_superuser": false,
        "username": "edwinsmith",
        "first_name": "Melissa",
        "last_name": "Morrow",
        "email": "joshua43@example.com",
        "is_staff": false,
        "is_active": true,
        "date_joined": "2022-10-20T20:41:58.084Z",
        "groups": [],
        "user_permissions": []
    }
},
{
    "model": "auth.user",
    "pk": 35,
    "fields": {
        "password": "Book short speak beat real central. Authority present benefit explain decade people economy.",
        "last_login": "1991-02-26T11:18:06Z",
        "is_superuser": true,
        "username": "marshallpatrick",
        "first_name": "Christopher",
        "last_name": "Chen",
        "email": "kathleencooke@example.com",
        "is_staff": true,
        "is_active": true,
        "date_joined": "2022-10-20T20:41:58.084Z",
        "groups": [],
        "user_permissions": []
    }
},
{
    "model": "auth.user",
    "pk": 37,
    "fields": {
        "password": "Value focus start realize. Cost card position their look letter.",
        "last_login": "2005-11-15T05:04:14Z",
        "is_superuser": false,
        "username": "ghorn",
        "first_name": "Audrey",
        "last_name": "Quinn",
        "email": "xwilson@example.com",
        "is_staff": false,
        "is_active": true,
        "date_joined": "2022-10-20T20:41:58.084Z",
        "groups": [],
        "user_permissions": []
    }
},
{
    "model": "auth.user",
    "pk": 39,
    "fields": {
        "password": "Treatment society plan.\nLine issue always recent west director. She hard interview rather rock democratic work.",
        "last_login": "1983-10-31T09:00:44Z",
        "is_superuser": false,
        "username": "ewood",
        "first_name": "Riley",
        "last_name": "Barrera",
        "email": "kdavis@example.com",
        "is_staff": false,
        "is_active": true,
        "date_joined": "2022-10-20T20:41:58.084Z",
        "groups": [],
        "user_permissions": []
    }
},
{
    "model": "auth.user",
    "pk": 40,
    "fields": {
        "password": "Draw score both. Series least candidate from operation. Perhaps because how letter.",
        "last_login": "1998-02-24T06:19:43Z",
        "is_superuser": true,
        "username": "jacob01",
        "first_name": "Robert",
        "last_name": "Wallace",
        "email": "joel16@example.com",
        "is_staff": true,
        "is_active": true,
        "date_joined": "2022-10-20T20:41:58.084Z",
        "groups": [],
        "user_permissions": []
    }
},
{
    "model": "auth.user",
    "pk": 41,
    "fields": {
        "password": "Green ten sometimes make successful member. Election then theory ground individual. Card outside nearly. Send hotel red.",
        "last_login": "1976-02-15T07:02:42Z",
        "is_superuser": true,
        "username": "jruiz",
        "first_name": "Stephen",
        "last_name": "Lee",
        "email": "wdoyle@example.com",
        "is_staff": false,
        "is_active": true,
        "date_joined": "2022-10-20T20:41:58.084Z",
        "groups": [],
        "user_permissions": []
    }
},
{
    "model": "auth.user",
    "pk": 42,
    "fields": {
        "password": "Effort feel two manage decision. Hospital challenge pull to. Message hair direction social.",
        "last_login": "2000-03-15T04:05:56Z",
        "is_superuser": true,
        "username": "kaylatorres",
        "first_name": "Kristin",
        "last_name": "Miles",
        "email": "david91@example.org",
        "is_staff": true,
        "is_active": true,
        "date_joined": "2022-10-20T20:41:58.084Z",
        "groups": [],
        "user_permissions": []
    }
},
{
    "model": "auth.user",
    "pk": 44,
    "fields": {
        "password": "South consumer expect. Market suddenly arrive use cold more. Sure exactly power off though.",
        "last_login": "1996-02-18T11:23:20Z",
        "is_superuser": true,
        "username": "linda89",
        "first_name": "Mark",
        "last_name": "Yang",
        "email": "monica98@example.com",
        "is_staff": false,
        "is_active": true,
        "date_joined": "2022-10-20T20:41:58.084Z",
        "groups": [],
        "user_permissions": []
    }
},
{
    "model": "auth.user",
    "pk": 46,
    "fields": {
        "password": "Open effort wife he anyone protect product appear. Because similar your trial player behind. Image threat time.",
        "last_login": "2008-03-27T08:39:10Z",
        "is_superuser": false,
        "username": "christine66",
        "first_name": "David",
        "last_name": "Johnson",
        "email": "umoss@example.com",
        "is_staff": false,
        "is_active": true,
        "date_joined": "2022-10-20T20:41:58Z",
        "groups": [],
        "user_permissions": []
    }
},
{
    "model": "auth.user",
    "pk": 47,
    "fields": {
        "password": "Provide stay evidence significant moment. Arm although five gun pick.",
        "last_login": "1978-02-10T14:34:13Z",
        "is_superuser": false,
        "username": "Derek Thompson",
        "first_name": "Mark Chase",
        "last_name": "Monique Adams",
        "email": "katelyngarcia@example.org",
        "is_staff": false,
        "is_active": true,
        "date_joined": "2022-10-21T13:51:07.715Z",
        "groups": [],
        "user_permissions": []
    }
},
{
    "model": "auth.user",
    "pk": 50,
    "fields": {
        "password": "Would black sing. Force law participant site over. Technology exist American nation identify.",
        "last_login": "1995-12-25T04:33:32Z",
        "is_superuser": false,
        "username": "Jason Walker MD",
        "first_name": "Jared Stanley",
        "last_name": "Jeremiah Lloyd",
        "email": "shayes@example.org",
        "is_staff": false,
        "is_active": true,
        "date_joined": "2022-10-21T13:51:07.715Z",
        "groups": [],
        "user_permissions": []
    }
},
{
    "model": "auth.user",
    "pk": 51,
    "fields": {
        "password": "Hard reason list since television while choice. Guy himself behind claim believe morning soldier call.",
        "last_login": "1977-12-29T15:52:54Z",
        "is_superuser": true,
        "username": "Dave Bullock",
        "first_name": "Amber Perez MD",
        "last_name": "Laura Moore",
        "email": "michelle85@example.net",
        "is_staff": false,
        "is_active": true,
        "date_joined": "2022-10-21T13:51:07.715Z",
        "groups": [],
        "user_permissions": []
    }
},
{
    "model": "auth.user",
    "pk": 53,
    "fields": {
        "password": "Practice language various tell. Seek poor change firm whatever lay.",
        "last_login": "2011-12-25T05:32:31Z",
        "is_superuser": false,
        "username": "Nathan Baldwin",
        "first_name": "Sara Baker",
        "last_name": "Kenneth Brown",
        "email": "fernandezjeremy@example.net",
        "is_staff": true,
        "is_active": true,
        "date_joined": "2022-10-21T13:51:07.715Z",
        "groups": [],
        "user_permissions": []
    }
},
{
    "model": "auth.user",
    "pk": 55,
    "fields": {
        "password": "Everybody about top these. Present forward speech station woman end.",
        "last_login": "1994-02-28T02:19:45Z",
        "is_superuser": false,
        "username": "Natalie Thomas DDS",
        "first_name": "Taylor Harris",
        "last_name": "Kimberly Robinson",
        "email": "epatton@example.net",
        "is_staff": true,
        "is_active": true,
        "date_joined": "2022-10-21T13:51:07.715Z",
        "groups": [],
        "user_permissions": []
    }
},
{
    "model": "auth.user",
    "pk": 76,
    "fields": {
        "password": "",
        "last_login": "2022-11-23T03:40:41.666Z",
        "is_superuser": true,
        "username": "GMaduro",
        "first_name": "Gustavo",
        "last_name": "Maduro",
        "email": "",
        "is_staff": true,
        "is_active": true,
        "date_joined": "2022-10-23T19:59:48Z",
        "groups": [],
        "user_permissions": []
    }
},
{
    "model": "auth.user",
    "pk": 77,
    "fields": {
        "password": "",
        "last_login": "2022-11-01T17:08:06Z",
        "is_superuser": true,
        "username": "wwwcie",
        "first_name": "wwwcie",
        "last_name": "hoog",
        "email": "",
        "is_staff": true,
        "is_active": true,
        "date_joined": "2022-10-30T22:06:29Z",
        "groups": [],
        "user_permissions": []
    }
}
]
