[
{
    "model": "admin_interface.theme",
    "pk": 1,
    "fields": {
        "name": "Django",
        "active": false,
        "title": "Django administration",
        "title_color": "#F5DD5D",
        "title_visible": true,
        "logo": "",
        "logo_color": "#FFFFFF",
        "logo_max_width": 400,
        "logo_max_height": 100,
        "logo_visible": true,
        "favicon": "",
        "env_name": "",
        "env_color": "#E74C3C",
        "env_visible_in_header": true,
        "env_visible_in_favicon": true,
        "language_chooser_active": true,
        "language_chooser_control": "default-select",
        "language_chooser_display": "code",
        "css_header_background_color": "#0C4B33",
        "css_header_text_color": "#44B78B",
        "css_header_link_color": "#FFFFFF",
        "css_header_link_hover_color": "#C9F0DD",
        "css_module_background_color": "#44B78B",
        "css_module_background_selected_color": "#FFFFCC",
        "css_module_text_color": "#FFFFFF",
        "css_module_link_color": "#FFFFFF",
        "css_module_link_selected_color": "#FFFFFF",
        "css_module_link_hover_color": "#C9F0DD",
        "css_module_rounded_corners": true,
        "css_generic_link_color": "#0C3C26",
        "css_generic_link_hover_color": "#156641",
        "css_save_button_background_color": "#0C4B33",
        "css_save_button_background_hover_color": "#0C3C26",
        "css_save_button_text_color": "#FFFFFF",
        "css_delete_button_background_color": "#BA2121",
        "css_delete_button_background_hover_color": "#A41515",
        "css_delete_button_text_color": "#FFFFFF",
        "related_modal_active": true,
        "related_modal_background_color": "#000000",
        "related_modal_background_opacity": "0.3",
        "related_modal_rounded_corners": true,
        "related_modal_close_button_visible": true,
        "list_filter_highlight": true,
        "list_filter_dropdown": true,
        "list_filter_sticky": true,
        "list_filter_removal_links": false,
        "foldable_apps": true,
        "recent_actions_visible": true,
        "form_submit_sticky": false,
        "form_pagination_sticky": false
    }
},
{
    "model": "admin_interface.theme",
    "pk": 2,
    "fields": {
        "name": "Mamon",
        "active": true,
        "title": "Bier voor een euro",
        "title_color": "#F5DD5D",
        "title_visible": true,
        "logo": "",
        "logo_color": "#FFFFFF",
        "logo_max_width": 400,
        "logo_max_height": 100,
        "logo_visible": true,
        "favicon": "",
        "env_name": "Mamon",
        "env_color": "#E74C3C",
        "env_visible_in_header": true,
        "env_visible_in_favicon": true,
        "language_chooser_active": true,
        "language_chooser_control": "default-select",
        "language_chooser_display": "code",
        "css_header_background_color": "#0C4B33",
        "css_header_text_color": "#44B78B",
        "css_header_link_color": "#FFFFFF",
        "css_header_link_hover_color": "#C9F0DD",
        "css_module_background_color": "#44B78B",
        "css_module_background_selected_color": "#FFFFCC",
        "css_module_text_color": "#FFFFFF",
        "css_module_link_color": "#FFFFFF",
        "css_module_link_selected_color": "#FFFFFF",
        "css_module_link_hover_color": "#C9F0DD",
        "css_module_rounded_corners": true,
        "css_generic_link_color": "#0C3C26",
        "css_generic_link_hover_color": "#156641",
        "css_save_button_background_color": "#0C4B33",
        "css_save_button_background_hover_color": "#0C3C26",
        "css_save_button_text_color": "#FFFFFF",
        "css_delete_button_background_color": "#BA2121",
        "css_delete_button_background_hover_color": "#A41515",
        "css_delete_button_text_color": "#FFFFFF",
        "related_modal_active": true,
        "related_modal_background_color": "#000000",
        "related_modal_background_opacity": "0.3",
        "related_modal_rounded_corners": true,
        "related_modal_close_button_visible": true,
        "list_filter_highlight": true,
        "list_filter_dropdown": true,
        "list_filter_sticky": true,
        "list_filter_removal_links": false,
        "foldable_apps": true,
        "recent_actions_visible": true,
        "form_submit_sticky": false,
        "form_pagination_sticky": false
    }
},
{
    "model": "token_blacklist.outstandingtoken",
    "pk": 1,
    "fields": {
        "user": 76,
        "jti": "c6f5de88fc8a41c1b6dfb41240b54fd3",
        "token": "eyJ0eXAiOiJKV1QiLCJhbGciOiJIUzI1NiJ9.eyJ0b2tlbl90eXBlIjoicmVmcmVzaCIsImV4cCI6MTY2OTI4OTY0NiwiaWF0IjoxNjY3OTkzNjQ2LCJqdGkiOiJjNmY1ZGU4OGZjOGE0MWMxYjZkZmI0MTI0MGI1NGZkMyIsInVzZXJfaWQiOjc2fQ.36Ul5k8MDgisAYVwF0mMShz0N6dTb6N0lL8JYzIL5qo",
        "created_at": "2022-11-09T11:34:06.136Z",
        "expires_at": "2022-11-24T11:34:06Z"
    }
},
{
    "model": "token_blacklist.outstandingtoken",
    "pk": 2,
    "fields": {
        "user": 76,
        "jti": "51eb6edd76cc4147a0852b3cd376eb47",
        "token": "eyJ0eXAiOiJKV1QiLCJhbGciOiJIUzI1NiJ9.eyJ0b2tlbl90eXBlIjoicmVmcmVzaCIsImV4cCI6MTY2OTM4NTYxMCwiaWF0IjoxNjY4MDg5NjEwLCJqdGkiOiI1MWViNmVkZDc2Y2M0MTQ3YTA4NTJiM2NkMzc2ZWI0NyIsInVzZXJfaWQiOjc2fQ.W_OHOCC6ixOuaegTkBlIJNlJOcPdQuOOCsqI_sTtPqc",
        "created_at": "2022-11-10T14:13:30.700Z",
        "expires_at": "2022-11-25T14:13:30Z"
    }
},
{
    "model": "token_blacklist.outstandingtoken",
    "pk": 35,
    "fields": {
        "user": 76,
        "jti": "4a59ef07eaae4bf99ae79b81b139f1bd",
        "token": "eyJ0eXAiOiJKV1QiLCJhbGciOiJIUzI1NiJ9.eyJ0b2tlbl90eXBlIjoicmVmcmVzaCIsImV4cCI6MTY3MDExMzI0MSwiaWF0IjoxNjY4ODE3MjQxLCJqdGkiOiI0YTU5ZWYwN2VhYWU0YmY5OWFlNzliODFiMTM5ZjFiZCIsInVzZXJfaWQiOjc2fQ.L-JsaEFDIGM2XrXlJsxchkSDywG5vLeEYVyuy6c6aKo",
        "created_at": "2022-11-19T00:20:41.408Z",
        "expires_at": "2022-12-04T00:20:41Z"
    }
},
{
    "model": "token_blacklist.outstandingtoken",
    "pk": 36,
    "fields": {
        "user": 76,
        "jti": "1bcb32c90168421188003845baaacab3",
        "token": "eyJ0eXAiOiJKV1QiLCJhbGciOiJIUzI1NiJ9.eyJ0b2tlbl90eXBlIjoicmVmcmVzaCIsImV4cCI6MTY3MDEyMDEzNiwiaWF0IjoxNjY4ODI0MTM2LCJqdGkiOiIxYmNiMzJjOTAxNjg0MjExODgwMDM4NDViYWFhY2FiMyIsInVzZXJfaWQiOjc2fQ.-bPVMJX4sr8XvpLamUenIf8AAmiKjLSlXylp8ezBtso",
        "created_at": "2022-11-19T02:15:36.287Z",
        "expires_at": "2022-12-04T02:15:36Z"
    }
},
{
    "model": "token_blacklist.outstandingtoken",
    "pk": 37,
    "fields": {
        "user": null,
        "jti": "28f2641ecdef4ac8b8a2c98cf7c8c81c",
        "token": "eyJ0eXAiOiJKV1QiLCJhbGciOiJIUzI1NiJ9.eyJ0b2tlbl90eXBlIjoicmVmcmVzaCIsImV4cCI6MTY3MDEyMDIwNSwiaWF0IjoxNjY4ODI0MjA1LCJqdGkiOiIyOGYyNjQxZWNkZWY0YWM4YjhhMmM5OGNmN2M4YzgxYyIsInVzZXJfaWQiOjc2LCJuYW1lIjoiR3VzdGF2byBNYWR1cm8iLCJyb2xlcyI6W10sImltYWdlIjoiL21lZGlhZmlsZXMvcGVyc29uZWwvQldDLnBuZyIsIm5pY2tuYW1lIjoiZ3VzX2hvbGRlcl9wZXJzIiwicGVyc29uZWxfaWQiOjY1LCJ1c2VybmFtZSI6IkdNYWR1cm8ifQ.fa1GZfFhfqtzeMXI4iKLVgOVcdEciaoEZ77qKkXTegE",
        "created_at": null,
        "expires_at": "2022-12-04T02:16:45Z"
    }
},
{
    "model": "token_blacklist.outstandingtoken",
    "pk": 38,
    "fields": {
        "user": null,
        "jti": "17746c7385dc4f719b18b7bfa7d5b915",
        "token": "eyJ0eXAiOiJKV1QiLCJhbGciOiJIUzI1NiJ9.eyJ0b2tlbl90eXBlIjoicmVmcmVzaCIsImV4cCI6MTY3MDEyMDIwNSwiaWF0IjoxNjY4ODI0MjA1LCJqdGkiOiIxNzc0NmM3Mzg1ZGM0ZjcxOWIxOGI3YmZhN2Q1YjkxNSIsInVzZXJfaWQiOjc2LCJuYW1lIjoiR3VzdGF2byBNYWR1cm8iLCJyb2xlcyI6W10sImltYWdlIjoiL21lZGlhZmlsZXMvcGVyc29uZWwvQldDLnBuZyIsIm5pY2tuYW1lIjoiZ3VzX2hvbGRlcl9wZXJzIiwicGVyc29uZWxfaWQiOjY1LCJ1c2VybmFtZSI6IkdNYWR1cm8ifQ.kmn5IB6OPZ78qPsIt1oliuwYNz6mbvXB2dqiST2RCzk",
        "created_at": null,
        "expires_at": "2022-12-04T02:16:45Z"
    }
},
{
    "model": "token_blacklist.outstandingtoken",
    "pk": 39,
    "fields": {
        "user": null,
        "jti": "7cef7663ca2b42faa02dc32301aee3fa",
        "token": "eyJ0eXAiOiJKV1QiLCJhbGciOiJIUzI1NiJ9.eyJ0b2tlbl90eXBlIjoicmVmcmVzaCIsImV4cCI6MTY3MDEyMDI4MywiaWF0IjoxNjY4ODI0MjgzLCJqdGkiOiI3Y2VmNzY2M2NhMmI0MmZhYTAyZGMzMjMwMWFlZTNmYSIsInVzZXJfaWQiOjc2LCJuYW1lIjoiR3VzdGF2byBNYWR1cm8iLCJyb2xlcyI6W10sImltYWdlIjoiL21lZGlhZmlsZXMvcGVyc29uZWwvQldDLnBuZyIsIm5pY2tuYW1lIjoiZ3VzX2hvbGRlcl9wZXJzIiwicGVyc29uZWxfaWQiOjY1LCJ1c2VybmFtZSI6IkdNYWR1cm8ifQ.yH_QGJV4074ZHHJlzo-J_NJpxrHVo6F_rIDo8IZWdO8",
        "created_at": null,
        "expires_at": "2022-12-04T02:18:03Z"
    }
},
{
    "model": "token_blacklist.outstandingtoken",
    "pk": 40,
    "fields": {
        "user": null,
        "jti": "88938940efd1409fad0b3d14567df1fd",
        "token": "eyJ0eXAiOiJKV1QiLCJhbGciOiJIUzI1NiJ9.eyJ0b2tlbl90eXBlIjoicmVmcmVzaCIsImV4cCI6MTY3MDEyMDI4OSwiaWF0IjoxNjY4ODI0Mjg5LCJqdGkiOiI4ODkzODk0MGVmZDE0MDlmYWQwYjNkMTQ1NjdkZjFmZCIsInVzZXJfaWQiOjc2LCJuYW1lIjoiR3VzdGF2byBNYWR1cm8iLCJyb2xlcyI6W10sImltYWdlIjoiL21lZGlhZmlsZXMvcGVyc29uZWwvQldDLnBuZyIsIm5pY2tuYW1lIjoiZ3VzX2hvbGRlcl9wZXJzIiwicGVyc29uZWxfaWQiOjY1LCJ1c2VybmFtZSI6IkdNYWR1cm8ifQ.4hkkgB5Kbg7RgNI28JY5SsGGPBcG_pE_i70plqLkta0",
        "created_at": null,
        "expires_at": "2022-12-04T02:18:09Z"
    }
},
{
    "model": "token_blacklist.outstandingtoken",
    "pk": 41,
    "fields": {
        "user": null,
        "jti": "4dcd5b714d1c4323877f667237596f60",
        "token": "eyJ0eXAiOiJKV1QiLCJhbGciOiJIUzI1NiJ9.eyJ0b2tlbl90eXBlIjoicmVmcmVzaCIsImV4cCI6MTY3MDEyMDI5NiwiaWF0IjoxNjY4ODI0Mjk2LCJqdGkiOiI0ZGNkNWI3MTRkMWM0MzIzODc3ZjY2NzIzNzU5NmY2MCIsInVzZXJfaWQiOjc2LCJuYW1lIjoiR3VzdGF2byBNYWR1cm8iLCJyb2xlcyI6W10sImltYWdlIjoiL21lZGlhZmlsZXMvcGVyc29uZWwvQldDLnBuZyIsIm5pY2tuYW1lIjoiZ3VzX2hvbGRlcl9wZXJzIiwicGVyc29uZWxfaWQiOjY1LCJ1c2VybmFtZSI6IkdNYWR1cm8ifQ.ClVmV1tQYX-rSXLpSG_WsEidVHEfllNw83oP3Aw6xCE",
        "created_at": null,
        "expires_at": "2022-12-04T02:18:16Z"
    }
},
{
    "model": "token_blacklist.outstandingtoken",
    "pk": 42,
    "fields": {
        "user": null,
        "jti": "9469b866024a417da5fa54ffd6269f05",
        "token": "eyJ0eXAiOiJKV1QiLCJhbGciOiJIUzI1NiJ9.eyJ0b2tlbl90eXBlIjoicmVmcmVzaCIsImV4cCI6MTY3MDEyMDMwOSwiaWF0IjoxNjY4ODI0MzA5LCJqdGkiOiI5NDY5Yjg2NjAyNGE0MTdkYTVmYTU0ZmZkNjI2OWYwNSIsInVzZXJfaWQiOjc2LCJuYW1lIjoiR3VzdGF2byBNYWR1cm8iLCJyb2xlcyI6W10sImltYWdlIjoiL21lZGlhZmlsZXMvcGVyc29uZWwvQldDLnBuZyIsIm5pY2tuYW1lIjoiZ3VzX2hvbGRlcl9wZXJzIiwicGVyc29uZWxfaWQiOjY1LCJ1c2VybmFtZSI6IkdNYWR1cm8ifQ.Aw1-wzIl56XH19sNnT_VADTkHdRMrDRuMGEDrku5fl8",
        "created_at": null,
        "expires_at": "2022-12-04T02:18:29Z"
    }
},
{
    "model": "token_blacklist.outstandingtoken",
    "pk": 43,
    "fields": {
        "user": null,
        "jti": "b5ae1974438746bc83c13b9a1002b493",
        "token": "eyJ0eXAiOiJKV1QiLCJhbGciOiJIUzI1NiJ9.eyJ0b2tlbl90eXBlIjoicmVmcmVzaCIsImV4cCI6MTY3MDEyMDMyOSwiaWF0IjoxNjY4ODI0MzI5LCJqdGkiOiJiNWFlMTk3NDQzODc0NmJjODNjMTNiOWExMDAyYjQ5MyIsInVzZXJfaWQiOjc2LCJuYW1lIjoiR3VzdGF2byBNYWR1cm8iLCJyb2xlcyI6W10sImltYWdlIjoiL21lZGlhZmlsZXMvcGVyc29uZWwvQldDLnBuZyIsIm5pY2tuYW1lIjoiZ3VzX2hvbGRlcl9wZXJzIiwicGVyc29uZWxfaWQiOjY1LCJ1c2VybmFtZSI6IkdNYWR1cm8ifQ.Sda3rooIMHWw5ToC8Qm48EiOmM--hi8TSmgO1bp4Mnc",
        "created_at": null,
        "expires_at": "2022-12-04T02:18:49Z"
    }
},
{
    "model": "token_blacklist.outstandingtoken",
    "pk": 44,
    "fields": {
        "user": 76,
        "jti": "e576d2048f3a42ee8bbc4d6fddc46e2a",
        "token": "eyJ0eXAiOiJKV1QiLCJhbGciOiJIUzI1NiJ9.eyJ0b2tlbl90eXBlIjoicmVmcmVzaCIsImV4cCI6MTY3MDEyMDQ5MSwiaWF0IjoxNjY4ODI0NDkxLCJqdGkiOiJlNTc2ZDIwNDhmM2E0MmVlOGJiYzRkNmZkZGM0NmUyYSIsInVzZXJfaWQiOjc2fQ.GenM68uJ0V8EyWJM4U9jkDZi90zul30WqboLLsK8hh8",
        "created_at": "2022-11-19T02:21:31.338Z",
        "expires_at": "2022-12-04T02:21:31Z"
    }
},
{
    "model": "token_blacklist.outstandingtoken",
    "pk": 45,
    "fields": {
        "user": null,
        "jti": "445b0a1f92264b6cbe35bd07163b58d8",
        "token": "eyJ0eXAiOiJKV1QiLCJhbGciOiJIUzI1NiJ9.eyJ0b2tlbl90eXBlIjoicmVmcmVzaCIsImV4cCI6MTY3MDEyMDcyOSwiaWF0IjoxNjY4ODI0NzI5LCJqdGkiOiI0NDViMGExZjkyMjY0YjZjYmUzNWJkMDcxNjNiNThkOCIsInVzZXJfaWQiOjc2LCJuYW1lIjoiR3VzdGF2byBNYWR1cm8iLCJyb2xlcyI6W10sImltYWdlIjoiL21lZGlhZmlsZXMvcGVyc29uZWwvQldDLnBuZyIsIm5pY2tuYW1lIjoiZ3VzX2hvbGRlcl9wZXJzIiwicGVyc29uZWxfaWQiOjY1LCJ1c2VybmFtZSI6IkdNYWR1cm8ifQ.LaBFDDU6M_zQNKfO9AsYY21rJBbW75hcCfIz7r7RnNw",
        "created_at": null,
        "expires_at": "2022-12-04T02:25:29Z"
    }
},
{
    "model": "token_blacklist.outstandingtoken",
    "pk": 46,
    "fields": {
        "user": null,
        "jti": "5b968c8d883a4c1a95398b06a2833aaf",
        "token": "eyJ0eXAiOiJKV1QiLCJhbGciOiJIUzI1NiJ9.eyJ0b2tlbl90eXBlIjoicmVmcmVzaCIsImV4cCI6MTY3MDEyMDc2NCwiaWF0IjoxNjY4ODI0NzY0LCJqdGkiOiI1Yjk2OGM4ZDg4M2E0YzFhOTUzOThiMDZhMjgzM2FhZiIsInVzZXJfaWQiOjc2LCJuYW1lIjoiR3VzdGF2byBNYWR1cm8iLCJyb2xlcyI6W10sImltYWdlIjoiL21lZGlhZmlsZXMvcGVyc29uZWwvQldDLnBuZyIsIm5pY2tuYW1lIjoiZ3VzX2hvbGRlcl9wZXJzIiwicGVyc29uZWxfaWQiOjY1LCJ1c2VybmFtZSI6IkdNYWR1cm8ifQ.QrDxDS5sbUniHHSddPhG58HZgL3tfzeBw-TS1tRiblM",
        "created_at": null,
        "expires_at": "2022-12-04T02:26:04Z"
    }
},
{
    "model": "token_blacklist.outstandingtoken",
    "pk": 47,
    "fields": {
        "user": null,
        "jti": "e82f56b8fc2d4e7191edaf04ebae5e30",
        "token": "eyJ0eXAiOiJKV1QiLCJhbGciOiJIUzI1NiJ9.eyJ0b2tlbl90eXBlIjoicmVmcmVzaCIsImV4cCI6MTY3MDEyMDg0MiwiaWF0IjoxNjY4ODI0ODQyLCJqdGkiOiJlODJmNTZiOGZjMmQ0ZTcxOTFlZGFmMDRlYmFlNWUzMCIsInVzZXJfaWQiOjc2LCJuYW1lIjoiR3VzdGF2byBNYWR1cm8iLCJyb2xlcyI6W10sImltYWdlIjoiL21lZGlhZmlsZXMvcGVyc29uZWwvQldDLnBuZyIsIm5pY2tuYW1lIjoiZ3VzX2hvbGRlcl9wZXJzIiwicGVyc29uZWxfaWQiOjY1LCJ1c2VybmFtZSI6IkdNYWR1cm8ifQ.FL8K46ahoL2NcrDUZQnG9zepmk58tJezfMOOk043KJU",
        "created_at": null,
        "expires_at": "2022-12-04T02:27:22Z"
    }
},
{
    "model": "token_blacklist.outstandingtoken",
    "pk": 48,
    "fields": {
        "user": null,
        "jti": "f8115d24c12d43609db76dbd6eceee19",
        "token": "eyJ0eXAiOiJKV1QiLCJhbGciOiJIUzI1NiJ9.eyJ0b2tlbl90eXBlIjoicmVmcmVzaCIsImV4cCI6MTY3MDEyMDk1MSwiaWF0IjoxNjY4ODI0OTUxLCJqdGkiOiJmODExNWQyNGMxMmQ0MzYwOWRiNzZkYmQ2ZWNlZWUxOSIsInVzZXJfaWQiOjc2LCJuYW1lIjoiR3VzdGF2byBNYWR1cm8iLCJyb2xlcyI6W10sImltYWdlIjoiL21lZGlhZmlsZXMvcGVyc29uZWwvQldDLnBuZyIsIm5pY2tuYW1lIjoiZ3VzX2hvbGRlcl9wZXJzIiwicGVyc29uZWxfaWQiOjY1LCJ1c2VybmFtZSI6IkdNYWR1cm8ifQ.kVWq61UPA3P7mMgrX18B5hIEDtGhDmxkx7MGxRyeBQg",
        "created_at": null,
        "expires_at": "2022-12-04T02:29:11Z"
    }
},
{
    "model": "token_blacklist.outstandingtoken",
    "pk": 49,
    "fields": {
        "user": null,
        "jti": "fb030025dfea4a50804a002f8ec0715c",
        "token": "eyJ0eXAiOiJKV1QiLCJhbGciOiJIUzI1NiJ9.eyJ0b2tlbl90eXBlIjoicmVmcmVzaCIsImV4cCI6MTY3MDEyMDk2MSwiaWF0IjoxNjY4ODI0OTYxLCJqdGkiOiJmYjAzMDAyNWRmZWE0YTUwODA0YTAwMmY4ZWMwNzE1YyIsInVzZXJfaWQiOjc2LCJuYW1lIjoiR3VzdGF2byBNYWR1cm8iLCJyb2xlcyI6W10sImltYWdlIjoiL21lZGlhZmlsZXMvcGVyc29uZWwvQldDLnBuZyIsIm5pY2tuYW1lIjoiZ3VzX2hvbGRlcl9wZXJzIiwicGVyc29uZWxfaWQiOjY1LCJ1c2VybmFtZSI6IkdNYWR1cm8ifQ.ivbkSP3LB6rLe0VlLiL5rL1rCWZzNA_FkVdMWgM1tMc",
        "created_at": null,
        "expires_at": "2022-12-04T02:29:21Z"
    }
},
{
    "model": "token_blacklist.outstandingtoken",
    "pk": 50,
    "fields": {
        "user": null,
        "jti": "d9f4737515dd44568e9d4fae91396343",
        "token": "eyJ0eXAiOiJKV1QiLCJhbGciOiJIUzI1NiJ9.eyJ0b2tlbl90eXBlIjoicmVmcmVzaCIsImV4cCI6MTY3MDEyMTM3NCwiaWF0IjoxNjY4ODI1Mzc0LCJqdGkiOiJkOWY0NzM3NTE1ZGQ0NDU2OGU5ZDRmYWU5MTM5NjM0MyIsInVzZXJfaWQiOjc2LCJuYW1lIjoiR3VzdGF2byBNYWR1cm8iLCJyb2xlcyI6W10sImltYWdlIjoiL21lZGlhZmlsZXMvcGVyc29uZWwvQldDLnBuZyIsIm5pY2tuYW1lIjoiZ3VzX2hvbGRlcl9wZXJzIiwicGVyc29uZWxfaWQiOjY1LCJ1c2VybmFtZSI6IkdNYWR1cm8ifQ.0RZNaTaZOdXAoRyMTMhY2ckgttKll_cjLnmUqJHglhU",
        "created_at": null,
        "expires_at": "2022-12-04T02:36:14Z"
    }
},
{
    "model": "token_blacklist.outstandingtoken",
    "pk": 51,
    "fields": {
        "user": null,
        "jti": "e08672c7eaf64b8aac9bae19712f0517",
        "token": "eyJ0eXAiOiJKV1QiLCJhbGciOiJIUzI1NiJ9.eyJ0b2tlbl90eXBlIjoicmVmcmVzaCIsImV4cCI6MTY3MDEyMTM5NywiaWF0IjoxNjY4ODI1Mzk3LCJqdGkiOiJlMDg2NzJjN2VhZjY0YjhhYWM5YmFlMTk3MTJmMDUxNyIsInVzZXJfaWQiOjc2LCJuYW1lIjoiR3VzdGF2byBNYWR1cm8iLCJyb2xlcyI6W10sImltYWdlIjoiL21lZGlhZmlsZXMvcGVyc29uZWwvQldDLnBuZyIsIm5pY2tuYW1lIjoiZ3VzX2hvbGRlcl9wZXJzIiwicGVyc29uZWxfaWQiOjY1LCJ1c2VybmFtZSI6IkdNYWR1cm8ifQ.yQcfsUl4ZlZj116U5w0hgrZfRjPrEpcHtxeMgkYmIGg",
        "created_at": null,
        "expires_at": "2022-12-04T02:36:37Z"
    }
},
{
    "model": "token_blacklist.outstandingtoken",
    "pk": 52,
    "fields": {
        "user": null,
        "jti": "5bad020a9c484eeb8f4d8b1d32bc0ef4",
        "token": "eyJ0eXAiOiJKV1QiLCJhbGciOiJIUzI1NiJ9.eyJ0b2tlbl90eXBlIjoicmVmcmVzaCIsImV4cCI6MTY3MDEyMTM5OCwiaWF0IjoxNjY4ODI1Mzk4LCJqdGkiOiI1YmFkMDIwYTljNDg0ZWViOGY0ZDhiMWQzMmJjMGVmNCIsInVzZXJfaWQiOjc2LCJuYW1lIjoiR3VzdGF2byBNYWR1cm8iLCJyb2xlcyI6W10sImltYWdlIjoiL21lZGlhZmlsZXMvcGVyc29uZWwvQldDLnBuZyIsIm5pY2tuYW1lIjoiZ3VzX2hvbGRlcl9wZXJzIiwicGVyc29uZWxfaWQiOjY1LCJ1c2VybmFtZSI6IkdNYWR1cm8ifQ.rHI-6H-hQdvMMHSRXAK58oujUuubZtQZEYUW7NOZM5w",
        "created_at": null,
        "expires_at": "2022-12-04T02:36:38Z"
    }
},
{
    "model": "token_blacklist.outstandingtoken",
    "pk": 53,
    "fields": {
        "user": null,
        "jti": "1de9921e29c549a49aa94bab5c528b39",
        "token": "eyJ0eXAiOiJKV1QiLCJhbGciOiJIUzI1NiJ9.eyJ0b2tlbl90eXBlIjoicmVmcmVzaCIsImV4cCI6MTY3MDEyMTQwOCwiaWF0IjoxNjY4ODI1NDA4LCJqdGkiOiIxZGU5OTIxZTI5YzU0OWE0OWFhOTRiYWI1YzUyOGIzOSIsInVzZXJfaWQiOjc2LCJuYW1lIjoiR3VzdGF2byBNYWR1cm8iLCJyb2xlcyI6W10sImltYWdlIjoiL21lZGlhZmlsZXMvcGVyc29uZWwvQldDLnBuZyIsIm5pY2tuYW1lIjoiZ3VzX2hvbGRlcl9wZXJzIiwicGVyc29uZWxfaWQiOjY1LCJ1c2VybmFtZSI6IkdNYWR1cm8ifQ.yxqI5GxZ1DJRSuZB77ReO_be358Ki-GwjKCmoF-hdME",
        "created_at": null,
        "expires_at": "2022-12-04T02:36:48Z"
    }
},
{
    "model": "token_blacklist.outstandingtoken",
    "pk": 54,
    "fields": {
        "user": null,
        "jti": "0d593ff7bd144489a6647a94346271d8",
        "token": "eyJ0eXAiOiJKV1QiLCJhbGciOiJIUzI1NiJ9.eyJ0b2tlbl90eXBlIjoicmVmcmVzaCIsImV4cCI6MTY3MDEyMTQxMSwiaWF0IjoxNjY4ODI1NDExLCJqdGkiOiIwZDU5M2ZmN2JkMTQ0NDg5YTY2NDdhOTQzNDYyNzFkOCIsInVzZXJfaWQiOjc2LCJuYW1lIjoiR3VzdGF2byBNYWR1cm8iLCJyb2xlcyI6W10sImltYWdlIjoiL21lZGlhZmlsZXMvcGVyc29uZWwvQldDLnBuZyIsIm5pY2tuYW1lIjoiZ3VzX2hvbGRlcl9wZXJzIiwicGVyc29uZWxfaWQiOjY1LCJ1c2VybmFtZSI6IkdNYWR1cm8ifQ.2U-noGDEZDk_nFaT-KWnAK1WqHA1CkKC0yx2RLq-YzY",
        "created_at": null,
        "expires_at": "2022-12-04T02:36:51Z"
    }
},
{
    "model": "token_blacklist.outstandingtoken",
    "pk": 55,
    "fields": {
        "user": null,
        "jti": "d24c935c42974c2eb2301128aa16c44f",
        "token": "eyJ0eXAiOiJKV1QiLCJhbGciOiJIUzI1NiJ9.eyJ0b2tlbl90eXBlIjoicmVmcmVzaCIsImV4cCI6MTY3MDEyMTU2MiwiaWF0IjoxNjY4ODI1NTYyLCJqdGkiOiJkMjRjOTM1YzQyOTc0YzJlYjIzMDExMjhhYTE2YzQ0ZiIsInVzZXJfaWQiOjc2LCJuYW1lIjoiR3VzdGF2byBNYWR1cm8iLCJyb2xlcyI6W10sImltYWdlIjoiL21lZGlhZmlsZXMvcGVyc29uZWwvQldDLnBuZyIsIm5pY2tuYW1lIjoiZ3VzX2hvbGRlcl9wZXJzIiwicGVyc29uZWxfaWQiOjY1LCJ1c2VybmFtZSI6IkdNYWR1cm8ifQ.Tl3Q6AUtNY9nAH_ZQFHX_Y0sdYKPplNQxzg5MVzgP9g",
        "created_at": null,
        "expires_at": "2022-12-04T02:39:22Z"
    }
},
{
    "model": "token_blacklist.outstandingtoken",
    "pk": 56,
    "fields": {
        "user": null,
        "jti": "2e1fff350048412ab5ea1483d7494777",
        "token": "eyJ0eXAiOiJKV1QiLCJhbGciOiJIUzI1NiJ9.eyJ0b2tlbl90eXBlIjoicmVmcmVzaCIsImV4cCI6MTY3MDEyMTYwOSwiaWF0IjoxNjY4ODI1NjA5LCJqdGkiOiIyZTFmZmYzNTAwNDg0MTJhYjVlYTE0ODNkNzQ5NDc3NyIsInVzZXJfaWQiOjc2LCJuYW1lIjoiR3VzdGF2byBNYWR1cm8iLCJyb2xlcyI6W10sImltYWdlIjoiL21lZGlhZmlsZXMvcGVyc29uZWwvQldDLnBuZyIsIm5pY2tuYW1lIjoiZ3VzX2hvbGRlcl9wZXJzIiwicGVyc29uZWxfaWQiOjY1LCJ1c2VybmFtZSI6IkdNYWR1cm8ifQ.7h1i584w2YaqIuTpdim428rV7vq9mR8d2hpprtTJ2vM",
        "created_at": null,
        "expires_at": "2022-12-04T02:40:09Z"
    }
},
{
    "model": "token_blacklist.outstandingtoken",
    "pk": 57,
    "fields": {
        "user": null,
        "jti": "95c3596ea5044842a5037adcb7e314fc",
        "token": "eyJ0eXAiOiJKV1QiLCJhbGciOiJIUzI1NiJ9.eyJ0b2tlbl90eXBlIjoicmVmcmVzaCIsImV4cCI6MTY3MDEyMTYzMywiaWF0IjoxNjY4ODI1NjMzLCJqdGkiOiI5NWMzNTk2ZWE1MDQ0ODQyYTUwMzdhZGNiN2UzMTRmYyIsInVzZXJfaWQiOjc2LCJuYW1lIjoiR3VzdGF2byBNYWR1cm8iLCJyb2xlcyI6W10sImltYWdlIjoiL21lZGlhZmlsZXMvcGVyc29uZWwvQldDLnBuZyIsIm5pY2tuYW1lIjoiZ3VzX2hvbGRlcl9wZXJzIiwicGVyc29uZWxfaWQiOjY1LCJ1c2VybmFtZSI6IkdNYWR1cm8ifQ.diXJVz9e6AXyoTlVMSeZQVEusQwPwf4KPmt1DjQuYw4",
        "created_at": null,
        "expires_at": "2022-12-04T02:40:33Z"
    }
},
{
    "model": "token_blacklist.outstandingtoken",
    "pk": 58,
    "fields": {
        "user": null,
        "jti": "064b4ac6545641bca1f82ddacbf5e4af",
        "token": "eyJ0eXAiOiJKV1QiLCJhbGciOiJIUzI1NiJ9.eyJ0b2tlbl90eXBlIjoicmVmcmVzaCIsImV4cCI6MTY3MDEyMTY0MiwiaWF0IjoxNjY4ODI1NjQyLCJqdGkiOiIwNjRiNGFjNjU0NTY0MWJjYTFmODJkZGFjYmY1ZTRhZiIsInVzZXJfaWQiOjc2LCJuYW1lIjoiR3VzdGF2byBNYWR1cm8iLCJyb2xlcyI6W10sImltYWdlIjoiL21lZGlhZmlsZXMvcGVyc29uZWwvQldDLnBuZyIsIm5pY2tuYW1lIjoiZ3VzX2hvbGRlcl9wZXJzIiwicGVyc29uZWxfaWQiOjY1LCJ1c2VybmFtZSI6IkdNYWR1cm8ifQ.2MVh72RxGp0bWu8ViTZ3EFdQznZFMM3wBaQUPS9XFnQ",
        "created_at": null,
        "expires_at": "2022-12-04T02:40:42Z"
    }
},
{
    "model": "token_blacklist.outstandingtoken",
    "pk": 59,
    "fields": {
        "user": null,
        "jti": "73b23b4993e047d595eca29f0268e962",
        "token": "eyJ0eXAiOiJKV1QiLCJhbGciOiJIUzI1NiJ9.eyJ0b2tlbl90eXBlIjoicmVmcmVzaCIsImV4cCI6MTY3MDEyMTY0OCwiaWF0IjoxNjY4ODI1NjQ4LCJqdGkiOiI3M2IyM2I0OTkzZTA0N2Q1OTVlY2EyOWYwMjY4ZTk2MiIsInVzZXJfaWQiOjc2LCJuYW1lIjoiR3VzdGF2byBNYWR1cm8iLCJyb2xlcyI6W10sImltYWdlIjoiL21lZGlhZmlsZXMvcGVyc29uZWwvQldDLnBuZyIsIm5pY2tuYW1lIjoiZ3VzX2hvbGRlcl9wZXJzIiwicGVyc29uZWxfaWQiOjY1LCJ1c2VybmFtZSI6IkdNYWR1cm8ifQ.M5X9rmr8KSzda0c0zq-7eltBdreZTcaXdqeTgMNx-hQ",
        "created_at": null,
        "expires_at": "2022-12-04T02:40:48Z"
    }
},
{
    "model": "token_blacklist.outstandingtoken",
    "pk": 60,
    "fields": {
        "user": null,
        "jti": "d5fee5fa9ed6487684654ce661ae872b",
        "token": "eyJ0eXAiOiJKV1QiLCJhbGciOiJIUzI1NiJ9.eyJ0b2tlbl90eXBlIjoicmVmcmVzaCIsImV4cCI6MTY3MDEyMTY1MywiaWF0IjoxNjY4ODI1NjUzLCJqdGkiOiJkNWZlZTVmYTllZDY0ODc2ODQ2NTRjZTY2MWFlODcyYiIsInVzZXJfaWQiOjc2LCJuYW1lIjoiR3VzdGF2byBNYWR1cm8iLCJyb2xlcyI6W10sImltYWdlIjoiL21lZGlhZmlsZXMvcGVyc29uZWwvQldDLnBuZyIsIm5pY2tuYW1lIjoiZ3VzX2hvbGRlcl9wZXJzIiwicGVyc29uZWxfaWQiOjY1LCJ1c2VybmFtZSI6IkdNYWR1cm8ifQ.GsJHmnNkaMMK85vBjzmkxqLb8hxgQJVP-f4s2Ct8pOA",
        "created_at": null,
        "expires_at": "2022-12-04T02:40:53Z"
    }
},
{
    "model": "token_blacklist.outstandingtoken",
    "pk": 61,
    "fields": {
        "user": null,
        "jti": "7030624042014b30b2ec104ba8ecc6c2",
        "token": "eyJ0eXAiOiJKV1QiLCJhbGciOiJIUzI1NiJ9.eyJ0b2tlbl90eXBlIjoicmVmcmVzaCIsImV4cCI6MTY3MDEyMTY1NywiaWF0IjoxNjY4ODI1NjU3LCJqdGkiOiI3MDMwNjI0MDQyMDE0YjMwYjJlYzEwNGJhOGVjYzZjMiIsInVzZXJfaWQiOjc2LCJuYW1lIjoiR3VzdGF2byBNYWR1cm8iLCJyb2xlcyI6W10sImltYWdlIjoiL21lZGlhZmlsZXMvcGVyc29uZWwvQldDLnBuZyIsIm5pY2tuYW1lIjoiZ3VzX2hvbGRlcl9wZXJzIiwicGVyc29uZWxfaWQiOjY1LCJ1c2VybmFtZSI6IkdNYWR1cm8ifQ.1bNzD57GHd9YMIz4PqZV4r13KUiQPf9RNrW8s8NqYco",
        "created_at": null,
        "expires_at": "2022-12-04T02:40:57Z"
    }
},
{
    "model": "token_blacklist.outstandingtoken",
    "pk": 62,
    "fields": {
        "user": null,
        "jti": "ace3995dc9bf4d4f9b654b5e224750ea",
        "token": "eyJ0eXAiOiJKV1QiLCJhbGciOiJIUzI1NiJ9.eyJ0b2tlbl90eXBlIjoicmVmcmVzaCIsImV4cCI6MTY3MDEyMTY4NSwiaWF0IjoxNjY4ODI1Njg1LCJqdGkiOiJhY2UzOTk1ZGM5YmY0ZDRmOWI2NTRiNWUyMjQ3NTBlYSIsInVzZXJfaWQiOjc2LCJuYW1lIjoiR3VzdGF2byBNYWR1cm8iLCJyb2xlcyI6W10sImltYWdlIjoiL21lZGlhZmlsZXMvcGVyc29uZWwvQldDLnBuZyIsIm5pY2tuYW1lIjoiZ3VzX2hvbGRlcl9wZXJzIiwicGVyc29uZWxfaWQiOjY1LCJ1c2VybmFtZSI6IkdNYWR1cm8ifQ.jI8IBM_QzhYM13uW8MWpO0_zHlgu_F-q91nV-zZEfx4",
        "created_at": null,
        "expires_at": "2022-12-04T02:41:25Z"
    }
},
{
    "model": "token_blacklist.outstandingtoken",
    "pk": 63,
    "fields": {
        "user": null,
        "jti": "f84950381f8547e09cefc7c23ad5a989",
        "token": "eyJ0eXAiOiJKV1QiLCJhbGciOiJIUzI1NiJ9.eyJ0b2tlbl90eXBlIjoicmVmcmVzaCIsImV4cCI6MTY3MDEyMTY4OSwiaWF0IjoxNjY4ODI1Njg5LCJqdGkiOiJmODQ5NTAzODFmODU0N2UwOWNlZmM3YzIzYWQ1YTk4OSIsInVzZXJfaWQiOjc2LCJuYW1lIjoiR3VzdGF2byBNYWR1cm8iLCJyb2xlcyI6W10sImltYWdlIjoiL21lZGlhZmlsZXMvcGVyc29uZWwvQldDLnBuZyIsIm5pY2tuYW1lIjoiZ3VzX2hvbGRlcl9wZXJzIiwicGVyc29uZWxfaWQiOjY1LCJ1c2VybmFtZSI6IkdNYWR1cm8ifQ.ee7ivFgX3hSfqILQJ1J7VAJ4jLA5i2Cj6ijLf4MR01M",
        "created_at": null,
        "expires_at": "2022-12-04T02:41:29Z"
    }
},
{
    "model": "token_blacklist.outstandingtoken",
    "pk": 64,
    "fields": {
        "user": null,
        "jti": "b5752a566d304dae8159af683f3266ab",
        "token": "eyJ0eXAiOiJKV1QiLCJhbGciOiJIUzI1NiJ9.eyJ0b2tlbl90eXBlIjoicmVmcmVzaCIsImV4cCI6MTY3MDEyMTY5MywiaWF0IjoxNjY4ODI1NjkzLCJqdGkiOiJiNTc1MmE1NjZkMzA0ZGFlODE1OWFmNjgzZjMyNjZhYiIsInVzZXJfaWQiOjc2LCJuYW1lIjoiR3VzdGF2byBNYWR1cm8iLCJyb2xlcyI6W10sImltYWdlIjoiL21lZGlhZmlsZXMvcGVyc29uZWwvQldDLnBuZyIsIm5pY2tuYW1lIjoiZ3VzX2hvbGRlcl9wZXJzIiwicGVyc29uZWxfaWQiOjY1LCJ1c2VybmFtZSI6IkdNYWR1cm8ifQ.JGLqq1KnML1zT5UHk1woysh4z0158dGwQTkJwKeSP2U",
        "created_at": null,
        "expires_at": "2022-12-04T02:41:33Z"
    }
},
{
    "model": "token_blacklist.outstandingtoken",
    "pk": 65,
    "fields": {
        "user": null,
        "jti": "2abdaf62e6014445a5f31d4ff674bcd5",
        "token": "eyJ0eXAiOiJKV1QiLCJhbGciOiJIUzI1NiJ9.eyJ0b2tlbl90eXBlIjoicmVmcmVzaCIsImV4cCI6MTY3MDEyMTc2NywiaWF0IjoxNjY4ODI1NzY3LCJqdGkiOiIyYWJkYWY2MmU2MDE0NDQ1YTVmMzFkNGZmNjc0YmNkNSIsInVzZXJfaWQiOjc2LCJuYW1lIjoiR3VzdGF2byBNYWR1cm8iLCJyb2xlcyI6W10sImltYWdlIjoiL21lZGlhZmlsZXMvcGVyc29uZWwvQldDLnBuZyIsIm5pY2tuYW1lIjoiZ3VzX2hvbGRlcl9wZXJzIiwicGVyc29uZWxfaWQiOjY1LCJ1c2VybmFtZSI6IkdNYWR1cm8ifQ.oisSCDT-HZWcWTsIj91HKfgSwRhiaTuPNQ41bcLCJ6E",
        "created_at": null,
        "expires_at": "2022-12-04T02:42:47Z"
    }
},
{
    "model": "token_blacklist.outstandingtoken",
    "pk": 66,
    "fields": {
        "user": null,
        "jti": "66cd90908a5449e29daa722716efa48a",
        "token": "eyJ0eXAiOiJKV1QiLCJhbGciOiJIUzI1NiJ9.eyJ0b2tlbl90eXBlIjoicmVmcmVzaCIsImV4cCI6MTY3MDEyMjIyOSwiaWF0IjoxNjY4ODI2MjI5LCJqdGkiOiI2NmNkOTA5MDhhNTQ0OWUyOWRhYTcyMjcxNmVmYTQ4YSIsInVzZXJfaWQiOjc2LCJuYW1lIjoiR3VzdGF2byBNYWR1cm8iLCJyb2xlcyI6W10sImltYWdlIjoiL21lZGlhZmlsZXMvcGVyc29uZWwvQldDLnBuZyIsIm5pY2tuYW1lIjoiZ3VzX2hvbGRlcl9wZXJzIiwicGVyc29uZWxfaWQiOjY1LCJ1c2VybmFtZSI6IkdNYWR1cm8ifQ.IpHN4yRkAvpSEWdgLycwQOiRJIY7xycvDn8f4Gt1Me0",
        "created_at": null,
        "expires_at": "2022-12-04T02:50:29Z"
    }
},
{
    "model": "token_blacklist.outstandingtoken",
    "pk": 67,
    "fields": {
        "user": null,
        "jti": "ceac4885cf0c4dffa8730aee4737b93e",
        "token": "eyJ0eXAiOiJKV1QiLCJhbGciOiJIUzI1NiJ9.eyJ0b2tlbl90eXBlIjoicmVmcmVzaCIsImV4cCI6MTY3MDEyMzEzOSwiaWF0IjoxNjY4ODI3MTM5LCJqdGkiOiJjZWFjNDg4NWNmMGM0ZGZmYTg3MzBhZWU0NzM3YjkzZSIsInVzZXJfaWQiOjc2LCJuYW1lIjoiR3VzdGF2byBNYWR1cm8iLCJyb2xlcyI6W10sImltYWdlIjoiL21lZGlhZmlsZXMvcGVyc29uZWwvQldDLnBuZyIsIm5pY2tuYW1lIjoiZ3VzX2hvbGRlcl9wZXJzIiwicGVyc29uZWxfaWQiOjY1LCJ1c2VybmFtZSI6IkdNYWR1cm8ifQ.BqjWeIp2T0hNDI1Yv5HG9qW9ho1uqBR2RPjAVF6pEdk",
        "created_at": null,
        "expires_at": "2022-12-04T03:05:39Z"
    }
},
{
    "model": "token_blacklist.outstandingtoken",
    "pk": 68,
    "fields": {
        "user": null,
        "jti": "c30275219b814596af049de96fc3ba8e",
        "token": "eyJ0eXAiOiJKV1QiLCJhbGciOiJIUzI1NiJ9.eyJ0b2tlbl90eXBlIjoicmVmcmVzaCIsImV4cCI6MTY3MDEyMzY4NSwiaWF0IjoxNjY4ODI3Njg1LCJqdGkiOiJjMzAyNzUyMTliODE0NTk2YWYwNDlkZTk2ZmMzYmE4ZSIsInVzZXJfaWQiOjc2LCJuYW1lIjoiR3VzdGF2byBNYWR1cm8iLCJyb2xlcyI6W10sImltYWdlIjoiL21lZGlhZmlsZXMvcGVyc29uZWwvQldDLnBuZyIsIm5pY2tuYW1lIjoiZ3VzX2hvbGRlcl9wZXJzIiwicGVyc29uZWxfaWQiOjY1LCJ1c2VybmFtZSI6IkdNYWR1cm8ifQ.3LvNVSxBg9yKH414EgQTYgaYXLaRVbppWJqenolUrro",
        "created_at": null,
        "expires_at": "2022-12-04T03:14:45Z"
    }
},
{
    "model": "token_blacklist.outstandingtoken",
    "pk": 69,
    "fields": {
        "user": null,
        "jti": "1653fcaab7d0420a95e36bdc7601747f",
        "token": "eyJ0eXAiOiJKV1QiLCJhbGciOiJIUzI1NiJ9.eyJ0b2tlbl90eXBlIjoicmVmcmVzaCIsImV4cCI6MTY3MDEyMzcyNiwiaWF0IjoxNjY4ODI3NzI2LCJqdGkiOiIxNjUzZmNhYWI3ZDA0MjBhOTVlMzZiZGM3NjAxNzQ3ZiIsInVzZXJfaWQiOjc2LCJuYW1lIjoiR3VzdGF2byBNYWR1cm8iLCJyb2xlcyI6W10sImltYWdlIjoiL21lZGlhZmlsZXMvcGVyc29uZWwvQldDLnBuZyIsIm5pY2tuYW1lIjoiZ3VzX2hvbGRlcl9wZXJzIiwicGVyc29uZWxfaWQiOjY1LCJ1c2VybmFtZSI6IkdNYWR1cm8ifQ.ymlbSqA9zpdqRS25IRQgjEjQiBOfJ4q0Fe-nbMTyuWw",
        "created_at": null,
        "expires_at": "2022-12-04T03:15:26Z"
    }
},
{
    "model": "token_blacklist.outstandingtoken",
    "pk": 70,
    "fields": {
        "user": null,
        "jti": "d6f803b65ba149729d770b2a8d75de78",
        "token": "eyJ0eXAiOiJKV1QiLCJhbGciOiJIUzI1NiJ9.eyJ0b2tlbl90eXBlIjoicmVmcmVzaCIsImV4cCI6MTY3MDEyMzczMCwiaWF0IjoxNjY4ODI3NzMwLCJqdGkiOiJkNmY4MDNiNjViYTE0OTcyOWQ3NzBiMmE4ZDc1ZGU3OCIsInVzZXJfaWQiOjc2LCJuYW1lIjoiR3VzdGF2byBNYWR1cm8iLCJyb2xlcyI6W10sImltYWdlIjoiL21lZGlhZmlsZXMvcGVyc29uZWwvQldDLnBuZyIsIm5pY2tuYW1lIjoiZ3VzX2hvbGRlcl9wZXJzIiwicGVyc29uZWxfaWQiOjY1LCJ1c2VybmFtZSI6IkdNYWR1cm8ifQ.mw8vh7cmwpJVAbTTS53YtEdmyWiC6ILySweNB73zjLE",
        "created_at": null,
        "expires_at": "2022-12-04T03:15:30Z"
    }
},
{
    "model": "token_blacklist.outstandingtoken",
    "pk": 71,
    "fields": {
        "user": null,
        "jti": "864ad3596b324df1bef2f45f4879e233",
        "token": "eyJ0eXAiOiJKV1QiLCJhbGciOiJIUzI1NiJ9.eyJ0b2tlbl90eXBlIjoicmVmcmVzaCIsImV4cCI6MTY3MDEyNDA1NiwiaWF0IjoxNjY4ODI4MDU2LCJqdGkiOiI4NjRhZDM1OTZiMzI0ZGYxYmVmMmY0NWY0ODc5ZTIzMyIsInVzZXJfaWQiOjc2LCJuYW1lIjoiR3VzdGF2byBNYWR1cm8iLCJyb2xlcyI6W10sImltYWdlIjoiL21lZGlhZmlsZXMvcGVyc29uZWwvQldDLnBuZyIsIm5pY2tuYW1lIjoiZ3VzX2hvbGRlcl9wZXJzIiwicGVyc29uZWxfaWQiOjY1LCJ1c2VybmFtZSI6IkdNYWR1cm8ifQ.AmWS10dtHH8Lu1kgcOOx4QpzvHiLZ870hzpb1ZfEYVg",
        "created_at": null,
        "expires_at": "2022-12-04T03:20:56Z"
    }
},
{
    "model": "token_blacklist.outstandingtoken",
    "pk": 72,
    "fields": {
        "user": null,
        "jti": "82b6a624f2804c3cab78d1e813669578",
        "token": "eyJ0eXAiOiJKV1QiLCJhbGciOiJIUzI1NiJ9.eyJ0b2tlbl90eXBlIjoicmVmcmVzaCIsImV4cCI6MTY3MDEyNDM3MSwiaWF0IjoxNjY4ODI4MzcxLCJqdGkiOiI4MmI2YTYyNGYyODA0YzNjYWI3OGQxZTgxMzY2OTU3OCIsInVzZXJfaWQiOjc2LCJuYW1lIjoiR3VzdGF2byBNYWR1cm8iLCJyb2xlcyI6W10sImltYWdlIjoiL21lZGlhZmlsZXMvcGVyc29uZWwvQldDLnBuZyIsIm5pY2tuYW1lIjoiZ3VzX2hvbGRlcl9wZXJzIiwicGVyc29uZWxfaWQiOjY1LCJ1c2VybmFtZSI6IkdNYWR1cm8ifQ.r8KDl3ttEg2-5OUzsu3eHPuTaWrljq7AHDHl0HWn95E",
        "created_at": null,
        "expires_at": "2022-12-04T03:26:11Z"
    }
},
{
    "model": "token_blacklist.outstandingtoken",
    "pk": 73,
    "fields": {
        "user": null,
        "jti": "c39a62c91a094af5a7b20f92a3857919",
        "token": "eyJ0eXAiOiJKV1QiLCJhbGciOiJIUzI1NiJ9.eyJ0b2tlbl90eXBlIjoicmVmcmVzaCIsImV4cCI6MTY3MDEyNDQzMiwiaWF0IjoxNjY4ODI4NDMyLCJqdGkiOiJjMzlhNjJjOTFhMDk0YWY1YTdiMjBmOTJhMzg1NzkxOSIsInVzZXJfaWQiOjc2LCJuYW1lIjoiR3VzdGF2byBNYWR1cm8iLCJyb2xlcyI6W10sImltYWdlIjoiL21lZGlhZmlsZXMvcGVyc29uZWwvQldDLnBuZyIsIm5pY2tuYW1lIjoiZ3VzX2hvbGRlcl9wZXJzIiwicGVyc29uZWxfaWQiOjY1LCJ1c2VybmFtZSI6IkdNYWR1cm8ifQ.6Zw_-8TELe6pAqsC-3Vmd25zgGAuRS-oJwLS578ywHE",
        "created_at": null,
        "expires_at": "2022-12-04T03:27:12Z"
    }
},
{
    "model": "token_blacklist.outstandingtoken",
    "pk": 74,
    "fields": {
        "user": null,
        "jti": "bfe179cb8a90493098c3ce1fda988098",
        "token": "eyJ0eXAiOiJKV1QiLCJhbGciOiJIUzI1NiJ9.eyJ0b2tlbl90eXBlIjoicmVmcmVzaCIsImV4cCI6MTY3MDEyNDQ1MSwiaWF0IjoxNjY4ODI4NDUxLCJqdGkiOiJiZmUxNzljYjhhOTA0OTMwOThjM2NlMWZkYTk4ODA5OCIsInVzZXJfaWQiOjc2LCJuYW1lIjoiR3VzdGF2byBNYWR1cm8iLCJyb2xlcyI6W10sImltYWdlIjoiL21lZGlhZmlsZXMvcGVyc29uZWwvQldDLnBuZyIsIm5pY2tuYW1lIjoiZ3VzX2hvbGRlcl9wZXJzIiwicGVyc29uZWxfaWQiOjY1LCJ1c2VybmFtZSI6IkdNYWR1cm8ifQ.ZR1oG9k-rAxzHhps1HFKdtssL40vFvji-o2XvFNt4Qo",
        "created_at": null,
        "expires_at": "2022-12-04T03:27:31Z"
    }
},
{
    "model": "token_blacklist.outstandingtoken",
    "pk": 75,
    "fields": {
        "user": null,
        "jti": "acc14183904549b5bb3a862679245497",
        "token": "eyJ0eXAiOiJKV1QiLCJhbGciOiJIUzI1NiJ9.eyJ0b2tlbl90eXBlIjoicmVmcmVzaCIsImV4cCI6MTY3MDEyNDQ1OSwiaWF0IjoxNjY4ODI4NDU5LCJqdGkiOiJhY2MxNDE4MzkwNDU0OWI1YmIzYTg2MjY3OTI0NTQ5NyIsInVzZXJfaWQiOjc2LCJuYW1lIjoiR3VzdGF2byBNYWR1cm8iLCJyb2xlcyI6W10sImltYWdlIjoiL21lZGlhZmlsZXMvcGVyc29uZWwvQldDLnBuZyIsIm5pY2tuYW1lIjoiZ3VzX2hvbGRlcl9wZXJzIiwicGVyc29uZWxfaWQiOjY1LCJ1c2VybmFtZSI6IkdNYWR1cm8ifQ.AAQDwI7WFAgoxLWDbL1Ak2xZiP5aTpmfSIzOjDNrZF8",
        "created_at": null,
        "expires_at": "2022-12-04T03:27:39Z"
    }
},
{
    "model": "token_blacklist.outstandingtoken",
    "pk": 76,
    "fields": {
        "user": null,
        "jti": "b3fc82d785704bafb19421bd075c150f",
        "token": "eyJ0eXAiOiJKV1QiLCJhbGciOiJIUzI1NiJ9.eyJ0b2tlbl90eXBlIjoicmVmcmVzaCIsImV4cCI6MTY3MDEyNDQ2NiwiaWF0IjoxNjY4ODI4NDY2LCJqdGkiOiJiM2ZjODJkNzg1NzA0YmFmYjE5NDIxYmQwNzVjMTUwZiIsInVzZXJfaWQiOjc2LCJuYW1lIjoiR3VzdGF2byBNYWR1cm8iLCJyb2xlcyI6W10sImltYWdlIjoiL21lZGlhZmlsZXMvcGVyc29uZWwvQldDLnBuZyIsIm5pY2tuYW1lIjoiZ3VzX2hvbGRlcl9wZXJzIiwicGVyc29uZWxfaWQiOjY1LCJ1c2VybmFtZSI6IkdNYWR1cm8ifQ.H8qV8piN2QVpGq754aVjand7Fbl1pNoscbuCUY0gOeM",
        "created_at": null,
        "expires_at": "2022-12-04T03:27:46Z"
    }
},
{
    "model": "token_blacklist.outstandingtoken",
    "pk": 77,
    "fields": {
        "user": null,
        "jti": "7e581135689c46b1972ad4b85cf715d5",
        "token": "eyJ0eXAiOiJKV1QiLCJhbGciOiJIUzI1NiJ9.eyJ0b2tlbl90eXBlIjoicmVmcmVzaCIsImV4cCI6MTY3MDEyNDQ3NiwiaWF0IjoxNjY4ODI4NDc2LCJqdGkiOiI3ZTU4MTEzNTY4OWM0NmIxOTcyYWQ0Yjg1Y2Y3MTVkNSIsInVzZXJfaWQiOjc2LCJuYW1lIjoiR3VzdGF2byBNYWR1cm8iLCJyb2xlcyI6W10sImltYWdlIjoiL21lZGlhZmlsZXMvcGVyc29uZWwvQldDLnBuZyIsIm5pY2tuYW1lIjoiZ3VzX2hvbGRlcl9wZXJzIiwicGVyc29uZWxfaWQiOjY1LCJ1c2VybmFtZSI6IkdNYWR1cm8ifQ.g8EN_xvcIyUJR2pNHLKk2WrY_nAgPuktsHo2cxzMIIw",
        "created_at": null,
        "expires_at": "2022-12-04T03:27:56Z"
    }
},
{
    "model": "token_blacklist.outstandingtoken",
    "pk": 78,
    "fields": {
        "user": null,
        "jti": "9c9a6a058622473bae728e420364f79f",
        "token": "eyJ0eXAiOiJKV1QiLCJhbGciOiJIUzI1NiJ9.eyJ0b2tlbl90eXBlIjoicmVmcmVzaCIsImV4cCI6MTY3MDEyNDUwNywiaWF0IjoxNjY4ODI4NTA3LCJqdGkiOiI5YzlhNmEwNTg2MjI0NzNiYWU3MjhlNDIwMzY0Zjc5ZiIsInVzZXJfaWQiOjc2LCJuYW1lIjoiR3VzdGF2byBNYWR1cm8iLCJyb2xlcyI6W10sImltYWdlIjoiL21lZGlhZmlsZXMvcGVyc29uZWwvQldDLnBuZyIsIm5pY2tuYW1lIjoiZ3VzX2hvbGRlcl9wZXJzIiwicGVyc29uZWxfaWQiOjY1LCJ1c2VybmFtZSI6IkdNYWR1cm8ifQ.Odicd4NJICUxgX3yP8rgjTXEaFRzbQEMXmU2Nf9wDAA",
        "created_at": null,
        "expires_at": "2022-12-04T03:28:27Z"
    }
},
{
    "model": "token_blacklist.outstandingtoken",
    "pk": 79,
    "fields": {
        "user": null,
        "jti": "43d847a3afab40a1b419d97188fa2318",
        "token": "eyJ0eXAiOiJKV1QiLCJhbGciOiJIUzI1NiJ9.eyJ0b2tlbl90eXBlIjoicmVmcmVzaCIsImV4cCI6MTY3MDEyNDUxMCwiaWF0IjoxNjY4ODI4NTEwLCJqdGkiOiI0M2Q4NDdhM2FmYWI0MGExYjQxOWQ5NzE4OGZhMjMxOCIsInVzZXJfaWQiOjc2LCJuYW1lIjoiR3VzdGF2byBNYWR1cm8iLCJyb2xlcyI6W10sImltYWdlIjoiL21lZGlhZmlsZXMvcGVyc29uZWwvQldDLnBuZyIsIm5pY2tuYW1lIjoiZ3VzX2hvbGRlcl9wZXJzIiwicGVyc29uZWxfaWQiOjY1LCJ1c2VybmFtZSI6IkdNYWR1cm8ifQ.VinRwgNjFkEhmEl_2RGvM3DrmxoAcR2ohKtq8pBusnw",
        "created_at": null,
        "expires_at": "2022-12-04T03:28:30Z"
    }
},
{
    "model": "token_blacklist.outstandingtoken",
    "pk": 80,
    "fields": {
        "user": null,
        "jti": "c55fbfdc3e6647fe9a0e338863ce0a9c",
        "token": "eyJ0eXAiOiJKV1QiLCJhbGciOiJIUzI1NiJ9.eyJ0b2tlbl90eXBlIjoicmVmcmVzaCIsImV4cCI6MTY3MDEyNDUyOCwiaWF0IjoxNjY4ODI4NTI4LCJqdGkiOiJjNTVmYmZkYzNlNjY0N2ZlOWEwZTMzODg2M2NlMGE5YyIsInVzZXJfaWQiOjc2LCJuYW1lIjoiR3VzdGF2byBNYWR1cm8iLCJyb2xlcyI6W10sImltYWdlIjoiL21lZGlhZmlsZXMvcGVyc29uZWwvQldDLnBuZyIsIm5pY2tuYW1lIjoiZ3VzX2hvbGRlcl9wZXJzIiwicGVyc29uZWxfaWQiOjY1LCJ1c2VybmFtZSI6IkdNYWR1cm8ifQ.X8lp1Blay42vM4sJmAnUrV5SwbLD_htSlMWZS2vpjNQ",
        "created_at": null,
        "expires_at": "2022-12-04T03:28:48Z"
    }
},
{
    "model": "token_blacklist.outstandingtoken",
    "pk": 81,
    "fields": {
        "user": null,
        "jti": "6f824eb789f5419d8e3a54667f982cfe",
        "token": "eyJ0eXAiOiJKV1QiLCJhbGciOiJIUzI1NiJ9.eyJ0b2tlbl90eXBlIjoicmVmcmVzaCIsImV4cCI6MTY3MDEyNDUzNSwiaWF0IjoxNjY4ODI4NTM1LCJqdGkiOiI2ZjgyNGViNzg5ZjU0MTlkOGUzYTU0NjY3Zjk4MmNmZSIsInVzZXJfaWQiOjc2LCJuYW1lIjoiR3VzdGF2byBNYWR1cm8iLCJyb2xlcyI6W10sImltYWdlIjoiL21lZGlhZmlsZXMvcGVyc29uZWwvQldDLnBuZyIsIm5pY2tuYW1lIjoiZ3VzX2hvbGRlcl9wZXJzIiwicGVyc29uZWxfaWQiOjY1LCJ1c2VybmFtZSI6IkdNYWR1cm8ifQ.o4RrnF2uusd_bWdMqJGhXbIgwvUvuV5Z5JdjRcvs8ps",
        "created_at": null,
        "expires_at": "2022-12-04T03:28:55Z"
    }
},
{
    "model": "token_blacklist.outstandingtoken",
    "pk": 82,
    "fields": {
        "user": null,
        "jti": "16ac49ea35804f529fff55667cc69b87",
        "token": "eyJ0eXAiOiJKV1QiLCJhbGciOiJIUzI1NiJ9.eyJ0b2tlbl90eXBlIjoicmVmcmVzaCIsImV4cCI6MTY3MDEyNDU0MiwiaWF0IjoxNjY4ODI4NTQyLCJqdGkiOiIxNmFjNDllYTM1ODA0ZjUyOWZmZjU1NjY3Y2M2OWI4NyIsInVzZXJfaWQiOjc2LCJuYW1lIjoiR3VzdGF2byBNYWR1cm8iLCJyb2xlcyI6W10sImltYWdlIjoiL21lZGlhZmlsZXMvcGVyc29uZWwvQldDLnBuZyIsIm5pY2tuYW1lIjoiZ3VzX2hvbGRlcl9wZXJzIiwicGVyc29uZWxfaWQiOjY1LCJ1c2VybmFtZSI6IkdNYWR1cm8ifQ.Z_9l1uYp5W84dVe-qaG-ZIKsw9TQfIOlM1WnU8qxUIk",
        "created_at": null,
        "expires_at": "2022-12-04T03:29:02Z"
    }
},
{
    "model": "token_blacklist.outstandingtoken",
    "pk": 83,
    "fields": {
        "user": null,
        "jti": "7a349c936a574b5eb5199b5166f2f2a9",
        "token": "eyJ0eXAiOiJKV1QiLCJhbGciOiJIUzI1NiJ9.eyJ0b2tlbl90eXBlIjoicmVmcmVzaCIsImV4cCI6MTY3MDEyNDU0NiwiaWF0IjoxNjY4ODI4NTQ2LCJqdGkiOiI3YTM0OWM5MzZhNTc0YjVlYjUxOTliNTE2NmYyZjJhOSIsInVzZXJfaWQiOjc2LCJuYW1lIjoiR3VzdGF2byBNYWR1cm8iLCJyb2xlcyI6W10sImltYWdlIjoiL21lZGlhZmlsZXMvcGVyc29uZWwvQldDLnBuZyIsIm5pY2tuYW1lIjoiZ3VzX2hvbGRlcl9wZXJzIiwicGVyc29uZWxfaWQiOjY1LCJ1c2VybmFtZSI6IkdNYWR1cm8ifQ.OHrbQYzRKIDOzdwB_gD-xGZVmqR0OKIVvKPGo-isyvg",
        "created_at": null,
        "expires_at": "2022-12-04T03:29:06Z"
    }
},
{
    "model": "token_blacklist.outstandingtoken",
    "pk": 84,
    "fields": {
        "user": null,
        "jti": "1a568427e5b84f20a8aed7182289635e",
        "token": "eyJ0eXAiOiJKV1QiLCJhbGciOiJIUzI1NiJ9.eyJ0b2tlbl90eXBlIjoicmVmcmVzaCIsImV4cCI6MTY3MDEyNDU1MCwiaWF0IjoxNjY4ODI4NTUwLCJqdGkiOiIxYTU2ODQyN2U1Yjg0ZjIwYThhZWQ3MTgyMjg5NjM1ZSIsInVzZXJfaWQiOjc2LCJuYW1lIjoiR3VzdGF2byBNYWR1cm8iLCJyb2xlcyI6W10sImltYWdlIjoiL21lZGlhZmlsZXMvcGVyc29uZWwvQldDLnBuZyIsIm5pY2tuYW1lIjoiZ3VzX2hvbGRlcl9wZXJzIiwicGVyc29uZWxfaWQiOjY1LCJ1c2VybmFtZSI6IkdNYWR1cm8ifQ.D8iwHDesVyr5HSxDl3vLIYA5fQJQZtLzgyOYsZwFIJ4",
        "created_at": null,
        "expires_at": "2022-12-04T03:29:10Z"
    }
},
{
    "model": "token_blacklist.outstandingtoken",
    "pk": 85,
    "fields": {
        "user": null,
        "jti": "9e678c6df12a48e78bfdd99b0e0d9077",
        "token": "eyJ0eXAiOiJKV1QiLCJhbGciOiJIUzI1NiJ9.eyJ0b2tlbl90eXBlIjoicmVmcmVzaCIsImV4cCI6MTY3MDEyNDU1NCwiaWF0IjoxNjY4ODI4NTU0LCJqdGkiOiI5ZTY3OGM2ZGYxMmE0OGU3OGJmZGQ5OWIwZTBkOTA3NyIsInVzZXJfaWQiOjc2LCJuYW1lIjoiR3VzdGF2byBNYWR1cm8iLCJyb2xlcyI6W10sImltYWdlIjoiL21lZGlhZmlsZXMvcGVyc29uZWwvQldDLnBuZyIsIm5pY2tuYW1lIjoiZ3VzX2hvbGRlcl9wZXJzIiwicGVyc29uZWxfaWQiOjY1LCJ1c2VybmFtZSI6IkdNYWR1cm8ifQ.9gGFRSgKkZEbE1hJosVG0f5bYqKGNUzx6IavpHKYBNM",
        "created_at": null,
        "expires_at": "2022-12-04T03:29:14Z"
    }
},
{
    "model": "token_blacklist.outstandingtoken",
    "pk": 86,
    "fields": {
        "user": null,
        "jti": "30d40220a8bb491786b7e71d4bf46f1d",
        "token": "eyJ0eXAiOiJKV1QiLCJhbGciOiJIUzI1NiJ9.eyJ0b2tlbl90eXBlIjoicmVmcmVzaCIsImV4cCI6MTY3MDEyNDU1NywiaWF0IjoxNjY4ODI4NTU3LCJqdGkiOiIzMGQ0MDIyMGE4YmI0OTE3ODZiN2U3MWQ0YmY0NmYxZCIsInVzZXJfaWQiOjc2LCJuYW1lIjoiR3VzdGF2byBNYWR1cm8iLCJyb2xlcyI6W10sImltYWdlIjoiL21lZGlhZmlsZXMvcGVyc29uZWwvQldDLnBuZyIsIm5pY2tuYW1lIjoiZ3VzX2hvbGRlcl9wZXJzIiwicGVyc29uZWxfaWQiOjY1LCJ1c2VybmFtZSI6IkdNYWR1cm8ifQ.RBB7g-jZ6YPzxLI3hP6q_HG9ewdSpOz9vp_CPuWCUMc",
        "created_at": null,
        "expires_at": "2022-12-04T03:29:17Z"
    }
},
{
    "model": "token_blacklist.outstandingtoken",
    "pk": 87,
    "fields": {
        "user": null,
        "jti": "68885888672f43fdb901742c3ce65423",
        "token": "eyJ0eXAiOiJKV1QiLCJhbGciOiJIUzI1NiJ9.eyJ0b2tlbl90eXBlIjoicmVmcmVzaCIsImV4cCI6MTY3MDEyNDU2MSwiaWF0IjoxNjY4ODI4NTYxLCJqdGkiOiI2ODg4NTg4ODY3MmY0M2ZkYjkwMTc0MmMzY2U2NTQyMyIsInVzZXJfaWQiOjc2LCJuYW1lIjoiR3VzdGF2byBNYWR1cm8iLCJyb2xlcyI6W10sImltYWdlIjoiL21lZGlhZmlsZXMvcGVyc29uZWwvQldDLnBuZyIsIm5pY2tuYW1lIjoiZ3VzX2hvbGRlcl9wZXJzIiwicGVyc29uZWxfaWQiOjY1LCJ1c2VybmFtZSI6IkdNYWR1cm8ifQ.YORfEcpZq-4E6BTcMCleGm_zXeaAuR5cJkhBPvUWTYk",
        "created_at": null,
        "expires_at": "2022-12-04T03:29:21Z"
    }
},
{
    "model": "token_blacklist.outstandingtoken",
    "pk": 88,
    "fields": {
        "user": null,
        "jti": "71b808e338dc4e82b3ff6333fb8a7a3d",
        "token": "eyJ0eXAiOiJKV1QiLCJhbGciOiJIUzI1NiJ9.eyJ0b2tlbl90eXBlIjoicmVmcmVzaCIsImV4cCI6MTY3MDEyNDYwMiwiaWF0IjoxNjY4ODI4NjAyLCJqdGkiOiI3MWI4MDhlMzM4ZGM0ZTgyYjNmZjYzMzNmYjhhN2EzZCIsInVzZXJfaWQiOjc2LCJuYW1lIjoiR3VzdGF2byBNYWR1cm8iLCJyb2xlcyI6W10sImltYWdlIjoiL21lZGlhZmlsZXMvcGVyc29uZWwvQldDLnBuZyIsIm5pY2tuYW1lIjoiZ3VzX2hvbGRlcl9wZXJzIiwicGVyc29uZWxfaWQiOjY1LCJ1c2VybmFtZSI6IkdNYWR1cm8ifQ.z5pwHg8Z4ZqozP-OKNpbaZHzEkYW1LaiD9tHHiNkT4s",
        "created_at": null,
        "expires_at": "2022-12-04T03:30:02Z"
    }
},
{
    "model": "token_blacklist.outstandingtoken",
    "pk": 89,
    "fields": {
        "user": null,
        "jti": "dd42236056604fc2ad76a2932b401b46",
        "token": "eyJ0eXAiOiJKV1QiLCJhbGciOiJIUzI1NiJ9.eyJ0b2tlbl90eXBlIjoicmVmcmVzaCIsImV4cCI6MTY3MDEyNDY0NCwiaWF0IjoxNjY4ODI4NjQ0LCJqdGkiOiJkZDQyMjM2MDU2NjA0ZmMyYWQ3NmEyOTMyYjQwMWI0NiIsInVzZXJfaWQiOjc2LCJuYW1lIjoiR3VzdGF2byBNYWR1cm8iLCJyb2xlcyI6W10sImltYWdlIjoiL21lZGlhZmlsZXMvcGVyc29uZWwvQldDLnBuZyIsIm5pY2tuYW1lIjoiZ3VzX2hvbGRlcl9wZXJzIiwicGVyc29uZWxfaWQiOjY1LCJ1c2VybmFtZSI6IkdNYWR1cm8ifQ.aEFFuS5_vTyfX9qnsROUtxA0ocYNsumwZNsfwsxb0Uk",
        "created_at": null,
        "expires_at": "2022-12-04T03:30:44Z"
    }
},
{
    "model": "token_blacklist.outstandingtoken",
    "pk": 90,
    "fields": {
        "user": null,
        "jti": "50e0ced2845948e180b299ff20492820",
        "token": "eyJ0eXAiOiJKV1QiLCJhbGciOiJIUzI1NiJ9.eyJ0b2tlbl90eXBlIjoicmVmcmVzaCIsImV4cCI6MTY3MDEyNDY0OCwiaWF0IjoxNjY4ODI4NjQ4LCJqdGkiOiI1MGUwY2VkMjg0NTk0OGUxODBiMjk5ZmYyMDQ5MjgyMCIsInVzZXJfaWQiOjc2LCJuYW1lIjoiR3VzdGF2byBNYWR1cm8iLCJyb2xlcyI6W10sImltYWdlIjoiL21lZGlhZmlsZXMvcGVyc29uZWwvQldDLnBuZyIsIm5pY2tuYW1lIjoiZ3VzX2hvbGRlcl9wZXJzIiwicGVyc29uZWxfaWQiOjY1LCJ1c2VybmFtZSI6IkdNYWR1cm8ifQ.JWsAud5QMAIhWTvU-tY4UbTeR34LoaPyBui_NEOIJqI",
        "created_at": null,
        "expires_at": "2022-12-04T03:30:48Z"
    }
},
{
    "model": "token_blacklist.outstandingtoken",
    "pk": 91,
    "fields": {
        "user": null,
        "jti": "2ede006073cc469b91c64e626f722054",
        "token": "eyJ0eXAiOiJKV1QiLCJhbGciOiJIUzI1NiJ9.eyJ0b2tlbl90eXBlIjoicmVmcmVzaCIsImV4cCI6MTY3MDEyNDY1NSwiaWF0IjoxNjY4ODI4NjU1LCJqdGkiOiIyZWRlMDA2MDczY2M0NjliOTFjNjRlNjI2ZjcyMjA1NCIsInVzZXJfaWQiOjc2LCJuYW1lIjoiR3VzdGF2byBNYWR1cm8iLCJyb2xlcyI6W10sImltYWdlIjoiL21lZGlhZmlsZXMvcGVyc29uZWwvQldDLnBuZyIsIm5pY2tuYW1lIjoiZ3VzX2hvbGRlcl9wZXJzIiwicGVyc29uZWxfaWQiOjY1LCJ1c2VybmFtZSI6IkdNYWR1cm8ifQ.CAvTVNjoMkoFjTc_sIPCf1sLjQTkRl_jd6sS7HypRis",
        "created_at": null,
        "expires_at": "2022-12-04T03:30:55Z"
    }
},
{
    "model": "token_blacklist.outstandingtoken",
    "pk": 92,
    "fields": {
        "user": null,
        "jti": "ee7bcc4006bd44d19474cca025554e83",
        "token": "eyJ0eXAiOiJKV1QiLCJhbGciOiJIUzI1NiJ9.eyJ0b2tlbl90eXBlIjoicmVmcmVzaCIsImV4cCI6MTY3MDEyNDg1NCwiaWF0IjoxNjY4ODI4ODU0LCJqdGkiOiJlZTdiY2M0MDA2YmQ0NGQxOTQ3NGNjYTAyNTU1NGU4MyIsInVzZXJfaWQiOjc2LCJuYW1lIjoiR3VzdGF2byBNYWR1cm8iLCJyb2xlcyI6W10sImltYWdlIjoiL21lZGlhZmlsZXMvcGVyc29uZWwvQldDLnBuZyIsIm5pY2tuYW1lIjoiZ3VzX2hvbGRlcl9wZXJzIiwicGVyc29uZWxfaWQiOjY1LCJ1c2VybmFtZSI6IkdNYWR1cm8ifQ.xbFS8pbTnT2UUZHbkVPoDFmunZPDU3C1Am6coiGu3BY",
        "created_at": null,
        "expires_at": "2022-12-04T03:34:14Z"
    }
},
{
    "model": "token_blacklist.outstandingtoken",
    "pk": 93,
    "fields": {
        "user": null,
        "jti": "3a5feab2bdaf4ac0a9c132e200e59c8f",
        "token": "eyJ0eXAiOiJKV1QiLCJhbGciOiJIUzI1NiJ9.eyJ0b2tlbl90eXBlIjoicmVmcmVzaCIsImV4cCI6MTY3MDEyNTE2NiwiaWF0IjoxNjY4ODI5MTY2LCJqdGkiOiIzYTVmZWFiMmJkYWY0YWMwYTljMTMyZTIwMGU1OWM4ZiIsInVzZXJfaWQiOjc2LCJuYW1lIjoiR3VzdGF2byBNYWR1cm8iLCJyb2xlcyI6W10sImltYWdlIjoiL21lZGlhZmlsZXMvcGVyc29uZWwvQldDLnBuZyIsIm5pY2tuYW1lIjoiZ3VzX2hvbGRlcl9wZXJzIiwicGVyc29uZWxfaWQiOjY1LCJ1c2VybmFtZSI6IkdNYWR1cm8ifQ.PDHJwi3a0QULr53yzIzz0rhJS7kRuHl3oLtzRF4APIQ",
        "created_at": null,
        "expires_at": "2022-12-04T03:39:26Z"
    }
},
{
    "model": "token_blacklist.outstandingtoken",
    "pk": 94,
    "fields": {
        "user": null,
        "jti": "f98b1e62d1d044daa66e4661d3dfd1c8",
        "token": "eyJ0eXAiOiJKV1QiLCJhbGciOiJIUzI1NiJ9.eyJ0b2tlbl90eXBlIjoicmVmcmVzaCIsImV4cCI6MTY3MDEyNTE3OCwiaWF0IjoxNjY4ODI5MTc4LCJqdGkiOiJmOThiMWU2MmQxZDA0NGRhYTY2ZTQ2NjFkM2RmZDFjOCIsInVzZXJfaWQiOjc2LCJuYW1lIjoiR3VzdGF2byBNYWR1cm8iLCJyb2xlcyI6W10sImltYWdlIjoiL21lZGlhZmlsZXMvcGVyc29uZWwvQldDLnBuZyIsIm5pY2tuYW1lIjoiZ3VzX2hvbGRlcl9wZXJzIiwicGVyc29uZWxfaWQiOjY1LCJ1c2VybmFtZSI6IkdNYWR1cm8ifQ.bQvurRhwre0_Hc6676Vju5IwBaQHr9_mVAliBF8cq_U",
        "created_at": null,
        "expires_at": "2022-12-04T03:39:38Z"
    }
},
{
    "model": "token_blacklist.outstandingtoken",
    "pk": 95,
    "fields": {
        "user": null,
        "jti": "330050a0035e404788b2a09e5d057c9c",
        "token": "eyJ0eXAiOiJKV1QiLCJhbGciOiJIUzI1NiJ9.eyJ0b2tlbl90eXBlIjoicmVmcmVzaCIsImV4cCI6MTY3MDEyNTMwNywiaWF0IjoxNjY4ODI5MzA3LCJqdGkiOiIzMzAwNTBhMDAzNWU0MDQ3ODhiMmEwOWU1ZDA1N2M5YyIsInVzZXJfaWQiOjc2LCJuYW1lIjoiR3VzdGF2byBNYWR1cm8iLCJyb2xlcyI6W10sImltYWdlIjoiL21lZGlhZmlsZXMvcGVyc29uZWwvQldDLnBuZyIsIm5pY2tuYW1lIjoiZ3VzX2hvbGRlcl9wZXJzIiwicGVyc29uZWxfaWQiOjY1LCJ1c2VybmFtZSI6IkdNYWR1cm8ifQ.GdXKj_KCR22FrmidQA9AKQ1Nh9nr3HZCrzujK5mTO-k",
        "created_at": null,
        "expires_at": "2022-12-04T03:41:47Z"
    }
},
{
    "model": "token_blacklist.outstandingtoken",
    "pk": 96,
    "fields": {
        "user": null,
        "jti": "c7079257a6bf4b7f97ca6ddb5a0d164d",
        "token": "eyJ0eXAiOiJKV1QiLCJhbGciOiJIUzI1NiJ9.eyJ0b2tlbl90eXBlIjoicmVmcmVzaCIsImV4cCI6MTY3MDEyNTM2OSwiaWF0IjoxNjY4ODI5MzY5LCJqdGkiOiJjNzA3OTI1N2E2YmY0YjdmOTdjYTZkZGI1YTBkMTY0ZCIsInVzZXJfaWQiOjc2LCJuYW1lIjoiR3VzdGF2byBNYWR1cm8iLCJyb2xlcyI6W10sImltYWdlIjoiL21lZGlhZmlsZXMvcGVyc29uZWwvQldDLnBuZyIsIm5pY2tuYW1lIjoiZ3VzX2hvbGRlcl9wZXJzIiwicGVyc29uZWxfaWQiOjY1LCJ1c2VybmFtZSI6IkdNYWR1cm8ifQ.VKL9dcZz9QTQC2bRksMAUbndcmiLVElhZ-_o6ucu56s",
        "created_at": null,
        "expires_at": "2022-12-04T03:42:49Z"
    }
},
{
    "model": "token_blacklist.outstandingtoken",
    "pk": 97,
    "fields": {
        "user": null,
        "jti": "b37ce14b108c4c94b45ce18c1cab9faa",
        "token": "eyJ0eXAiOiJKV1QiLCJhbGciOiJIUzI1NiJ9.eyJ0b2tlbl90eXBlIjoicmVmcmVzaCIsImV4cCI6MTY3MDEyNTUyNCwiaWF0IjoxNjY4ODI5NTI0LCJqdGkiOiJiMzdjZTE0YjEwOGM0Yzk0YjQ1Y2UxOGMxY2FiOWZhYSIsInVzZXJfaWQiOjc2LCJuYW1lIjoiR3VzdGF2byBNYWR1cm8iLCJyb2xlcyI6W10sImltYWdlIjoiL21lZGlhZmlsZXMvcGVyc29uZWwvQldDLnBuZyIsIm5pY2tuYW1lIjoiZ3VzX2hvbGRlcl9wZXJzIiwicGVyc29uZWxfaWQiOjY1LCJ1c2VybmFtZSI6IkdNYWR1cm8ifQ.99mkRbxz__DzTRMhUt3n2Ba_T-MNo3NqVESZNvglG-A",
        "created_at": null,
        "expires_at": "2022-12-04T03:45:24Z"
    }
},
{
    "model": "token_blacklist.outstandingtoken",
    "pk": 98,
    "fields": {
        "user": null,
        "jti": "c2e130e5bbc34653b262df03639107f8",
        "token": "eyJ0eXAiOiJKV1QiLCJhbGciOiJIUzI1NiJ9.eyJ0b2tlbl90eXBlIjoicmVmcmVzaCIsImV4cCI6MTY3MDEyNTUyNywiaWF0IjoxNjY4ODI5NTI3LCJqdGkiOiJjMmUxMzBlNWJiYzM0NjUzYjI2MmRmMDM2MzkxMDdmOCIsInVzZXJfaWQiOjc2LCJuYW1lIjoiR3VzdGF2byBNYWR1cm8iLCJyb2xlcyI6W10sImltYWdlIjoiL21lZGlhZmlsZXMvcGVyc29uZWwvQldDLnBuZyIsIm5pY2tuYW1lIjoiZ3VzX2hvbGRlcl9wZXJzIiwicGVyc29uZWxfaWQiOjY1LCJ1c2VybmFtZSI6IkdNYWR1cm8ifQ.Hd_MY5QX60jkhmcDRS8IqpzMvmvOE8ekx9TUAlPMYUo",
        "created_at": null,
        "expires_at": "2022-12-04T03:45:27Z"
    }
},
{
    "model": "token_blacklist.outstandingtoken",
    "pk": 99,
    "fields": {
        "user": null,
        "jti": "dc8688afd0d54dc0a7f63e4a811ea79c",
        "token": "eyJ0eXAiOiJKV1QiLCJhbGciOiJIUzI1NiJ9.eyJ0b2tlbl90eXBlIjoicmVmcmVzaCIsImV4cCI6MTY3MDEyNTU4NSwiaWF0IjoxNjY4ODI5NTg1LCJqdGkiOiJkYzg2ODhhZmQwZDU0ZGMwYTdmNjNlNGE4MTFlYTc5YyIsInVzZXJfaWQiOjc2LCJuYW1lIjoiR3VzdGF2byBNYWR1cm8iLCJyb2xlcyI6W10sImltYWdlIjoiL21lZGlhZmlsZXMvcGVyc29uZWwvQldDLnBuZyIsIm5pY2tuYW1lIjoiZ3VzX2hvbGRlcl9wZXJzIiwicGVyc29uZWxfaWQiOjY1LCJ1c2VybmFtZSI6IkdNYWR1cm8ifQ.3ktPuQZGl_VpskzR9tAyEW2mX5i05X_sNvg8UcUMNWg",
        "created_at": null,
        "expires_at": "2022-12-04T03:46:25Z"
    }
},
{
    "model": "token_blacklist.outstandingtoken",
    "pk": 100,
    "fields": {
        "user": null,
        "jti": "af2fdc28ffd949eb8b0394641f51fab4",
        "token": "eyJ0eXAiOiJKV1QiLCJhbGciOiJIUzI1NiJ9.eyJ0b2tlbl90eXBlIjoicmVmcmVzaCIsImV4cCI6MTY3MDEyNTc3NCwiaWF0IjoxNjY4ODI5Nzc0LCJqdGkiOiJhZjJmZGMyOGZmZDk0OWViOGIwMzk0NjQxZjUxZmFiNCIsInVzZXJfaWQiOjc2LCJuYW1lIjoiR3VzdGF2byBNYWR1cm8iLCJyb2xlcyI6W10sImltYWdlIjoiL21lZGlhZmlsZXMvcGVyc29uZWwvQldDLnBuZyIsIm5pY2tuYW1lIjoiZ3VzX2hvbGRlcl9wZXJzIiwicGVyc29uZWxfaWQiOjY1LCJ1c2VybmFtZSI6IkdNYWR1cm8ifQ.O43OaVvrPLlF9ELyWyxDb15zWHTiqJWrK8Aax6b9-1Y",
        "created_at": null,
        "expires_at": "2022-12-04T03:49:34Z"
    }
},
{
    "model": "token_blacklist.outstandingtoken",
    "pk": 101,
    "fields": {
        "user": null,
        "jti": "2a23f8251e5e4e1fa84c5871912a0ef9",
        "token": "eyJ0eXAiOiJKV1QiLCJhbGciOiJIUzI1NiJ9.eyJ0b2tlbl90eXBlIjoicmVmcmVzaCIsImV4cCI6MTY3MDEyNTg0MywiaWF0IjoxNjY4ODI5ODQzLCJqdGkiOiIyYTIzZjgyNTFlNWU0ZTFmYTg0YzU4NzE5MTJhMGVmOSIsInVzZXJfaWQiOjc2LCJuYW1lIjoiR3VzdGF2byBNYWR1cm8iLCJyb2xlcyI6W10sImltYWdlIjoiL21lZGlhZmlsZXMvcGVyc29uZWwvQldDLnBuZyIsIm5pY2tuYW1lIjoiZ3VzX2hvbGRlcl9wZXJzIiwicGVyc29uZWxfaWQiOjY1LCJ1c2VybmFtZSI6IkdNYWR1cm8ifQ.K0pe96xWYDdPtWO3nTlEr-pZgDOK-2-of_nS1Ns5w9Y",
        "created_at": null,
        "expires_at": "2022-12-04T03:50:43Z"
    }
},
{
    "model": "token_blacklist.outstandingtoken",
    "pk": 102,
    "fields": {
        "user": null,
        "jti": "6da895692f8247ce9c1d2a6f424008b2",
        "token": "eyJ0eXAiOiJKV1QiLCJhbGciOiJIUzI1NiJ9.eyJ0b2tlbl90eXBlIjoicmVmcmVzaCIsImV4cCI6MTY3MDEyNTk3OCwiaWF0IjoxNjY4ODI5OTc4LCJqdGkiOiI2ZGE4OTU2OTJmODI0N2NlOWMxZDJhNmY0MjQwMDhiMiIsInVzZXJfaWQiOjc2LCJuYW1lIjoiR3VzdGF2byBNYWR1cm8iLCJyb2xlcyI6W10sImltYWdlIjoiL21lZGlhZmlsZXMvcGVyc29uZWwvQldDLnBuZyIsIm5pY2tuYW1lIjoiZ3VzX2hvbGRlcl9wZXJzIiwicGVyc29uZWxfaWQiOjY1LCJ1c2VybmFtZSI6IkdNYWR1cm8ifQ.6GBo8EwyO2eQ1f5EofxykEII8pqm0tm4sw9nhvIuTj0",
        "created_at": null,
        "expires_at": "2022-12-04T03:52:58Z"
    }
},
{
    "model": "token_blacklist.outstandingtoken",
    "pk": 103,
    "fields": {
        "user": null,
        "jti": "3e13725c6b574075ae77aea7d5cae8d5",
        "token": "eyJ0eXAiOiJKV1QiLCJhbGciOiJIUzI1NiJ9.eyJ0b2tlbl90eXBlIjoicmVmcmVzaCIsImV4cCI6MTY3MDEyNTk4NCwiaWF0IjoxNjY4ODI5OTg0LCJqdGkiOiIzZTEzNzI1YzZiNTc0MDc1YWU3N2FlYTdkNWNhZThkNSIsInVzZXJfaWQiOjc2LCJuYW1lIjoiR3VzdGF2byBNYWR1cm8iLCJyb2xlcyI6W10sImltYWdlIjoiL21lZGlhZmlsZXMvcGVyc29uZWwvQldDLnBuZyIsIm5pY2tuYW1lIjoiZ3VzX2hvbGRlcl9wZXJzIiwicGVyc29uZWxfaWQiOjY1LCJ1c2VybmFtZSI6IkdNYWR1cm8ifQ.PxXflCHW-zo7DW1LbHltNE6Tf4UEr7liiMZhoNeNUvc",
        "created_at": null,
        "expires_at": "2022-12-04T03:53:04Z"
    }
},
{
    "model": "token_blacklist.outstandingtoken",
    "pk": 104,
    "fields": {
        "user": null,
        "jti": "617df58dc5404129afc976d9d2d55aff",
        "token": "eyJ0eXAiOiJKV1QiLCJhbGciOiJIUzI1NiJ9.eyJ0b2tlbl90eXBlIjoicmVmcmVzaCIsImV4cCI6MTY3MDEyNTk4OCwiaWF0IjoxNjY4ODI5OTg4LCJqdGkiOiI2MTdkZjU4ZGM1NDA0MTI5YWZjOTc2ZDlkMmQ1NWFmZiIsInVzZXJfaWQiOjc2LCJuYW1lIjoiR3VzdGF2byBNYWR1cm8iLCJyb2xlcyI6W10sImltYWdlIjoiL21lZGlhZmlsZXMvcGVyc29uZWwvQldDLnBuZyIsIm5pY2tuYW1lIjoiZ3VzX2hvbGRlcl9wZXJzIiwicGVyc29uZWxfaWQiOjY1LCJ1c2VybmFtZSI6IkdNYWR1cm8ifQ.afaYz807JiLGF1gtUN0-ICgidMooaMFLvp_tB_69HNk",
        "created_at": null,
        "expires_at": "2022-12-04T03:53:08Z"
    }
},
{
    "model": "token_blacklist.outstandingtoken",
    "pk": 105,
    "fields": {
        "user": null,
        "jti": "8eb9729f0e574d2c8f667adea4cb7ece",
        "token": "eyJ0eXAiOiJKV1QiLCJhbGciOiJIUzI1NiJ9.eyJ0b2tlbl90eXBlIjoicmVmcmVzaCIsImV4cCI6MTY3MDEyNjAxOCwiaWF0IjoxNjY4ODMwMDE4LCJqdGkiOiI4ZWI5NzI5ZjBlNTc0ZDJjOGY2NjdhZGVhNGNiN2VjZSIsInVzZXJfaWQiOjc2LCJuYW1lIjoiR3VzdGF2byBNYWR1cm8iLCJyb2xlcyI6W10sImltYWdlIjoiL21lZGlhZmlsZXMvcGVyc29uZWwvQldDLnBuZyIsIm5pY2tuYW1lIjoiZ3VzX2hvbGRlcl9wZXJzIiwicGVyc29uZWxfaWQiOjY1LCJ1c2VybmFtZSI6IkdNYWR1cm8ifQ.64W0PrOqCALCqRDWfc1zphFfZquzV_318-T3R--oEog",
        "created_at": null,
        "expires_at": "2022-12-04T03:53:38Z"
    }
},
{
    "model": "token_blacklist.outstandingtoken",
    "pk": 106,
    "fields": {
        "user": null,
        "jti": "e9ff3021738f4e41a21464474c8c65c4",
        "token": "eyJ0eXAiOiJKV1QiLCJhbGciOiJIUzI1NiJ9.eyJ0b2tlbl90eXBlIjoicmVmcmVzaCIsImV4cCI6MTY3MDEyNjAzOSwiaWF0IjoxNjY4ODMwMDM5LCJqdGkiOiJlOWZmMzAyMTczOGY0ZTQxYTIxNDY0NDc0YzhjNjVjNCIsInVzZXJfaWQiOjc2LCJuYW1lIjoiR3VzdGF2byBNYWR1cm8iLCJyb2xlcyI6W10sImltYWdlIjoiL21lZGlhZmlsZXMvcGVyc29uZWwvQldDLnBuZyIsIm5pY2tuYW1lIjoiZ3VzX2hvbGRlcl9wZXJzIiwicGVyc29uZWxfaWQiOjY1LCJ1c2VybmFtZSI6IkdNYWR1cm8ifQ.UYyl5iQG9308Dd1TfqhYrjvY9_KWz_icEiwEltvn70M",
        "created_at": null,
        "expires_at": "2022-12-04T03:53:59Z"
    }
},
{
    "model": "token_blacklist.outstandingtoken",
    "pk": 107,
    "fields": {
        "user": null,
        "jti": "91f8dfa38cd1470a92b26c89e2554f6d",
        "token": "eyJ0eXAiOiJKV1QiLCJhbGciOiJIUzI1NiJ9.eyJ0b2tlbl90eXBlIjoicmVmcmVzaCIsImV4cCI6MTY3MDEyNjA1NiwiaWF0IjoxNjY4ODMwMDU2LCJqdGkiOiI5MWY4ZGZhMzhjZDE0NzBhOTJiMjZjODllMjU1NGY2ZCIsInVzZXJfaWQiOjc2LCJuYW1lIjoiR3VzdGF2byBNYWR1cm8iLCJyb2xlcyI6W10sImltYWdlIjoiL21lZGlhZmlsZXMvcGVyc29uZWwvQldDLnBuZyIsIm5pY2tuYW1lIjoiZ3VzX2hvbGRlcl9wZXJzIiwicGVyc29uZWxfaWQiOjY1LCJ1c2VybmFtZSI6IkdNYWR1cm8ifQ.rwETYujmH4Q3hmV31I2COOYXJcrqvjx4yE2KkDUmD7o",
        "created_at": null,
        "expires_at": "2022-12-04T03:54:16Z"
    }
},
{
    "model": "token_blacklist.outstandingtoken",
    "pk": 108,
    "fields": {
        "user": null,
        "jti": "b64f90871cfb473f9481d49ee5881cc5",
        "token": "eyJ0eXAiOiJKV1QiLCJhbGciOiJIUzI1NiJ9.eyJ0b2tlbl90eXBlIjoicmVmcmVzaCIsImV4cCI6MTY3MDEyNjM1MywiaWF0IjoxNjY4ODMwMzUzLCJqdGkiOiJiNjRmOTA4NzFjZmI0NzNmOTQ4MWQ0OWVlNTg4MWNjNSIsInVzZXJfaWQiOjc2LCJuYW1lIjoiR3VzdGF2byBNYWR1cm8iLCJyb2xlcyI6W10sImltYWdlIjoiL21lZGlhZmlsZXMvcGVyc29uZWwvQldDLnBuZyIsIm5pY2tuYW1lIjoiZ3VzX2hvbGRlcl9wZXJzIiwicGVyc29uZWxfaWQiOjY1LCJ1c2VybmFtZSI6IkdNYWR1cm8ifQ.gTrERlyvO11nx02AX5Xn5DoNkPR-06PlN6Qx_Nm3tUE",
        "created_at": null,
        "expires_at": "2022-12-04T03:59:13Z"
    }
},
{
    "model": "token_blacklist.outstandingtoken",
    "pk": 109,
    "fields": {
        "user": null,
        "jti": "895e39121eb44393b0f1d44438fa34fe",
        "token": "eyJ0eXAiOiJKV1QiLCJhbGciOiJIUzI1NiJ9.eyJ0b2tlbl90eXBlIjoicmVmcmVzaCIsImV4cCI6MTY3MDEyNjY5NCwiaWF0IjoxNjY4ODMwNjk0LCJqdGkiOiI4OTVlMzkxMjFlYjQ0MzkzYjBmMWQ0NDQzOGZhMzRmZSIsInVzZXJfaWQiOjc2LCJuYW1lIjoiR3VzdGF2byBNYWR1cm8iLCJyb2xlcyI6W10sImltYWdlIjoiL21lZGlhZmlsZXMvcGVyc29uZWwvQldDLnBuZyIsIm5pY2tuYW1lIjoiZ3VzX2hvbGRlcl9wZXJzIiwicGVyc29uZWxfaWQiOjY1LCJ1c2VybmFtZSI6IkdNYWR1cm8ifQ.ID5ddeOkyU01fN86NfBKfaocYx3ilWFsA_3-gB__UBk",
        "created_at": null,
        "expires_at": "2022-12-04T04:04:54Z"
    }
},
{
    "model": "token_blacklist.outstandingtoken",
    "pk": 110,
    "fields": {
        "user": null,
        "jti": "31832df9610240e2ade1cb9326a829eb",
        "token": "eyJ0eXAiOiJKV1QiLCJhbGciOiJIUzI1NiJ9.eyJ0b2tlbl90eXBlIjoicmVmcmVzaCIsImV4cCI6MTY3MDEyNjY5OCwiaWF0IjoxNjY4ODMwNjk4LCJqdGkiOiIzMTgzMmRmOTYxMDI0MGUyYWRlMWNiOTMyNmE4MjllYiIsInVzZXJfaWQiOjc2LCJuYW1lIjoiR3VzdGF2byBNYWR1cm8iLCJyb2xlcyI6W10sImltYWdlIjoiL21lZGlhZmlsZXMvcGVyc29uZWwvQldDLnBuZyIsIm5pY2tuYW1lIjoiZ3VzX2hvbGRlcl9wZXJzIiwicGVyc29uZWxfaWQiOjY1LCJ1c2VybmFtZSI6IkdNYWR1cm8ifQ.S4DIvhxHjRGZIA9ZIRax1wdSLoxhp0bZ2WU9JQwUOR8",
        "created_at": null,
        "expires_at": "2022-12-04T04:04:58Z"
    }
},
{
    "model": "token_blacklist.outstandingtoken",
    "pk": 111,
    "fields": {
        "user": null,
        "jti": "db1708d304554568b6632c4c1ded0727",
        "token": "eyJ0eXAiOiJKV1QiLCJhbGciOiJIUzI1NiJ9.eyJ0b2tlbl90eXBlIjoicmVmcmVzaCIsImV4cCI6MTY3MDEyNjcxNSwiaWF0IjoxNjY4ODMwNzE1LCJqdGkiOiJkYjE3MDhkMzA0NTU0NTY4YjY2MzJjNGMxZGVkMDcyNyIsInVzZXJfaWQiOjc2LCJuYW1lIjoiR3VzdGF2byBNYWR1cm8iLCJyb2xlcyI6W10sImltYWdlIjoiL21lZGlhZmlsZXMvcGVyc29uZWwvQldDLnBuZyIsIm5pY2tuYW1lIjoiZ3VzX2hvbGRlcl9wZXJzIiwicGVyc29uZWxfaWQiOjY1LCJ1c2VybmFtZSI6IkdNYWR1cm8ifQ.I8YyH28DN7vIFiX1ubd_nB-YIB_Mh1lUwmZsLa9z0is",
        "created_at": null,
        "expires_at": "2022-12-04T04:05:15Z"
    }
},
{
    "model": "token_blacklist.outstandingtoken",
    "pk": 112,
    "fields": {
        "user": null,
        "jti": "d9b96528a36f43f79a165184b9352c13",
        "token": "eyJ0eXAiOiJKV1QiLCJhbGciOiJIUzI1NiJ9.eyJ0b2tlbl90eXBlIjoicmVmcmVzaCIsImV4cCI6MTY3MDEyNjc1MSwiaWF0IjoxNjY4ODMwNzUxLCJqdGkiOiJkOWI5NjUyOGEzNmY0M2Y3OWExNjUxODRiOTM1MmMxMyIsInVzZXJfaWQiOjc2LCJuYW1lIjoiR3VzdGF2byBNYWR1cm8iLCJyb2xlcyI6W10sImltYWdlIjoiL21lZGlhZmlsZXMvcGVyc29uZWwvQldDLnBuZyIsIm5pY2tuYW1lIjoiZ3VzX2hvbGRlcl9wZXJzIiwicGVyc29uZWxfaWQiOjY1LCJ1c2VybmFtZSI6IkdNYWR1cm8ifQ.6F6oRheb9oIkgeAo6Wfxi30u6QmzNh6Y0G24kBqR3Y0",
        "created_at": null,
        "expires_at": "2022-12-04T04:05:51Z"
    }
},
{
    "model": "token_blacklist.outstandingtoken",
    "pk": 113,
    "fields": {
        "user": null,
        "jti": "496422c9c98e42eb8658506bf44631bd",
        "token": "eyJ0eXAiOiJKV1QiLCJhbGciOiJIUzI1NiJ9.eyJ0b2tlbl90eXBlIjoicmVmcmVzaCIsImV4cCI6MTY3MDEyNjgxOCwiaWF0IjoxNjY4ODMwODE4LCJqdGkiOiI0OTY0MjJjOWM5OGU0MmViODY1ODUwNmJmNDQ2MzFiZCIsInVzZXJfaWQiOjc2LCJuYW1lIjoiR3VzdGF2byBNYWR1cm8iLCJyb2xlcyI6W10sImltYWdlIjoiL21lZGlhZmlsZXMvcGVyc29uZWwvQldDLnBuZyIsIm5pY2tuYW1lIjoiZ3VzX2hvbGRlcl9wZXJzIiwicGVyc29uZWxfaWQiOjY1LCJ1c2VybmFtZSI6IkdNYWR1cm8ifQ.ngHdDJwMO0wrecjhwcAgMZ1IibOvgOuhD4X-MHEcSPc",
        "created_at": null,
        "expires_at": "2022-12-04T04:06:58Z"
    }
},
{
    "model": "token_blacklist.outstandingtoken",
    "pk": 114,
    "fields": {
        "user": null,
        "jti": "55adde228a324d7c801118899a182306",
        "token": "eyJ0eXAiOiJKV1QiLCJhbGciOiJIUzI1NiJ9.eyJ0b2tlbl90eXBlIjoicmVmcmVzaCIsImV4cCI6MTY3MDEyNjgyMiwiaWF0IjoxNjY4ODMwODIyLCJqdGkiOiI1NWFkZGUyMjhhMzI0ZDdjODAxMTE4ODk5YTE4MjMwNiIsInVzZXJfaWQiOjc2LCJuYW1lIjoiR3VzdGF2byBNYWR1cm8iLCJyb2xlcyI6W10sImltYWdlIjoiL21lZGlhZmlsZXMvcGVyc29uZWwvQldDLnBuZyIsIm5pY2tuYW1lIjoiZ3VzX2hvbGRlcl9wZXJzIiwicGVyc29uZWxfaWQiOjY1LCJ1c2VybmFtZSI6IkdNYWR1cm8ifQ.H2DfjeTAggFxFf-zkncTx0eyT6Wal6rJFJ3832YKvZE",
        "created_at": null,
        "expires_at": "2022-12-04T04:07:02Z"
    }
},
{
    "model": "token_blacklist.outstandingtoken",
    "pk": 115,
    "fields": {
        "user": null,
        "jti": "c454d9cc4f794ec093bf7e9c5336d1d2",
        "token": "eyJ0eXAiOiJKV1QiLCJhbGciOiJIUzI1NiJ9.eyJ0b2tlbl90eXBlIjoicmVmcmVzaCIsImV4cCI6MTY3MDEyNjg4NywiaWF0IjoxNjY4ODMwODg3LCJqdGkiOiJjNDU0ZDljYzRmNzk0ZWMwOTNiZjdlOWM1MzM2ZDFkMiIsInVzZXJfaWQiOjc2LCJuYW1lIjoiR3VzdGF2byBNYWR1cm8iLCJyb2xlcyI6W10sImltYWdlIjoiL21lZGlhZmlsZXMvcGVyc29uZWwvQldDLnBuZyIsIm5pY2tuYW1lIjoiZ3VzX2hvbGRlcl9wZXJzIiwicGVyc29uZWxfaWQiOjY1LCJ1c2VybmFtZSI6IkdNYWR1cm8ifQ.fZzlnQIqeGVxaDmF8X4UHHz5B28WG8lCu3b4fc58FVU",
        "created_at": null,
        "expires_at": "2022-12-04T04:08:07Z"
    }
},
{
    "model": "token_blacklist.outstandingtoken",
    "pk": 116,
    "fields": {
        "user": 76,
        "jti": "b05e550240f047e0807dd502bff1e882",
        "token": "eyJ0eXAiOiJKV1QiLCJhbGciOiJIUzI1NiJ9.eyJ0b2tlbl90eXBlIjoicmVmcmVzaCIsImV4cCI6MTY3MDQ2MjAyNiwiaWF0IjoxNjY5MTY2MDI2LCJqdGkiOiJiMDVlNTUwMjQwZjA0N2UwODA3ZGQ1MDJiZmYxZTg4MiIsInVzZXJfaWQiOjc2fQ.rjyv_kfGmzUUbuhEW0uoE4NXrpCiQWQeLSM-hJE7cx4",
        "created_at": "2022-11-23T01:13:46.661Z",
        "expires_at": "2022-12-08T01:13:46Z"
    }
},
{
    "model": "token_blacklist.outstandingtoken",
    "pk": 117,
    "fields": {
        "user": 76,
        "jti": "66dc4cf8aba8452abf9172ddcef2fa2c",
        "token": "eyJ0eXAiOiJKV1QiLCJhbGciOiJIUzI1NiJ9.eyJ0b2tlbl90eXBlIjoicmVmcmVzaCIsImV4cCI6MTY3MDQ2MjU4OCwiaWF0IjoxNjY5MTY2NTg4LCJqdGkiOiI2NmRjNGNmOGFiYTg0NTJhYmY5MTcyZGRjZWYyZmEyYyIsInVzZXJfaWQiOjc2fQ.s6VDCZli0XNpRMUe-pfvPPsaPfvu-WcMfV4zLgmu72g",
        "created_at": "2022-11-23T01:23:08.958Z",
        "expires_at": "2022-12-08T01:23:08Z"
    }
},
{
    "model": "token_blacklist.outstandingtoken",
    "pk": 118,
    "fields": {
        "user": 76,
        "jti": "ed8fb1fd866c4e298ff4a1898fccca38",
        "token": "eyJ0eXAiOiJKV1QiLCJhbGciOiJIUzI1NiJ9.eyJ0b2tlbl90eXBlIjoicmVmcmVzaCIsImV4cCI6MTY3MDQ2Mzg1OCwiaWF0IjoxNjY5MTY3ODU4LCJqdGkiOiJlZDhmYjFmZDg2NmM0ZTI5OGZmNGExODk4ZmNjY2EzOCIsInVzZXJfaWQiOjc2fQ.RDq4qM4NVPg5Tjqiewx5-7BtY3uHlB5Mul3Mr-nSgGY",
        "created_at": "2022-11-23T01:44:18.014Z",
        "expires_at": "2022-12-08T01:44:18Z"
    }
},
{
    "model": "token_blacklist.outstandingtoken",
    "pk": 119,
    "fields": {
        "user": 76,
        "jti": "a55d2412e8724fb39cf1f1d216624be7",
        "token": "eyJ0eXAiOiJKV1QiLCJhbGciOiJIUzI1NiJ9.eyJ0b2tlbl90eXBlIjoicmVmcmVzaCIsImV4cCI6MTY3MDQ2NjA1MCwiaWF0IjoxNjY5MTcwMDUwLCJqdGkiOiJhNTVkMjQxMmU4NzI0ZmIzOWNmMWYxZDIxNjYyNGJlNyIsInVzZXJfaWQiOjc2fQ.aARXVZ7xVqc2NFUg7iwmnBr_bfkHZ8ExdulGtLg8JXw",
        "created_at": "2022-11-23T02:20:50.623Z",
        "expires_at": "2022-12-08T02:20:50Z"
    }
},
{
    "model": "token_blacklist.outstandingtoken",
    "pk": 120,
    "fields": {
        "user": 76,
        "jti": "df4f51ec109f473e9d0aeea8997fad05",
        "token": "eyJ0eXAiOiJKV1QiLCJhbGciOiJIUzI1NiJ9.eyJ0b2tlbl90eXBlIjoicmVmcmVzaCIsImV4cCI6MTY3MDQ2NzE2MCwiaWF0IjoxNjY5MTcxMTYwLCJqdGkiOiJkZjRmNTFlYzEwOWY0NzNlOWQwYWVlYTg5OTdmYWQwNSIsInVzZXJfaWQiOjc2fQ.ezjxew_zEdNpFYghMBVwWWpSsmjspBUSHvCnNbCSAZU",
        "created_at": "2022-11-23T02:39:20.212Z",
        "expires_at": "2022-12-08T02:39:20Z"
    }
},
{
    "model": "token_blacklist.outstandingtoken",
    "pk": 121,
    "fields": {
        "user": 76,
        "jti": "952f166699084da7a606442c14b5187c",
        "token": "eyJ0eXAiOiJKV1QiLCJhbGciOiJIUzI1NiJ9.eyJ0b2tlbl90eXBlIjoicmVmcmVzaCIsImV4cCI6MTY3MDQ2NzM5MCwiaWF0IjoxNjY5MTcxMzkwLCJqdGkiOiI5NTJmMTY2Njk5MDg0ZGE3YTYwNjQ0MmMxNGI1MTg3YyIsInVzZXJfaWQiOjc2fQ.9oBaxWbkVFJXw8WRCYD1sl513xRCa8qu_mrtp-_dVuY",
        "created_at": "2022-11-23T02:43:10.109Z",
        "expires_at": "2022-12-08T02:43:10Z"
    }
},
{
    "model": "token_blacklist.outstandingtoken",
    "pk": 122,
    "fields": {
        "user": 76,
        "jti": "b0e3b8cb70b841a48fe13f488834a8d2",
        "token": "eyJ0eXAiOiJKV1QiLCJhbGciOiJIUzI1NiJ9.eyJ0b2tlbl90eXBlIjoicmVmcmVzaCIsImV4cCI6MTY3MDQ2ODcxNSwiaWF0IjoxNjY5MTcyNzE1LCJqdGkiOiJiMGUzYjhjYjcwYjg0MWE0OGZlMTNmNDg4ODM0YThkMiIsInVzZXJfaWQiOjc2fQ.46BdhPzLdk1fd0DMV0DFbJU_JKpWIdhP1Eg6taLdg7M",
        "created_at": "2022-11-23T03:05:15.060Z",
        "expires_at": "2022-12-08T03:05:15Z"
    }
},
{
    "model": "token_blacklist.outstandingtoken",
    "pk": 123,
    "fields": {
        "user": 76,
        "jti": "3f97a92d3f5a4d6b9822a563dc8d6c05",
        "token": "eyJ0eXAiOiJKV1QiLCJhbGciOiJIUzI1NiJ9.eyJ0b2tlbl90eXBlIjoicmVmcmVzaCIsImV4cCI6MTY3MDQ3MTI0NywiaWF0IjoxNjY5MTc1MjQ3LCJqdGkiOiIzZjk3YTkyZDNmNWE0ZDZiOTgyMmE1NjNkYzhkNmMwNSIsInVzZXJfaWQiOjc2fQ.DjRGiZs466RF5OiFynG2I9N4PVi0a72eelHQLgpyXGY",
        "created_at": "2022-11-23T03:47:27.042Z",
        "expires_at": "2022-12-08T03:47:27Z"
    }
},
{
    "model": "token_blacklist.outstandingtoken",
    "pk": 124,
    "fields": {
        "user": 76,
        "jti": "85087f1b8d3e48ebaa7ccab5aa8374bd",
        "token": "eyJ0eXAiOiJKV1QiLCJhbGciOiJIUzI1NiJ9.eyJ0b2tlbl90eXBlIjoicmVmcmVzaCIsImV4cCI6MTY3MDQ3MTI1MiwiaWF0IjoxNjY5MTc1MjUyLCJqdGkiOiI4NTA4N2YxYjhkM2U0OGViYWE3Y2NhYjVhYTgzNzRiZCIsInVzZXJfaWQiOjc2fQ.Zhs_B9xZLL4Nclh_jhfE-ntGhqHORgR3kDHR542xH_A",
        "created_at": "2022-11-23T03:47:32.504Z",
        "expires_at": "2022-12-08T03:47:32Z"
    }
},
{
    "model": "token_blacklist.outstandingtoken",
    "pk": 125,
    "fields": {
        "user": 76,
        "jti": "d1e6607117b34c22929add639530c09b",
        "token": "eyJ0eXAiOiJKV1QiLCJhbGciOiJIUzI1NiJ9.eyJ0b2tlbl90eXBlIjoicmVmcmVzaCIsImV4cCI6MTY3MDQ3MTMxNiwiaWF0IjoxNjY5MTc1MzE2LCJqdGkiOiJkMWU2NjA3MTE3YjM0YzIyOTI5YWRkNjM5NTMwYzA5YiIsInVzZXJfaWQiOjc2fQ.AWTuR2Sys0DE_ysDXEV2eYGc05kx-z8K8zSzxU50DYw",
        "created_at": "2022-11-23T03:48:36.619Z",
        "expires_at": "2022-12-08T03:48:36Z"
    }
},
{
    "model": "token_blacklist.outstandingtoken",
    "pk": 126,
    "fields": {
        "user": 76,
        "jti": "adb0b7c642e24ff48b01cec23a93cd0f",
        "token": "eyJ0eXAiOiJKV1QiLCJhbGciOiJIUzI1NiJ9.eyJ0b2tlbl90eXBlIjoicmVmcmVzaCIsImV4cCI6MTY3MDUzNzQyMiwiaWF0IjoxNjY5MjQxNDIyLCJqdGkiOiJhZGIwYjdjNjQyZTI0ZmY0OGIwMWNlYzIzYTkzY2QwZiIsInVzZXJfaWQiOjc2fQ.AB24QQJICJXUAmN-uSeZfrPUNyd7-pbWaPLecEEMNsc",
        "created_at": "2022-11-23T22:10:22.728Z",
        "expires_at": "2022-12-08T22:10:22Z"
    }
},
{
    "model": "token_blacklist.outstandingtoken",
    "pk": 127,
    "fields": {
        "user": 76,
        "jti": "4e567db2881d4af888d663c6627655ff",
        "token": "eyJ0eXAiOiJKV1QiLCJhbGciOiJIUzI1NiJ9.eyJ0b2tlbl90eXBlIjoicmVmcmVzaCIsImV4cCI6MTY3MDUzNzQ3MiwiaWF0IjoxNjY5MjQxNDcyLCJqdGkiOiI0ZTU2N2RiMjg4MWQ0YWY4ODhkNjYzYzY2Mjc2NTVmZiIsInVzZXJfaWQiOjc2fQ.vgsOxyqi_sf8PtcAqPpFuntVGU3KTGtCKjr2GB8NN1A",
        "created_at": "2022-11-23T22:11:12.944Z",
        "expires_at": "2022-12-08T22:11:12Z"
    }
},
{
    "model": "token_blacklist.outstandingtoken",
    "pk": 128,
    "fields": {
        "user": 76,
        "jti": "9e1b1478a1cc4a09b591cb57905d52fc",
        "token": "eyJ0eXAiOiJKV1QiLCJhbGciOiJIUzI1NiJ9.eyJ0b2tlbl90eXBlIjoicmVmcmVzaCIsImV4cCI6MTY3MDUzNzYwMSwiaWF0IjoxNjY5MjQxNjAxLCJqdGkiOiI5ZTFiMTQ3OGExY2M0YTA5YjU5MWNiNTc5MDVkNTJmYyIsInVzZXJfaWQiOjc2fQ.jQVafpgChsZeiVCmvK_PzWHY7UWnrRMctxqrd6DGZ-I",
        "created_at": "2022-11-23T22:13:21.575Z",
        "expires_at": "2022-12-08T22:13:21Z"
    }
},
{
    "model": "token_blacklist.outstandingtoken",
    "pk": 129,
    "fields": {
        "user": 76,
        "jti": "b09b20b9cf78476aa6621802498aad3e",
        "token": "eyJ0eXAiOiJKV1QiLCJhbGciOiJIUzI1NiJ9.eyJ0b2tlbl90eXBlIjoicmVmcmVzaCIsImV4cCI6MTY3MDUzNzg5MywiaWF0IjoxNjY5MjQxODkzLCJqdGkiOiJiMDliMjBiOWNmNzg0NzZhYTY2MjE4MDI0OThhYWQzZSIsInVzZXJfaWQiOjc2fQ.G7SvDBVlWWFRO9j6bHp01OdODBdVHOp8n1imJpYsuPY",
        "created_at": "2022-11-23T22:18:13.492Z",
        "expires_at": "2022-12-08T22:18:13Z"
    }
},
{
    "model": "token_blacklist.outstandingtoken",
    "pk": 130,
    "fields": {
        "user": 76,
        "jti": "c923e743e18d43eea54c72d170b707fd",
        "token": "eyJ0eXAiOiJKV1QiLCJhbGciOiJIUzI1NiJ9.eyJ0b2tlbl90eXBlIjoicmVmcmVzaCIsImV4cCI6MTY3MDUzNzkxMywiaWF0IjoxNjY5MjQxOTEzLCJqdGkiOiJjOTIzZTc0M2UxOGQ0M2VlYTU0YzcyZDE3MGI3MDdmZCIsInVzZXJfaWQiOjc2fQ.rkpQ4l9l2T5v2U7Ug0tfSm3eo2Ktsd3bTv3NirNiQzg",
        "created_at": "2022-11-23T22:18:33.486Z",
        "expires_at": "2022-12-08T22:18:33Z"
    }
},
{
    "model": "token_blacklist.outstandingtoken",
    "pk": 131,
    "fields": {
        "user": 76,
        "jti": "67b9244103cc42ccb9e9b823f3797ae2",
        "token": "eyJ0eXAiOiJKV1QiLCJhbGciOiJIUzI1NiJ9.eyJ0b2tlbl90eXBlIjoicmVmcmVzaCIsImV4cCI6MTY3MDUzNzkyNiwiaWF0IjoxNjY5MjQxOTI2LCJqdGkiOiI2N2I5MjQ0MTAzY2M0MmNjYjllOWI4MjNmMzc5N2FlMiIsInVzZXJfaWQiOjc2fQ.dpt3kPXZgqC1HsE9KzoKrYGCPZLd6Qhk9Wa1ALlZgu0",
        "created_at": "2022-11-23T22:18:46.135Z",
        "expires_at": "2022-12-08T22:18:46Z"
    }
},
{
    "model": "token_blacklist.outstandingtoken",
    "pk": 132,
    "fields": {
        "user": 76,
        "jti": "0f326185b800414f8c8adab76643bb23",
        "token": "eyJ0eXAiOiJKV1QiLCJhbGciOiJIUzI1NiJ9.eyJ0b2tlbl90eXBlIjoicmVmcmVzaCIsImV4cCI6MTY3MDUzODAxOSwiaWF0IjoxNjY5MjQyMDE5LCJqdGkiOiIwZjMyNjE4NWI4MDA0MTRmOGM4YWRhYjc2NjQzYmIyMyIsInVzZXJfaWQiOjc2fQ.vN1TmTLBEQtkBTT15rkJ2OXytLAI1HllzqGaNCMb9CQ",
        "created_at": "2022-11-23T22:20:19.957Z",
        "expires_at": "2022-12-08T22:20:19Z"
    }
},
{
    "model": "token_blacklist.outstandingtoken",
    "pk": 133,
    "fields": {
        "user": 76,
        "jti": "3f3a67bf30b54844a856549b5416ff7e",
        "token": "eyJ0eXAiOiJKV1QiLCJhbGciOiJIUzI1NiJ9.eyJ0b2tlbl90eXBlIjoicmVmcmVzaCIsImV4cCI6MTY3MDUzODA1NCwiaWF0IjoxNjY5MjQyMDU0LCJqdGkiOiIzZjNhNjdiZjMwYjU0ODQ0YTg1NjU0OWI1NDE2ZmY3ZSIsInVzZXJfaWQiOjc2fQ.3m161VW5M-YggrvqNKuRPUNHFZFZFlcBo7OfG7jtucY",
        "created_at": "2022-11-23T22:20:54.705Z",
        "expires_at": "2022-12-08T22:20:54Z"
    }
},
{
    "model": "token_blacklist.outstandingtoken",
    "pk": 134,
    "fields": {
        "user": 76,
        "jti": "2053080a5d834589ab39c83a19b80978",
        "token": "eyJ0eXAiOiJKV1QiLCJhbGciOiJIUzI1NiJ9.eyJ0b2tlbl90eXBlIjoicmVmcmVzaCIsImV4cCI6MTY3MDUzODA5MCwiaWF0IjoxNjY5MjQyMDkwLCJqdGkiOiIyMDUzMDgwYTVkODM0NTg5YWIzOWM4M2ExOWI4MDk3OCIsInVzZXJfaWQiOjc2fQ.ikMZ4URJjpNzjUHdKZBYdiqiKKeK-yrQ4pLdfj4Pm8E",
        "created_at": "2022-11-23T22:21:30.847Z",
        "expires_at": "2022-12-08T22:21:30Z"
    }
},
{
    "model": "token_blacklist.outstandingtoken",
    "pk": 135,
    "fields": {
        "user": 76,
        "jti": "a8515ab4b3d5439f8fb39a3150d8fe6d",
        "token": "eyJ0eXAiOiJKV1QiLCJhbGciOiJIUzI1NiJ9.eyJ0b2tlbl90eXBlIjoicmVmcmVzaCIsImV4cCI6MTY3MDUzODIyOCwiaWF0IjoxNjY5MjQyMjI4LCJqdGkiOiJhODUxNWFiNGIzZDU0MzlmOGZiMzlhMzE1MGQ4ZmU2ZCIsInVzZXJfaWQiOjc2fQ.NJiIGpGOJ680uVOK38HM13CLLGeW_21hgimpR1kuOsk",
        "created_at": "2022-11-23T22:23:48.447Z",
        "expires_at": "2022-12-08T22:23:48Z"
    }
},
{
    "model": "token_blacklist.outstandingtoken",
    "pk": 136,
    "fields": {
        "user": 76,
        "jti": "f8e0df832dc347598ad2f973c4e4b922",
        "token": "eyJ0eXAiOiJKV1QiLCJhbGciOiJIUzI1NiJ9.eyJ0b2tlbl90eXBlIjoicmVmcmVzaCIsImV4cCI6MTY3MDUzODU2MSwiaWF0IjoxNjY5MjQyNTYxLCJqdGkiOiJmOGUwZGY4MzJkYzM0NzU5OGFkMmY5NzNjNGU0YjkyMiIsInVzZXJfaWQiOjc2fQ.KrKzJGJ--WhUHToS_K3qRVNzW8lUWqSene86JIvZTII",
        "created_at": "2022-11-23T22:29:21.152Z",
        "expires_at": "2022-12-08T22:29:21Z"
    }
},
{
    "model": "token_blacklist.outstandingtoken",
    "pk": 137,
    "fields": {
        "user": 76,
        "jti": "40800a8ce90a4b1aad894edb02561151",
        "token": "eyJ0eXAiOiJKV1QiLCJhbGciOiJIUzI1NiJ9.eyJ0b2tlbl90eXBlIjoicmVmcmVzaCIsImV4cCI6MTY3MDUzODU2OSwiaWF0IjoxNjY5MjQyNTY5LCJqdGkiOiI0MDgwMGE4Y2U5MGE0YjFhYWQ4OTRlZGIwMjU2MTE1MSIsInVzZXJfaWQiOjc2fQ.69Bn4bwYZ8vsnw8-zehKpu58UgLhSlt8jwvC4k0T4SA",
        "created_at": "2022-11-23T22:29:29.555Z",
        "expires_at": "2022-12-08T22:29:29Z"
    }
},
{
    "model": "token_blacklist.outstandingtoken",
    "pk": 138,
    "fields": {
        "user": 76,
        "jti": "eea5653867df420f9032e3c73c7f34fb",
        "token": "eyJ0eXAiOiJKV1QiLCJhbGciOiJIUzI1NiJ9.eyJ0b2tlbl90eXBlIjoicmVmcmVzaCIsImV4cCI6MTY3MDUzODYwMywiaWF0IjoxNjY5MjQyNjAzLCJqdGkiOiJlZWE1NjUzODY3ZGY0MjBmOTAzMmUzYzczYzdmMzRmYiIsInVzZXJfaWQiOjc2fQ.OB5QEK-imliw4LL0-83b1Cbzm2MQ_FobTZUq-Y27yjo",
        "created_at": "2022-11-23T22:30:03.488Z",
        "expires_at": "2022-12-08T22:30:03Z"
    }
},
{
    "model": "token_blacklist.outstandingtoken",
    "pk": 139,
    "fields": {
        "user": 76,
        "jti": "8ee1aab1b3d64e12a1ef2b706e8de0fe",
        "token": "eyJ0eXAiOiJKV1QiLCJhbGciOiJIUzI1NiJ9.eyJ0b2tlbl90eXBlIjoicmVmcmVzaCIsImV4cCI6MTY3MDUzODYyMCwiaWF0IjoxNjY5MjQyNjIwLCJqdGkiOiI4ZWUxYWFiMWIzZDY0ZTEyYTFlZjJiNzA2ZThkZTBmZSIsInVzZXJfaWQiOjc2fQ.jzx_F0O7uUlkTStRYuEf4sC0DhEcpBPQSv7mhM9RQkA",
        "created_at": "2022-11-23T22:30:20.442Z",
        "expires_at": "2022-12-08T22:30:20Z"
    }
},
{
    "model": "token_blacklist.outstandingtoken",
    "pk": 140,
    "fields": {
        "user": 76,
        "jti": "d8ae2ecbbc5c4c3fa07f8a44aaa62ecc",
        "token": "eyJ0eXAiOiJKV1QiLCJhbGciOiJIUzI1NiJ9.eyJ0b2tlbl90eXBlIjoicmVmcmVzaCIsImV4cCI6MTY3MDUzODY3MywiaWF0IjoxNjY5MjQyNjczLCJqdGkiOiJkOGFlMmVjYmJjNWM0YzNmYTA3ZjhhNDRhYWE2MmVjYyIsInVzZXJfaWQiOjc2fQ.kPnDhMmRARx-3UrMId73w36Cn5C55DyKP90vhlz0Vu4",
        "created_at": "2022-11-23T22:31:13.402Z",
        "expires_at": "2022-12-08T22:31:13Z"
    }
},
{
    "model": "token_blacklist.outstandingtoken",
    "pk": 141,
    "fields": {
        "user": 76,
        "jti": "dd104fb60ed1425da24bf6b449cf1ac1",
        "token": "eyJ0eXAiOiJKV1QiLCJhbGciOiJIUzI1NiJ9.eyJ0b2tlbl90eXBlIjoicmVmcmVzaCIsImV4cCI6MTY3MDUzODY4OSwiaWF0IjoxNjY5MjQyNjg5LCJqdGkiOiJkZDEwNGZiNjBlZDE0MjVkYTI0YmY2YjQ0OWNmMWFjMSIsInVzZXJfaWQiOjc2fQ.7d-2Qg6TeduUUZ2QeK7SBArc76Pr1Xy7PHhC3ooIQS8",
        "created_at": "2022-11-23T22:31:29.595Z",
        "expires_at": "2022-12-08T22:31:29Z"
    }
},
{
    "model": "token_blacklist.outstandingtoken",
    "pk": 142,
    "fields": {
        "user": 76,
        "jti": "387a47808beb489b8c12bfd0a25fb897",
        "token": "eyJ0eXAiOiJKV1QiLCJhbGciOiJIUzI1NiJ9.eyJ0b2tlbl90eXBlIjoicmVmcmVzaCIsImV4cCI6MTY3MDUzODY5NiwiaWF0IjoxNjY5MjQyNjk2LCJqdGkiOiIzODdhNDc4MDhiZWI0ODliOGMxMmJmZDBhMjVmYjg5NyIsInVzZXJfaWQiOjc2fQ.wtEkAD1rt5Pau9ON2PS7s5gpz5ttpAwt1xlLZXKvBTc",
        "created_at": "2022-11-23T22:31:36.531Z",
        "expires_at": "2022-12-08T22:31:36Z"
    }
},
{
    "model": "token_blacklist.outstandingtoken",
    "pk": 143,
    "fields": {
        "user": 76,
        "jti": "0f6b1ec007244bb688ff78aee14e3fcf",
        "token": "eyJ0eXAiOiJKV1QiLCJhbGciOiJIUzI1NiJ9.eyJ0b2tlbl90eXBlIjoicmVmcmVzaCIsImV4cCI6MTY3MDUzODg0NCwiaWF0IjoxNjY5MjQyODQ0LCJqdGkiOiIwZjZiMWVjMDA3MjQ0YmI2ODhmZjc4YWVlMTRlM2ZjZiIsInVzZXJfaWQiOjc2fQ.3QkmyOT0YKTmbOkhHz-4SNarwgqnqHiPehkxmlOX0OU",
        "created_at": "2022-11-23T22:34:04.936Z",
        "expires_at": "2022-12-08T22:34:04Z"
    }
},
{
    "model": "token_blacklist.outstandingtoken",
    "pk": 144,
    "fields": {
        "user": 76,
        "jti": "39673531b9444c829ebe9f61fbf73cde",
        "token": "eyJ0eXAiOiJKV1QiLCJhbGciOiJIUzI1NiJ9.eyJ0b2tlbl90eXBlIjoicmVmcmVzaCIsImV4cCI6MTY3MDUzOTc0OCwiaWF0IjoxNjY5MjQzNzQ4LCJqdGkiOiIzOTY3MzUzMWI5NDQ0YzgyOWViZTlmNjFmYmY3M2NkZSIsInVzZXJfaWQiOjc2fQ.JlFFRwYXfSJbGttMcD9_dd90l883YpJdpU3_uc5GafE",
        "created_at": "2022-11-23T22:49:08.928Z",
        "expires_at": "2022-12-08T22:49:08Z"
    }
},
{
    "model": "token_blacklist.outstandingtoken",
    "pk": 145,
    "fields": {
        "user": 76,
        "jti": "00b678c420574068a6f6dac7cea5ac1a",
        "token": "eyJ0eXAiOiJKV1QiLCJhbGciOiJIUzI1NiJ9.eyJ0b2tlbl90eXBlIjoicmVmcmVzaCIsImV4cCI6MTY3MDU0MDM2MCwiaWF0IjoxNjY5MjQ0MzYwLCJqdGkiOiIwMGI2NzhjNDIwNTc0MDY4YTZmNmRhYzdjZWE1YWMxYSIsInVzZXJfaWQiOjc2fQ.DPCcbvO_bGdJaZ2kXTxjpGHUN7qHe5sGWybtH5kUvjg",
        "created_at": "2022-11-23T22:59:20.025Z",
        "expires_at": "2022-12-08T22:59:20Z"
    }
},
{
    "model": "token_blacklist.outstandingtoken",
    "pk": 146,
    "fields": {
        "user": 76,
        "jti": "2d2a69a6dba048dab1d0be6e9686f150",
        "token": "eyJ0eXAiOiJKV1QiLCJhbGciOiJIUzI1NiJ9.eyJ0b2tlbl90eXBlIjoicmVmcmVzaCIsImV4cCI6MTY3MDU0MDk3MCwiaWF0IjoxNjY5MjQ0OTcwLCJqdGkiOiIyZDJhNjlhNmRiYTA0OGRhYjFkMGJlNmU5Njg2ZjE1MCIsInVzZXJfaWQiOjc2fQ.Wy8zsC_IaOg5RXNBNP8CeLG_eQzR9igbFH1COaanHoc",
        "created_at": "2022-11-23T23:09:30.817Z",
        "expires_at": "2022-12-08T23:09:30Z"
    }
},
{
    "model": "token_blacklist.outstandingtoken",
    "pk": 147,
    "fields": {
        "user": 76,
        "jti": "493eab29a63e411ea8cf767714665358",
        "token": "eyJ0eXAiOiJKV1QiLCJhbGciOiJIUzI1NiJ9.eyJ0b2tlbl90eXBlIjoicmVmcmVzaCIsImV4cCI6MTY3MDU0MjQ4NCwiaWF0IjoxNjY5MjQ2NDg0LCJqdGkiOiI0OTNlYWIyOWE2M2U0MTFlYThjZjc2NzcxNDY2NTM1OCIsInVzZXJfaWQiOjc2fQ.kWmlHoYzke8_upyaCsF4E6q0W4aXEq025DJX2PFxTDI",
        "created_at": "2022-11-23T23:34:44.619Z",
        "expires_at": "2022-12-08T23:34:44Z"
    }
},
{
    "model": "token_blacklist.outstandingtoken",
    "pk": 148,
    "fields": {
        "user": 76,
        "jti": "f55a50d1c6fe46c098290c425b17a998",
        "token": "eyJ0eXAiOiJKV1QiLCJhbGciOiJIUzI1NiJ9.eyJ0b2tlbl90eXBlIjoicmVmcmVzaCIsImV4cCI6MTY3MDU0MjQ4NiwiaWF0IjoxNjY5MjQ2NDg2LCJqdGkiOiJmNTVhNTBkMWM2ZmU0NmMwOTgyOTBjNDI1YjE3YTk5OCIsInVzZXJfaWQiOjc2fQ.FEjkYzKZIk9JxR7ZMb-g5jezEmrTWHnZjSXWHCSxqus",
        "created_at": "2022-11-23T23:34:46.129Z",
        "expires_at": "2022-12-08T23:34:46Z"
    }
},
{
    "model": "token_blacklist.outstandingtoken",
    "pk": 149,
    "fields": {
        "user": 76,
        "jti": "699d17124e234c48b8c7476ff1e508d2",
        "token": "eyJ0eXAiOiJKV1QiLCJhbGciOiJIUzI1NiJ9.eyJ0b2tlbl90eXBlIjoicmVmcmVzaCIsImV4cCI6MTY3MDU0MjQ4OCwiaWF0IjoxNjY5MjQ2NDg4LCJqdGkiOiI2OTlkMTcxMjRlMjM0YzQ4YjhjNzQ3NmZmMWU1MDhkMiIsInVzZXJfaWQiOjc2fQ.g73cwiJd5389cEzJt97lNZe26WvkHXOkH6ESbZzIFu4",
        "created_at": "2022-11-23T23:34:48.172Z",
        "expires_at": "2022-12-08T23:34:48Z"
    }
},
{
    "model": "token_blacklist.outstandingtoken",
    "pk": 150,
    "fields": {
        "user": 76,
        "jti": "02afd51e149f4f63bcf5c40adcee4007",
        "token": "eyJ0eXAiOiJKV1QiLCJhbGciOiJIUzI1NiJ9.eyJ0b2tlbl90eXBlIjoicmVmcmVzaCIsImV4cCI6MTY3MDU0MjcxNCwiaWF0IjoxNjY5MjQ2NzE0LCJqdGkiOiIwMmFmZDUxZTE0OWY0ZjYzYmNmNWM0MGFkY2VlNDAwNyIsInVzZXJfaWQiOjc2fQ.2x5MtehD9nIJC_9QKO52fbtsZ6pwzXVW9SaGpcv91kw",
        "created_at": "2022-11-23T23:38:34.985Z",
        "expires_at": "2022-12-08T23:38:34Z"
    }
},
{
    "model": "token_blacklist.outstandingtoken",
    "pk": 151,
    "fields": {
        "user": 76,
        "jti": "7ff3f732f10440cfb84a391fafbe3b43",
        "token": "eyJ0eXAiOiJKV1QiLCJhbGciOiJIUzI1NiJ9.eyJ0b2tlbl90eXBlIjoicmVmcmVzaCIsImV4cCI6MTY3MDU0Mjc1NCwiaWF0IjoxNjY5MjQ2NzU0LCJqdGkiOiI3ZmYzZjczMmYxMDQ0MGNmYjg0YTM5MWZhZmJlM2I0MyIsInVzZXJfaWQiOjc2fQ.1pxJ5tirbXQbo8xOOUSeesE-uBC4HRZFqZxcphIWGdw",
        "created_at": "2022-11-23T23:39:14.890Z",
        "expires_at": "2022-12-08T23:39:14Z"
    }
},
{
    "model": "token_blacklist.outstandingtoken",
    "pk": 152,
    "fields": {
        "user": 76,
        "jti": "e44b0ece1a1944e69d7151610bbe07f4",
        "token": "eyJ0eXAiOiJKV1QiLCJhbGciOiJIUzI1NiJ9.eyJ0b2tlbl90eXBlIjoicmVmcmVzaCIsImV4cCI6MTY3MDU0Mjc4MywiaWF0IjoxNjY5MjQ2NzgzLCJqdGkiOiJlNDRiMGVjZTFhMTk0NGU2OWQ3MTUxNjEwYmJlMDdmNCIsInVzZXJfaWQiOjc2fQ.tPHGOlfH-8C74KfNO6DZuiYC3TWYlIzigkY8QGSN_Fg",
        "created_at": "2022-11-23T23:39:43.711Z",
        "expires_at": "2022-12-08T23:39:43Z"
    }
},
{
    "model": "token_blacklist.outstandingtoken",
    "pk": 153,
    "fields": {
        "user": 76,
        "jti": "6d80939a0ae64d4aa1937e6ddff9ec69",
        "token": "eyJ0eXAiOiJKV1QiLCJhbGciOiJIUzI1NiJ9.eyJ0b2tlbl90eXBlIjoicmVmcmVzaCIsImV4cCI6MTY3MDU0Mjc5OSwiaWF0IjoxNjY5MjQ2Nzk5LCJqdGkiOiI2ZDgwOTM5YTBhZTY0ZDRhYTE5MzdlNmRkZmY5ZWM2OSIsInVzZXJfaWQiOjc2fQ.suFugPFbFvujLgdgUDNJCAIJQ4QPQ4pQqhgJoOlVR9w",
        "created_at": "2022-11-23T23:39:59.214Z",
        "expires_at": "2022-12-08T23:39:59Z"
    }
},
{
    "model": "token_blacklist.outstandingtoken",
    "pk": 154,
    "fields": {
        "user": 76,
        "jti": "a1c079b0c0444aa3bdc09f0679070d56",
        "token": "eyJ0eXAiOiJKV1QiLCJhbGciOiJIUzI1NiJ9.eyJ0b2tlbl90eXBlIjoicmVmcmVzaCIsImV4cCI6MTY3MDU0MjgwMSwiaWF0IjoxNjY5MjQ2ODAxLCJqdGkiOiJhMWMwNzliMGMwNDQ0YWEzYmRjMDlmMDY3OTA3MGQ1NiIsInVzZXJfaWQiOjc2fQ.S4ebU6iED2zaGjPgf8603Bdmop4dM5VSzcAvsfgRbdM",
        "created_at": "2022-11-23T23:40:01.580Z",
        "expires_at": "2022-12-08T23:40:01Z"
    }
},
{
    "model": "token_blacklist.outstandingtoken",
    "pk": 155,
    "fields": {
        "user": 76,
        "jti": "b3c07a75adff44f68a41de11aa94f23b",
        "token": "eyJ0eXAiOiJKV1QiLCJhbGciOiJIUzI1NiJ9.eyJ0b2tlbl90eXBlIjoicmVmcmVzaCIsImV4cCI6MTY3MDU0MjgyMCwiaWF0IjoxNjY5MjQ2ODIwLCJqdGkiOiJiM2MwN2E3NWFkZmY0NGY2OGE0MWRlMTFhYTk0ZjIzYiIsInVzZXJfaWQiOjc2fQ.PoVfREC-QsDIRekSM1kYbRjqjItPGM1_kglHXAtEwWY",
        "created_at": "2022-11-23T23:40:20.244Z",
        "expires_at": "2022-12-08T23:40:20Z"
    }
},
{
    "model": "token_blacklist.outstandingtoken",
    "pk": 156,
    "fields": {
        "user": 76,
        "jti": "37bfa014a0944e229bd4e26130df3878",
        "token": "eyJ0eXAiOiJKV1QiLCJhbGciOiJIUzI1NiJ9.eyJ0b2tlbl90eXBlIjoicmVmcmVzaCIsImV4cCI6MTY3MDU0Mjg0MywiaWF0IjoxNjY5MjQ2ODQzLCJqdGkiOiIzN2JmYTAxNGEwOTQ0ZTIyOWJkNGUyNjEzMGRmMzg3OCIsInVzZXJfaWQiOjc2fQ.iKO27tZg1w0k1hriUMCmU1LtThlIhHw5GSzVyqmem1w",
        "created_at": "2022-11-23T23:40:43.040Z",
        "expires_at": "2022-12-08T23:40:43Z"
    }
},
{
    "model": "token_blacklist.outstandingtoken",
    "pk": 157,
    "fields": {
        "user": 76,
        "jti": "3072ca2491ca498ca296a9f77e5caa02",
        "token": "eyJ0eXAiOiJKV1QiLCJhbGciOiJIUzI1NiJ9.eyJ0b2tlbl90eXBlIjoicmVmcmVzaCIsImV4cCI6MTY3MDU0Mjg1MCwiaWF0IjoxNjY5MjQ2ODUwLCJqdGkiOiIzMDcyY2EyNDkxY2E0OThjYTI5NmE5Zjc3ZTVjYWEwMiIsInVzZXJfaWQiOjc2fQ.Op8sOYO68Lqm3Tmc2o30SmJ4a9UUlxYjkXdEgVv9Bpo",
        "created_at": "2022-11-23T23:40:50.941Z",
        "expires_at": "2022-12-08T23:40:50Z"
    }
},
{
    "model": "token_blacklist.outstandingtoken",
    "pk": 158,
    "fields": {
        "user": 76,
        "jti": "9a4ffd5d4667426e9de4e312373a457b",
        "token": "eyJ0eXAiOiJKV1QiLCJhbGciOiJIUzI1NiJ9.eyJ0b2tlbl90eXBlIjoicmVmcmVzaCIsImV4cCI6MTY3MDU0Mjg2NSwiaWF0IjoxNjY5MjQ2ODY1LCJqdGkiOiI5YTRmZmQ1ZDQ2Njc0MjZlOWRlNGUzMTIzNzNhNDU3YiIsInVzZXJfaWQiOjc2fQ.7Memiwds_00K5QuQ4SLFVCr6TUdUgPEjiNRVNxsumkM",
        "created_at": "2022-11-23T23:41:05.627Z",
        "expires_at": "2022-12-08T23:41:05Z"
    }
},
{
    "model": "token_blacklist.outstandingtoken",
    "pk": 159,
    "fields": {
        "user": 76,
        "jti": "897707df098a45b5bd2e5e1cb6591df4",
        "token": "eyJ0eXAiOiJKV1QiLCJhbGciOiJIUzI1NiJ9.eyJ0b2tlbl90eXBlIjoicmVmcmVzaCIsImV4cCI6MTY3MDU0Mjg3NSwiaWF0IjoxNjY5MjQ2ODc1LCJqdGkiOiI4OTc3MDdkZjA5OGE0NWI1YmQyZTVlMWNiNjU5MWRmNCIsInVzZXJfaWQiOjc2fQ.G5RvPRF8nHMzq7zr9UCf_nfRCNzUkgGGWx0cnQB0Gbg",
        "created_at": "2022-11-23T23:41:15.630Z",
        "expires_at": "2022-12-08T23:41:15Z"
    }
},
{
    "model": "token_blacklist.outstandingtoken",
    "pk": 160,
    "fields": {
        "user": 76,
        "jti": "94c4bd910e854bbdbc2ae414f509dc75",
        "token": "eyJ0eXAiOiJKV1QiLCJhbGciOiJIUzI1NiJ9.eyJ0b2tlbl90eXBlIjoicmVmcmVzaCIsImV4cCI6MTY3MDU0MjkyNCwiaWF0IjoxNjY5MjQ2OTI0LCJqdGkiOiI5NGM0YmQ5MTBlODU0YmJkYmMyYWU0MTRmNTA5ZGM3NSIsInVzZXJfaWQiOjc2fQ.IJR9EwXAhE3RqS_qU-TAr1hLRmeqYD4UacNLKsNsHoY",
        "created_at": "2022-11-23T23:42:04.200Z",
        "expires_at": "2022-12-08T23:42:04Z"
    }
},
{
    "model": "token_blacklist.outstandingtoken",
    "pk": 161,
    "fields": {
        "user": 76,
        "jti": "79f86b2370da4a03a202c0e81cb9fbe9",
        "token": "eyJ0eXAiOiJKV1QiLCJhbGciOiJIUzI1NiJ9.eyJ0b2tlbl90eXBlIjoicmVmcmVzaCIsImV4cCI6MTY3MDU0MjkyOSwiaWF0IjoxNjY5MjQ2OTI5LCJqdGkiOiI3OWY4NmIyMzcwZGE0YTAzYTIwMmMwZTgxY2I5ZmJlOSIsInVzZXJfaWQiOjc2fQ.cVFGA4I_RnTx_YY3B7sMc_31OoRT3sZX79YJyueC5ts",
        "created_at": "2022-11-23T23:42:09.750Z",
        "expires_at": "2022-12-08T23:42:09Z"
    }
},
{
    "model": "token_blacklist.outstandingtoken",
    "pk": 162,
    "fields": {
        "user": 76,
        "jti": "bc543a478ef54ef9bb0dcf38ef1e39f2",
        "token": "eyJ0eXAiOiJKV1QiLCJhbGciOiJIUzI1NiJ9.eyJ0b2tlbl90eXBlIjoicmVmcmVzaCIsImV4cCI6MTY3MDU0MjkzMywiaWF0IjoxNjY5MjQ2OTMzLCJqdGkiOiJiYzU0M2E0NzhlZjU0ZWY5YmIwZGNmMzhlZjFlMzlmMiIsInVzZXJfaWQiOjc2fQ.-TCO2d7LCUecuJeEOWgatHMtcjwl3lH_pGciE8chKVE",
        "created_at": "2022-11-23T23:42:13.046Z",
        "expires_at": "2022-12-08T23:42:13Z"
    }
},
{
    "model": "token_blacklist.outstandingtoken",
    "pk": 163,
    "fields": {
        "user": 76,
        "jti": "65c7b83c5a724098b03ffbf08fb2c9a6",
        "token": "eyJ0eXAiOiJKV1QiLCJhbGciOiJIUzI1NiJ9.eyJ0b2tlbl90eXBlIjoicmVmcmVzaCIsImV4cCI6MTY3MDU0MjkzOSwiaWF0IjoxNjY5MjQ2OTM5LCJqdGkiOiI2NWM3YjgzYzVhNzI0MDk4YjAzZmZiZjA4ZmIyYzlhNiIsInVzZXJfaWQiOjc2fQ.DVXOiPYkzUHVfv9WWWCxduUFeoXmHK9aZEFUkCwgCF8",
        "created_at": "2022-11-23T23:42:19.516Z",
        "expires_at": "2022-12-08T23:42:19Z"
    }
},
{
    "model": "token_blacklist.outstandingtoken",
    "pk": 164,
    "fields": {
        "user": 76,
        "jti": "35c034bc1cbc481daf41d6033842cc1a",
        "token": "eyJ0eXAiOiJKV1QiLCJhbGciOiJIUzI1NiJ9.eyJ0b2tlbl90eXBlIjoicmVmcmVzaCIsImV4cCI6MTY3MDU0Mjk3NSwiaWF0IjoxNjY5MjQ2OTc1LCJqdGkiOiIzNWMwMzRiYzFjYmM0ODFkYWY0MWQ2MDMzODQyY2MxYSIsInVzZXJfaWQiOjc2fQ.Q2_9xHBDgwybdMCK0sR_L9z_QQG5jRSgmuPNNPlI8Y4",
        "created_at": "2022-11-23T23:42:55.682Z",
        "expires_at": "2022-12-08T23:42:55Z"
    }
},
{
    "model": "token_blacklist.outstandingtoken",
    "pk": 165,
    "fields": {
        "user": 76,
        "jti": "17241de87af347a699e72270c469589a",
        "token": "eyJ0eXAiOiJKV1QiLCJhbGciOiJIUzI1NiJ9.eyJ0b2tlbl90eXBlIjoicmVmcmVzaCIsImV4cCI6MTY3MDU0MzAwMiwiaWF0IjoxNjY5MjQ3MDAyLCJqdGkiOiIxNzI0MWRlODdhZjM0N2E2OTllNzIyNzBjNDY5NTg5YSIsInVzZXJfaWQiOjc2fQ.PYEBvKsoKmiX-5JRJYqfUXjmK3fumClwpzj8iNojYzg",
        "created_at": "2022-11-23T23:43:22.134Z",
        "expires_at": "2022-12-08T23:43:22Z"
    }
},
{
    "model": "token_blacklist.outstandingtoken",
    "pk": 166,
    "fields": {
        "user": 76,
        "jti": "e03a802db0f24a8db9766b237f25a0fb",
        "token": "eyJ0eXAiOiJKV1QiLCJhbGciOiJIUzI1NiJ9.eyJ0b2tlbl90eXBlIjoicmVmcmVzaCIsImV4cCI6MTY3MDU0MzAyMywiaWF0IjoxNjY5MjQ3MDIzLCJqdGkiOiJlMDNhODAyZGIwZjI0YThkYjk3NjZiMjM3ZjI1YTBmYiIsInVzZXJfaWQiOjc2fQ.FI2kOVjNx91v1K3ZDEMIuIXsF9RkXidGWa10DlLxqmE",
        "created_at": "2022-11-23T23:43:43.328Z",
        "expires_at": "2022-12-08T23:43:43Z"
    }
},
{
    "model": "token_blacklist.outstandingtoken",
    "pk": 167,
    "fields": {
        "user": 76,
        "jti": "51e4180a6f6046dcbfaa5fdae22d0d35",
        "token": "eyJ0eXAiOiJKV1QiLCJhbGciOiJIUzI1NiJ9.eyJ0b2tlbl90eXBlIjoicmVmcmVzaCIsImV4cCI6MTY3MDU0MzAzNSwiaWF0IjoxNjY5MjQ3MDM1LCJqdGkiOiI1MWU0MTgwYTZmNjA0NmRjYmZhYTVmZGFlMjJkMGQzNSIsInVzZXJfaWQiOjc2fQ.HccJ_A8bpPVmC4vU8b2iEtfWK6rlIVFP9SvUfVyIe38",
        "created_at": "2022-11-23T23:43:55.240Z",
        "expires_at": "2022-12-08T23:43:55Z"
    }
},
{
    "model": "token_blacklist.outstandingtoken",
    "pk": 168,
    "fields": {
        "user": 76,
        "jti": "06d44cde19014e4093fe92870afbf5bf",
        "token": "eyJ0eXAiOiJKV1QiLCJhbGciOiJIUzI1NiJ9.eyJ0b2tlbl90eXBlIjoicmVmcmVzaCIsImV4cCI6MTY3MDU0MzA0NSwiaWF0IjoxNjY5MjQ3MDQ1LCJqdGkiOiIwNmQ0NGNkZTE5MDE0ZTQwOTNmZTkyODcwYWZiZjViZiIsInVzZXJfaWQiOjc2fQ.lAjF1iKrCDh599f1e4gXCsOeehrUArp9Qjb_z-FBriQ",
        "created_at": "2022-11-23T23:44:05.347Z",
        "expires_at": "2022-12-08T23:44:05Z"
    }
},
{
    "model": "token_blacklist.outstandingtoken",
    "pk": 169,
    "fields": {
        "user": 76,
        "jti": "88239372f47f4c7792d21e27b785fc55",
        "token": "eyJ0eXAiOiJKV1QiLCJhbGciOiJIUzI1NiJ9.eyJ0b2tlbl90eXBlIjoicmVmcmVzaCIsImV4cCI6MTY3MDU0MzA1NiwiaWF0IjoxNjY5MjQ3MDU2LCJqdGkiOiI4ODIzOTM3MmY0N2Y0Yzc3OTJkMjFlMjdiNzg1ZmM1NSIsInVzZXJfaWQiOjc2fQ.EP2Zf8WvFrXBRNJSvDF7XX89NW3f1ONFGgO9TQLnUw8",
        "created_at": "2022-11-23T23:44:16.541Z",
        "expires_at": "2022-12-08T23:44:16Z"
    }
},
{
    "model": "token_blacklist.outstandingtoken",
    "pk": 170,
    "fields": {
        "user": 76,
        "jti": "6dc7175eca294c86ad0d5b00eb74baaa",
        "token": "eyJ0eXAiOiJKV1QiLCJhbGciOiJIUzI1NiJ9.eyJ0b2tlbl90eXBlIjoicmVmcmVzaCIsImV4cCI6MTY3MDU0MzA2NywiaWF0IjoxNjY5MjQ3MDY3LCJqdGkiOiI2ZGM3MTc1ZWNhMjk0Yzg2YWQwZDViMDBlYjc0YmFhYSIsInVzZXJfaWQiOjc2fQ.Xltp_bJ7tQAnpq-4a6MIPWAYren9dW_HeXt-FMxy9Sw",
        "created_at": "2022-11-23T23:44:27.918Z",
        "expires_at": "2022-12-08T23:44:27Z"
    }
},
{
    "model": "token_blacklist.outstandingtoken",
    "pk": 171,
    "fields": {
        "user": 76,
        "jti": "f8866041c804468e9bd20f46b82742f9",
        "token": "eyJ0eXAiOiJKV1QiLCJhbGciOiJIUzI1NiJ9.eyJ0b2tlbl90eXBlIjoicmVmcmVzaCIsImV4cCI6MTY3MDU0MzEzNCwiaWF0IjoxNjY5MjQ3MTM0LCJqdGkiOiJmODg2NjA0MWM4MDQ0NjhlOWJkMjBmNDZiODI3NDJmOSIsInVzZXJfaWQiOjc2fQ.bgHNGpOhojrBlUYHzUOxSVPx1nNgH_pPq83lyhkmoqo",
        "created_at": "2022-11-23T23:45:34.048Z",
        "expires_at": "2022-12-08T23:45:34Z"
    }
},
{
    "model": "token_blacklist.outstandingtoken",
    "pk": 172,
    "fields": {
        "user": 76,
        "jti": "a28b520f6bbc4617a4effbcee4f4b2b5",
        "token": "eyJ0eXAiOiJKV1QiLCJhbGciOiJIUzI1NiJ9.eyJ0b2tlbl90eXBlIjoicmVmcmVzaCIsImV4cCI6MTY3MDU0MzE1MywiaWF0IjoxNjY5MjQ3MTUzLCJqdGkiOiJhMjhiNTIwZjZiYmM0NjE3YTRlZmZiY2VlNGY0YjJiNSIsInVzZXJfaWQiOjc2fQ.Djwj-1rDpYUP1QIcGmegSqN6z9T_efwuIvjiBdZjuo0",
        "created_at": "2022-11-23T23:45:53.837Z",
        "expires_at": "2022-12-08T23:45:53Z"
    }
},
{
    "model": "token_blacklist.outstandingtoken",
    "pk": 173,
    "fields": {
        "user": 76,
        "jti": "338459fa0a894692afecac555b07f343",
        "token": "eyJ0eXAiOiJKV1QiLCJhbGciOiJIUzI1NiJ9.eyJ0b2tlbl90eXBlIjoicmVmcmVzaCIsImV4cCI6MTY3MDU0MzUyMywiaWF0IjoxNjY5MjQ3NTIzLCJqdGkiOiIzMzg0NTlmYTBhODk0NjkyYWZlY2FjNTU1YjA3ZjM0MyIsInVzZXJfaWQiOjc2fQ.Kbf8ogVSomYJxzgJpQD2301pSa2qwoh7LIhVvRS_Taw",
        "created_at": "2022-11-23T23:52:03.794Z",
        "expires_at": "2022-12-08T23:52:03Z"
    }
},
{
    "model": "token_blacklist.outstandingtoken",
    "pk": 174,
    "fields": {
        "user": 76,
        "jti": "da6b193228834159ab7d70fece00ae8c",
        "token": "eyJ0eXAiOiJKV1QiLCJhbGciOiJIUzI1NiJ9.eyJ0b2tlbl90eXBlIjoicmVmcmVzaCIsImV4cCI6MTY3MDU0MzU0MCwiaWF0IjoxNjY5MjQ3NTQwLCJqdGkiOiJkYTZiMTkzMjI4ODM0MTU5YWI3ZDcwZmVjZTAwYWU4YyIsInVzZXJfaWQiOjc2fQ.HizNfSR5EMS4np1WTkUHElLVdfOVdhFKPvHoC9zeB_4",
        "created_at": "2022-11-23T23:52:20.030Z",
        "expires_at": "2022-12-08T23:52:20Z"
    }
},
{
    "model": "token_blacklist.outstandingtoken",
    "pk": 175,
    "fields": {
        "user": 76,
        "jti": "a080cdab68f34475b86d99c0f5e87d14",
        "token": "eyJ0eXAiOiJKV1QiLCJhbGciOiJIUzI1NiJ9.eyJ0b2tlbl90eXBlIjoicmVmcmVzaCIsImV4cCI6MTY3MDU0MzU0OSwiaWF0IjoxNjY5MjQ3NTQ5LCJqdGkiOiJhMDgwY2RhYjY4ZjM0NDc1Yjg2ZDk5YzBmNWU4N2QxNCIsInVzZXJfaWQiOjc2fQ.dyzPEoBZWNGafi1SBdPpsHyw_9NFv7OtRijxqRRUHCQ",
        "created_at": "2022-11-23T23:52:29.552Z",
        "expires_at": "2022-12-08T23:52:29Z"
    }
},
{
    "model": "token_blacklist.outstandingtoken",
    "pk": 176,
    "fields": {
        "user": 76,
        "jti": "5c5a4a63d9a84ba58deb337d7bc9f8cf",
        "token": "eyJ0eXAiOiJKV1QiLCJhbGciOiJIUzI1NiJ9.eyJ0b2tlbl90eXBlIjoicmVmcmVzaCIsImV4cCI6MTY3MDU0MzU1NCwiaWF0IjoxNjY5MjQ3NTU0LCJqdGkiOiI1YzVhNGE2M2Q5YTg0YmE1OGRlYjMzN2Q3YmM5ZjhjZiIsInVzZXJfaWQiOjc2fQ.8XZfK2xyRtlKqEktj-KSp9LH--Unu-BA7sUx15VwaLw",
        "created_at": "2022-11-23T23:52:34.802Z",
        "expires_at": "2022-12-08T23:52:34Z"
    }
},
{
    "model": "token_blacklist.outstandingtoken",
    "pk": 177,
    "fields": {
        "user": 76,
        "jti": "073b3a2864fc41b6b1d24a74a310249b",
        "token": "eyJ0eXAiOiJKV1QiLCJhbGciOiJIUzI1NiJ9.eyJ0b2tlbl90eXBlIjoicmVmcmVzaCIsImV4cCI6MTY3MDU0MzU3NiwiaWF0IjoxNjY5MjQ3NTc2LCJqdGkiOiIwNzNiM2EyODY0ZmM0MWI2YjFkMjRhNzRhMzEwMjQ5YiIsInVzZXJfaWQiOjc2fQ.O7yDW-jsA1Zfs2Mqbo5LW05U3iv508lWADHct9YxCBU",
        "created_at": "2022-11-23T23:52:56.094Z",
        "expires_at": "2022-12-08T23:52:56Z"
    }
},
{
    "model": "token_blacklist.outstandingtoken",
    "pk": 178,
    "fields": {
        "user": 76,
        "jti": "199dcdb952ca4ff19d04f49c5ab5e946",
        "token": "eyJ0eXAiOiJKV1QiLCJhbGciOiJIUzI1NiJ9.eyJ0b2tlbl90eXBlIjoicmVmcmVzaCIsImV4cCI6MTY3MDU0MzU5MywiaWF0IjoxNjY5MjQ3NTkzLCJqdGkiOiIxOTlkY2RiOTUyY2E0ZmYxOWQwNGY0OWM1YWI1ZTk0NiIsInVzZXJfaWQiOjc2fQ.N-chQQP4mvHM3MbQQwADdC-cTls8y_OubaxBuokV6DE",
        "created_at": "2022-11-23T23:53:13.030Z",
        "expires_at": "2022-12-08T23:53:13Z"
    }
},
{
    "model": "token_blacklist.outstandingtoken",
    "pk": 179,
    "fields": {
        "user": 76,
        "jti": "81f5906d730b4de4929a3a3195f91d68",
        "token": "eyJ0eXAiOiJKV1QiLCJhbGciOiJIUzI1NiJ9.eyJ0b2tlbl90eXBlIjoicmVmcmVzaCIsImV4cCI6MTY3MDU0MzYxMCwiaWF0IjoxNjY5MjQ3NjEwLCJqdGkiOiI4MWY1OTA2ZDczMGI0ZGU0OTI5YTNhMzE5NWY5MWQ2OCIsInVzZXJfaWQiOjc2fQ.dSA1DnKITSFIAERmtS7q9z3OK2gX2SfaVhP0SzPUqNQ",
        "created_at": "2022-11-23T23:53:30.417Z",
        "expires_at": "2022-12-08T23:53:30Z"
    }
},
{
    "model": "token_blacklist.outstandingtoken",
    "pk": 180,
    "fields": {
        "user": 76,
        "jti": "06503eb6e3e848898f953a5bfdb3e38d",
        "token": "eyJ0eXAiOiJKV1QiLCJhbGciOiJIUzI1NiJ9.eyJ0b2tlbl90eXBlIjoicmVmcmVzaCIsImV4cCI6MTY3MDU0MzYzOCwiaWF0IjoxNjY5MjQ3NjM4LCJqdGkiOiIwNjUwM2ViNmUzZTg0ODg5OGY5NTNhNWJmZGIzZTM4ZCIsInVzZXJfaWQiOjc2fQ.qCjf1YiYXweaU_ynPc_V78OJwIo_28_M4JnnsIgjbYQ",
        "created_at": "2022-11-23T23:53:58.348Z",
        "expires_at": "2022-12-08T23:53:58Z"
    }
},
{
    "model": "token_blacklist.outstandingtoken",
    "pk": 181,
    "fields": {
        "user": 76,
        "jti": "e03dae01c7d94dc89253e9fc141536d0",
        "token": "eyJ0eXAiOiJKV1QiLCJhbGciOiJIUzI1NiJ9.eyJ0b2tlbl90eXBlIjoicmVmcmVzaCIsImV4cCI6MTY3MDU0MzY2MCwiaWF0IjoxNjY5MjQ3NjYwLCJqdGkiOiJlMDNkYWUwMWM3ZDk0ZGM4OTI1M2U5ZmMxNDE1MzZkMCIsInVzZXJfaWQiOjc2fQ.kxdR3vZW93891WrmqLGfxwlQS4ggQU0tMa3PRtabqts",
        "created_at": "2022-11-23T23:54:20.611Z",
        "expires_at": "2022-12-08T23:54:20Z"
    }
},
{
    "model": "token_blacklist.outstandingtoken",
    "pk": 182,
    "fields": {
        "user": 76,
        "jti": "e773154656c249a2bbf8fbfd701113cd",
        "token": "eyJ0eXAiOiJKV1QiLCJhbGciOiJIUzI1NiJ9.eyJ0b2tlbl90eXBlIjoicmVmcmVzaCIsImV4cCI6MTY3MDU0MzY3OCwiaWF0IjoxNjY5MjQ3Njc4LCJqdGkiOiJlNzczMTU0NjU2YzI0OWEyYmJmOGZiZmQ3MDExMTNjZCIsInVzZXJfaWQiOjc2fQ.p1gabINPJK77Usm0Thol59Y_Ah9AC-NHgQ4aQSZyAx4",
        "created_at": "2022-11-23T23:54:38.840Z",
        "expires_at": "2022-12-08T23:54:38Z"
    }
},
{
    "model": "token_blacklist.outstandingtoken",
    "pk": 183,
    "fields": {
        "user": 76,
        "jti": "8e0a857dd8a34325a905012a220e92f6",
        "token": "eyJ0eXAiOiJKV1QiLCJhbGciOiJIUzI1NiJ9.eyJ0b2tlbl90eXBlIjoicmVmcmVzaCIsImV4cCI6MTY3MDU0MzY5NiwiaWF0IjoxNjY5MjQ3Njk2LCJqdGkiOiI4ZTBhODU3ZGQ4YTM0MzI1YTkwNTAxMmEyMjBlOTJmNiIsInVzZXJfaWQiOjc2fQ.R6mTz-PJurnVzXqHbF9uYO-snVeqlpwcBwjP8tZqqQU",
        "created_at": "2022-11-23T23:54:56.222Z",
        "expires_at": "2022-12-08T23:54:56Z"
    }
},
{
    "model": "token_blacklist.outstandingtoken",
    "pk": 184,
    "fields": {
        "user": 76,
        "jti": "77b29a1c65b842c092c9dceea922035c",
        "token": "eyJ0eXAiOiJKV1QiLCJhbGciOiJIUzI1NiJ9.eyJ0b2tlbl90eXBlIjoicmVmcmVzaCIsImV4cCI6MTY3MDU0Mzc1MywiaWF0IjoxNjY5MjQ3NzUzLCJqdGkiOiI3N2IyOWExYzY1Yjg0MmMwOTJjOWRjZWVhOTIyMDM1YyIsInVzZXJfaWQiOjc2fQ.u8mGAyidm7-g-MdNZxYfQXEHdr7N-LrlGX9QfFBGcD0",
        "created_at": "2022-11-23T23:55:53.153Z",
        "expires_at": "2022-12-08T23:55:53Z"
    }
},
{
    "model": "token_blacklist.outstandingtoken",
    "pk": 185,
    "fields": {
        "user": 76,
        "jti": "7407e762152344d186ae1ba49346a3c5",
        "token": "eyJ0eXAiOiJKV1QiLCJhbGciOiJIUzI1NiJ9.eyJ0b2tlbl90eXBlIjoicmVmcmVzaCIsImV4cCI6MTY3MDU0Mzc5OCwiaWF0IjoxNjY5MjQ3Nzk4LCJqdGkiOiI3NDA3ZTc2MjE1MjM0NGQxODZhZTFiYTQ5MzQ2YTNjNSIsInVzZXJfaWQiOjc2fQ.8xYrkDh-FEqN0j-jYNK2LRzSaczCb88f3MJTVlBj1Vk",
        "created_at": "2022-11-23T23:56:38.101Z",
        "expires_at": "2022-12-08T23:56:38Z"
    }
},
{
    "model": "token_blacklist.outstandingtoken",
    "pk": 186,
    "fields": {
        "user": 76,
        "jti": "91094e8ec3e24303a519ef06e90f040a",
        "token": "eyJ0eXAiOiJKV1QiLCJhbGciOiJIUzI1NiJ9.eyJ0b2tlbl90eXBlIjoicmVmcmVzaCIsImV4cCI6MTY3MDU0MzgxMywiaWF0IjoxNjY5MjQ3ODEzLCJqdGkiOiI5MTA5NGU4ZWMzZTI0MzAzYTUxOWVmMDZlOTBmMDQwYSIsInVzZXJfaWQiOjc2fQ.ogRWy7MHb6DU61WwLb4NVZqbjNlfrbE3l5riTeRn2Bc",
        "created_at": "2022-11-23T23:56:53.718Z",
        "expires_at": "2022-12-08T23:56:53Z"
    }
},
{
    "model": "token_blacklist.outstandingtoken",
    "pk": 187,
    "fields": {
        "user": 76,
        "jti": "a3af540cc364457d882c4173d75d361d",
        "token": "eyJ0eXAiOiJKV1QiLCJhbGciOiJIUzI1NiJ9.eyJ0b2tlbl90eXBlIjoicmVmcmVzaCIsImV4cCI6MTY3MDU0MzgzMywiaWF0IjoxNjY5MjQ3ODMzLCJqdGkiOiJhM2FmNTQwY2MzNjQ0NTdkODgyYzQxNzNkNzVkMzYxZCIsInVzZXJfaWQiOjc2fQ.XZ5S5xqHSIO8FoMZjvnZc5w9YkPikdmFbz6mhhWfENg",
        "created_at": "2022-11-23T23:57:13.157Z",
        "expires_at": "2022-12-08T23:57:13Z"
    }
},
{
    "model": "token_blacklist.outstandingtoken",
    "pk": 188,
    "fields": {
        "user": 76,
        "jti": "4e5bd9a43152448ab2448322e29065a0",
        "token": "eyJ0eXAiOiJKV1QiLCJhbGciOiJIUzI1NiJ9.eyJ0b2tlbl90eXBlIjoicmVmcmVzaCIsImV4cCI6MTY3MDU0Mzg0OCwiaWF0IjoxNjY5MjQ3ODQ4LCJqdGkiOiI0ZTViZDlhNDMxNTI0NDhhYjI0NDgzMjJlMjkwNjVhMCIsInVzZXJfaWQiOjc2fQ.XJjFd9b1rtgPePe6xoQgKodvfqB02IYPjC9XXIuxr74",
        "created_at": "2022-11-23T23:57:28.339Z",
        "expires_at": "2022-12-08T23:57:28Z"
    }
},
{
    "model": "token_blacklist.outstandingtoken",
    "pk": 189,
    "fields": {
        "user": 76,
        "jti": "e9e2b3bb1d6b4a7285088e14ea8a114d",
        "token": "eyJ0eXAiOiJKV1QiLCJhbGciOiJIUzI1NiJ9.eyJ0b2tlbl90eXBlIjoicmVmcmVzaCIsImV4cCI6MTY3MDU0Mzg3NiwiaWF0IjoxNjY5MjQ3ODc2LCJqdGkiOiJlOWUyYjNiYjFkNmI0YTcyODUwODhlMTRlYThhMTE0ZCIsInVzZXJfaWQiOjc2fQ.A4O8vB_5MqRMhojf9hrkswJKQEwiY6ex8yn_bNYu1nE",
        "created_at": "2022-11-23T23:57:56.841Z",
        "expires_at": "2022-12-08T23:57:56Z"
    }
},
{
    "model": "token_blacklist.outstandingtoken",
    "pk": 190,
    "fields": {
        "user": 76,
        "jti": "a1ef5ef3c16c4836b59c62c458ae13f5",
        "token": "eyJ0eXAiOiJKV1QiLCJhbGciOiJIUzI1NiJ9.eyJ0b2tlbl90eXBlIjoicmVmcmVzaCIsImV4cCI6MTY3MDU0Mzk2NCwiaWF0IjoxNjY5MjQ3OTY0LCJqdGkiOiJhMWVmNWVmM2MxNmM0ODM2YjU5YzYyYzQ1OGFlMTNmNSIsInVzZXJfaWQiOjc2fQ.YE-Xmi537YApinyBZZgA9JbGBqYDqKLg6rnrSJ8A694",
        "created_at": "2022-11-23T23:59:24.493Z",
        "expires_at": "2022-12-08T23:59:24Z"
    }
},
{
    "model": "token_blacklist.outstandingtoken",
    "pk": 191,
    "fields": {
        "user": 76,
        "jti": "f4f38a08051143998c8d77d8ba8ca2b7",
        "token": "eyJ0eXAiOiJKV1QiLCJhbGciOiJIUzI1NiJ9.eyJ0b2tlbl90eXBlIjoicmVmcmVzaCIsImV4cCI6MTY3MDU0NDA4OSwiaWF0IjoxNjY5MjQ4MDg5LCJqdGkiOiJmNGYzOGEwODA1MTE0Mzk5OGM4ZDc3ZDhiYThjYTJiNyIsInVzZXJfaWQiOjc2fQ.XeHtRV5b-u1nelykZY4kRe4CyoKbpCKcriGfOXCQYzg",
        "created_at": "2022-11-24T00:01:29.297Z",
        "expires_at": "2022-12-09T00:01:29Z"
    }
},
{
    "model": "token_blacklist.outstandingtoken",
    "pk": 192,
    "fields": {
        "user": 76,
        "jti": "9c694d7bf7524f568a1c2aa5c7d28d80",
        "token": "eyJ0eXAiOiJKV1QiLCJhbGciOiJIUzI1NiJ9.eyJ0b2tlbl90eXBlIjoicmVmcmVzaCIsImV4cCI6MTY3MDU0NDEyMSwiaWF0IjoxNjY5MjQ4MTIxLCJqdGkiOiI5YzY5NGQ3YmY3NTI0ZjU2OGExYzJhYTVjN2QyOGQ4MCIsInVzZXJfaWQiOjc2fQ.HhxvES6imAJLtKOunDR87hVTPQNsA1XGDrbr3WCMYgw",
        "created_at": "2022-11-24T00:02:01.064Z",
        "expires_at": "2022-12-09T00:02:01Z"
    }
},
{
    "model": "token_blacklist.outstandingtoken",
    "pk": 193,
    "fields": {
        "user": 76,
        "jti": "f03ef4df7edc49978d7200b41530f8ac",
        "token": "eyJ0eXAiOiJKV1QiLCJhbGciOiJIUzI1NiJ9.eyJ0b2tlbl90eXBlIjoicmVmcmVzaCIsImV4cCI6MTY3MDU0NDE5MSwiaWF0IjoxNjY5MjQ4MTkxLCJqdGkiOiJmMDNlZjRkZjdlZGM0OTk3OGQ3MjAwYjQxNTMwZjhhYyIsInVzZXJfaWQiOjc2fQ.3Y_-RRZ5iCJw9bmddS8SSjnBbwhNiRttKVc1jZm4_nY",
        "created_at": "2022-11-24T00:03:11.039Z",
        "expires_at": "2022-12-09T00:03:11Z"
    }
},
{
    "model": "token_blacklist.outstandingtoken",
    "pk": 194,
    "fields": {
        "user": 76,
        "jti": "7224eb7c27a247458678206ff540e3a1",
        "token": "eyJ0eXAiOiJKV1QiLCJhbGciOiJIUzI1NiJ9.eyJ0b2tlbl90eXBlIjoicmVmcmVzaCIsImV4cCI6MTY3MDU0NDIwOSwiaWF0IjoxNjY5MjQ4MjA5LCJqdGkiOiI3MjI0ZWI3YzI3YTI0NzQ1ODY3ODIwNmZmNTQwZTNhMSIsInVzZXJfaWQiOjc2fQ.ZL-iIVSuM1cnneiBuivIkkx4W33v-F1uwqCCZM--03s",
        "created_at": "2022-11-24T00:03:29.283Z",
        "expires_at": "2022-12-09T00:03:29Z"
    }
},
{
    "model": "token_blacklist.outstandingtoken",
    "pk": 195,
    "fields": {
        "user": 76,
        "jti": "ecd138c808ff479e8e59b023d67cdf91",
        "token": "eyJ0eXAiOiJKV1QiLCJhbGciOiJIUzI1NiJ9.eyJ0b2tlbl90eXBlIjoicmVmcmVzaCIsImV4cCI6MTY3MDU0NDI4NiwiaWF0IjoxNjY5MjQ4Mjg2LCJqdGkiOiJlY2QxMzhjODA4ZmY0NzllOGU1OWIwMjNkNjdjZGY5MSIsInVzZXJfaWQiOjc2fQ.e4AEnpXxTY1heydhUy4a5UNxBA_dnjTN3komO-0Iot4",
        "created_at": "2022-11-24T00:04:46.866Z",
        "expires_at": "2022-12-09T00:04:46Z"
    }
},
{
    "model": "token_blacklist.outstandingtoken",
    "pk": 196,
    "fields": {
        "user": 76,
        "jti": "7058833f31b14223a149e9b376ca6291",
        "token": "eyJ0eXAiOiJKV1QiLCJhbGciOiJIUzI1NiJ9.eyJ0b2tlbl90eXBlIjoicmVmcmVzaCIsImV4cCI6MTY3MDU0NDMwNSwiaWF0IjoxNjY5MjQ4MzA1LCJqdGkiOiI3MDU4ODMzZjMxYjE0MjIzYTE0OWU5YjM3NmNhNjI5MSIsInVzZXJfaWQiOjc2fQ.nfHIa5z9fnaEL42wpHl7l67cwqGeGy2s2DJDSpULAAY",
        "created_at": "2022-11-24T00:05:05.866Z",
        "expires_at": "2022-12-09T00:05:05Z"
    }
},
{
    "model": "token_blacklist.outstandingtoken",
    "pk": 197,
    "fields": {
        "user": 76,
        "jti": "988698d18eb94aa18668c7f57fe6a4c5",
        "token": "eyJ0eXAiOiJKV1QiLCJhbGciOiJIUzI1NiJ9.eyJ0b2tlbl90eXBlIjoicmVmcmVzaCIsImV4cCI6MTY3MDU0NDM0MSwiaWF0IjoxNjY5MjQ4MzQxLCJqdGkiOiI5ODg2OThkMThlYjk0YWExODY2OGM3ZjU3ZmU2YTRjNSIsInVzZXJfaWQiOjc2fQ.FS8mw_3EtN_E1n8TROiJr1ji31k6B-1bnwYeLApqgHo",
        "created_at": "2022-11-24T00:05:41.133Z",
        "expires_at": "2022-12-09T00:05:41Z"
    }
},
{
    "model": "token_blacklist.outstandingtoken",
    "pk": 198,
    "fields": {
        "user": 76,
        "jti": "7cf9f204f79d424abe7c73b5bdaee378",
        "token": "eyJ0eXAiOiJKV1QiLCJhbGciOiJIUzI1NiJ9.eyJ0b2tlbl90eXBlIjoicmVmcmVzaCIsImV4cCI6MTY3MDU0NDM5NCwiaWF0IjoxNjY5MjQ4Mzk0LCJqdGkiOiI3Y2Y5ZjIwNGY3OWQ0MjRhYmU3YzczYjViZGFlZTM3OCIsInVzZXJfaWQiOjc2fQ.2ehCZegTXVKVVARG5MNh-qnMIvPCRzP3hTV4aWtgius",
        "created_at": "2022-11-24T00:06:34.791Z",
        "expires_at": "2022-12-09T00:06:34Z"
    }
},
{
    "model": "token_blacklist.outstandingtoken",
    "pk": 199,
    "fields": {
        "user": 76,
        "jti": "d2c630530a86498d8964bbfd79e4f3ae",
        "token": "eyJ0eXAiOiJKV1QiLCJhbGciOiJIUzI1NiJ9.eyJ0b2tlbl90eXBlIjoicmVmcmVzaCIsImV4cCI6MTY3MDU0NDQ0MywiaWF0IjoxNjY5MjQ4NDQzLCJqdGkiOiJkMmM2MzA1MzBhODY0OThkODk2NGJiZmQ3OWU0ZjNhZSIsInVzZXJfaWQiOjc2fQ.m_bDUbEHsJbHXRAyS4Hs0YGb6XoRADlMjreTxHHU2UA",
        "created_at": "2022-11-24T00:07:23.044Z",
        "expires_at": "2022-12-09T00:07:23Z"
    }
},
{
    "model": "token_blacklist.outstandingtoken",
    "pk": 200,
    "fields": {
        "user": 76,
        "jti": "19015621373041389cc500459bcc1b48",
        "token": "eyJ0eXAiOiJKV1QiLCJhbGciOiJIUzI1NiJ9.eyJ0b2tlbl90eXBlIjoicmVmcmVzaCIsImV4cCI6MTY3MDU0NDQ1NiwiaWF0IjoxNjY5MjQ4NDU2LCJqdGkiOiIxOTAxNTYyMTM3MzA0MTM4OWNjNTAwNDU5YmNjMWI0OCIsInVzZXJfaWQiOjc2fQ.JS9gS0L_KdnFHcgnC-xHgI__bMRJgdd7aUEq8zUc5iA",
        "created_at": "2022-11-24T00:07:36.717Z",
        "expires_at": "2022-12-09T00:07:36Z"
    }
},
{
    "model": "token_blacklist.outstandingtoken",
    "pk": 201,
    "fields": {
        "user": 76,
        "jti": "59227254d6424bef99eca97a5f3984bc",
        "token": "eyJ0eXAiOiJKV1QiLCJhbGciOiJIUzI1NiJ9.eyJ0b2tlbl90eXBlIjoicmVmcmVzaCIsImV4cCI6MTY3MDU0NDQ3MiwiaWF0IjoxNjY5MjQ4NDcyLCJqdGkiOiI1OTIyNzI1NGQ2NDI0YmVmOTllY2E5N2E1ZjM5ODRiYyIsInVzZXJfaWQiOjc2fQ.DeJDe1D29Uh_bbXxR_dZMs0pdqxFz9F_06Mb355m4Gw",
        "created_at": "2022-11-24T00:07:52.164Z",
        "expires_at": "2022-12-09T00:07:52Z"
    }
},
{
    "model": "token_blacklist.outstandingtoken",
    "pk": 202,
    "fields": {
        "user": 76,
        "jti": "89f5583e2cf546d4b7207c08e9e03014",
        "token": "eyJ0eXAiOiJKV1QiLCJhbGciOiJIUzI1NiJ9.eyJ0b2tlbl90eXBlIjoicmVmcmVzaCIsImV4cCI6MTY3MDU0NDUwNywiaWF0IjoxNjY5MjQ4NTA3LCJqdGkiOiI4OWY1NTgzZTJjZjU0NmQ0YjcyMDdjMDhlOWUwMzAxNCIsInVzZXJfaWQiOjc2fQ.RtfVgEfJi3CvnDIz9RMl9-ZZdYvbBIv-Fx2xl_Py1HY",
        "created_at": "2022-11-24T00:08:27.938Z",
        "expires_at": "2022-12-09T00:08:27Z"
    }
},
{
    "model": "token_blacklist.outstandingtoken",
    "pk": 203,
    "fields": {
        "user": 76,
        "jti": "2976bec5855a4ba5ac2df1bde09b8d11",
        "token": "eyJ0eXAiOiJKV1QiLCJhbGciOiJIUzI1NiJ9.eyJ0b2tlbl90eXBlIjoicmVmcmVzaCIsImV4cCI6MTY3MDU0NDUyOSwiaWF0IjoxNjY5MjQ4NTI5LCJqdGkiOiIyOTc2YmVjNTg1NWE0YmE1YWMyZGYxYmRlMDliOGQxMSIsInVzZXJfaWQiOjc2fQ.syrViZTWJBo3DnFpISWrsficGTRt0Wn90y62Cx8NL2A",
        "created_at": "2022-11-24T00:08:49.081Z",
        "expires_at": "2022-12-09T00:08:49Z"
    }
},
{
    "model": "token_blacklist.outstandingtoken",
    "pk": 204,
    "fields": {
        "user": 76,
        "jti": "2e1e72f70b2a45ef8d60cd705699669a",
        "token": "eyJ0eXAiOiJKV1QiLCJhbGciOiJIUzI1NiJ9.eyJ0b2tlbl90eXBlIjoicmVmcmVzaCIsImV4cCI6MTY3MDU0NDU1NSwiaWF0IjoxNjY5MjQ4NTU1LCJqdGkiOiIyZTFlNzJmNzBiMmE0NWVmOGQ2MGNkNzA1Njk5NjY5YSIsInVzZXJfaWQiOjc2fQ.X3KFO-p11paS3OyXxTXjniPdtEVxsj2JQShDVUjFUlw",
        "created_at": "2022-11-24T00:09:15.265Z",
        "expires_at": "2022-12-09T00:09:15Z"
    }
},
{
    "model": "token_blacklist.blacklistedtoken",
    "pk": 1,
    "fields": {
        "token": 36,
        "blacklisted_at": "2022-11-19T02:16:45.290Z"
    }
},
{
    "model": "token_blacklist.blacklistedtoken",
    "pk": 2,
    "fields": {
        "token": 37,
        "blacklisted_at": "2022-11-19T02:16:45.648Z"
    }
},
{
    "model": "token_blacklist.blacklistedtoken",
    "pk": 3,
    "fields": {
        "token": 38,
        "blacklisted_at": "2022-11-19T02:18:03.602Z"
    }
},
{
    "model": "token_blacklist.blacklistedtoken",
    "pk": 4,
    "fields": {
        "token": 39,
        "blacklisted_at": "2022-11-19T02:18:09.450Z"
    }
},
{
    "model": "token_blacklist.blacklistedtoken",
    "pk": 5,
    "fields": {
        "token": 40,
        "blacklisted_at": "2022-11-19T02:18:16.519Z"
    }
},
{
    "model": "token_blacklist.blacklistedtoken",
    "pk": 6,
    "fields": {
        "token": 41,
        "blacklisted_at": "2022-11-19T02:18:29.580Z"
    }
},
{
    "model": "token_blacklist.blacklistedtoken",
    "pk": 7,
    "fields": {
        "token": 42,
        "blacklisted_at": "2022-11-19T02:18:49.778Z"
    }
},
{
    "model": "token_blacklist.blacklistedtoken",
    "pk": 8,
    "fields": {
        "token": 43,
        "blacklisted_at": "2022-11-19T02:19:25.869Z"
    }
},
{
    "model": "token_blacklist.blacklistedtoken",
    "pk": 9,
    "fields": {
        "token": 44,
        "blacklisted_at": "2022-11-19T02:25:29.318Z"
    }
},
{
    "model": "token_blacklist.blacklistedtoken",
    "pk": 10,
    "fields": {
        "token": 45,
        "blacklisted_at": "2022-11-19T02:26:04.167Z"
    }
},
{
    "model": "token_blacklist.blacklistedtoken",
    "pk": 11,
    "fields": {
        "token": 46,
        "blacklisted_at": "2022-11-19T02:27:22.552Z"
    }
},
{
    "model": "token_blacklist.blacklistedtoken",
    "pk": 12,
    "fields": {
        "token": 47,
        "blacklisted_at": "2022-11-19T02:29:11.151Z"
    }
},
{
    "model": "token_blacklist.blacklistedtoken",
    "pk": 13,
    "fields": {
        "token": 48,
        "blacklisted_at": "2022-11-19T02:29:21.660Z"
    }
},
{
    "model": "token_blacklist.blacklistedtoken",
    "pk": 14,
    "fields": {
        "token": 49,
        "blacklisted_at": "2022-11-19T02:36:14.360Z"
    }
},
{
    "model": "token_blacklist.blacklistedtoken",
    "pk": 15,
    "fields": {
        "token": 50,
        "blacklisted_at": "2022-11-19T02:36:37.321Z"
    }
},
{
    "model": "token_blacklist.blacklistedtoken",
    "pk": 16,
    "fields": {
        "token": 51,
        "blacklisted_at": "2022-11-19T02:36:38.436Z"
    }
},
{
    "model": "token_blacklist.blacklistedtoken",
    "pk": 17,
    "fields": {
        "token": 52,
        "blacklisted_at": "2022-11-19T02:36:48.784Z"
    }
},
{
    "model": "token_blacklist.blacklistedtoken",
    "pk": 18,
    "fields": {
        "token": 53,
        "blacklisted_at": "2022-11-19T02:36:51.985Z"
    }
},
{
    "model": "token_blacklist.blacklistedtoken",
    "pk": 19,
    "fields": {
        "token": 54,
        "blacklisted_at": "2022-11-19T02:39:22.087Z"
    }
},
{
    "model": "token_blacklist.blacklistedtoken",
    "pk": 20,
    "fields": {
        "token": 55,
        "blacklisted_at": "2022-11-19T02:40:10.009Z"
    }
},
{
    "model": "token_blacklist.blacklistedtoken",
    "pk": 21,
    "fields": {
        "token": 56,
        "blacklisted_at": "2022-11-19T02:40:33.952Z"
    }
},
{
    "model": "token_blacklist.blacklistedtoken",
    "pk": 22,
    "fields": {
        "token": 57,
        "blacklisted_at": "2022-11-19T02:40:42.918Z"
    }
},
{
    "model": "token_blacklist.blacklistedtoken",
    "pk": 23,
    "fields": {
        "token": 58,
        "blacklisted_at": "2022-11-19T02:40:48.215Z"
    }
},
{
    "model": "token_blacklist.blacklistedtoken",
    "pk": 24,
    "fields": {
        "token": 59,
        "blacklisted_at": "2022-11-19T02:40:54.002Z"
    }
},
{
    "model": "token_blacklist.blacklistedtoken",
    "pk": 25,
    "fields": {
        "token": 60,
        "blacklisted_at": "2022-11-19T02:40:57.861Z"
    }
},
{
    "model": "token_blacklist.blacklistedtoken",
    "pk": 26,
    "fields": {
        "token": 61,
        "blacklisted_at": "2022-11-19T02:41:25.834Z"
    }
},
{
    "model": "token_blacklist.blacklistedtoken",
    "pk": 27,
    "fields": {
        "token": 62,
        "blacklisted_at": "2022-11-19T02:41:29.338Z"
    }
},
{
    "model": "token_blacklist.blacklistedtoken",
    "pk": 28,
    "fields": {
        "token": 63,
        "blacklisted_at": "2022-11-19T02:41:33.537Z"
    }
},
{
    "model": "token_blacklist.blacklistedtoken",
    "pk": 29,
    "fields": {
        "token": 64,
        "blacklisted_at": "2022-11-19T02:42:47.708Z"
    }
},
{
    "model": "token_blacklist.blacklistedtoken",
    "pk": 30,
    "fields": {
        "token": 65,
        "blacklisted_at": "2022-11-19T02:50:29.885Z"
    }
},
{
    "model": "token_blacklist.blacklistedtoken",
    "pk": 31,
    "fields": {
        "token": 66,
        "blacklisted_at": "2022-11-19T03:05:39.789Z"
    }
},
{
    "model": "token_blacklist.blacklistedtoken",
    "pk": 32,
    "fields": {
        "token": 67,
        "blacklisted_at": "2022-11-19T03:14:45.942Z"
    }
},
{
    "model": "token_blacklist.blacklistedtoken",
    "pk": 33,
    "fields": {
        "token": 68,
        "blacklisted_at": "2022-11-19T03:15:26.449Z"
    }
},
{
    "model": "token_blacklist.blacklistedtoken",
    "pk": 34,
    "fields": {
        "token": 69,
        "blacklisted_at": "2022-11-19T03:15:30.524Z"
    }
},
{
    "model": "token_blacklist.blacklistedtoken",
    "pk": 35,
    "fields": {
        "token": 70,
        "blacklisted_at": "2022-11-19T03:20:56.893Z"
    }
},
{
    "model": "token_blacklist.blacklistedtoken",
    "pk": 36,
    "fields": {
        "token": 71,
        "blacklisted_at": "2022-11-19T03:26:11.023Z"
    }
},
{
    "model": "token_blacklist.blacklistedtoken",
    "pk": 37,
    "fields": {
        "token": 72,
        "blacklisted_at": "2022-11-19T03:27:12.908Z"
    }
},
{
    "model": "token_blacklist.blacklistedtoken",
    "pk": 38,
    "fields": {
        "token": 73,
        "blacklisted_at": "2022-11-19T03:27:31.188Z"
    }
},
{
    "model": "token_blacklist.blacklistedtoken",
    "pk": 39,
    "fields": {
        "token": 74,
        "blacklisted_at": "2022-11-19T03:27:39.442Z"
    }
},
{
    "model": "token_blacklist.blacklistedtoken",
    "pk": 40,
    "fields": {
        "token": 75,
        "blacklisted_at": "2022-11-19T03:27:46.679Z"
    }
},
{
    "model": "token_blacklist.blacklistedtoken",
    "pk": 41,
    "fields": {
        "token": 76,
        "blacklisted_at": "2022-11-19T03:27:56.201Z"
    }
},
{
    "model": "token_blacklist.blacklistedtoken",
    "pk": 42,
    "fields": {
        "token": 77,
        "blacklisted_at": "2022-11-19T03:28:27.704Z"
    }
},
{
    "model": "token_blacklist.blacklistedtoken",
    "pk": 43,
    "fields": {
        "token": 78,
        "blacklisted_at": "2022-11-19T03:28:30.767Z"
    }
},
{
    "model": "token_blacklist.blacklistedtoken",
    "pk": 44,
    "fields": {
        "token": 79,
        "blacklisted_at": "2022-11-19T03:28:48.113Z"
    }
},
{
    "model": "token_blacklist.blacklistedtoken",
    "pk": 45,
    "fields": {
        "token": 80,
        "blacklisted_at": "2022-11-19T03:28:55.137Z"
    }
},
{
    "model": "token_blacklist.blacklistedtoken",
    "pk": 46,
    "fields": {
        "token": 81,
        "blacklisted_at": "2022-11-19T03:29:02.375Z"
    }
},
{
    "model": "token_blacklist.blacklistedtoken",
    "pk": 47,
    "fields": {
        "token": 82,
        "blacklisted_at": "2022-11-19T03:29:06.196Z"
    }
},
{
    "model": "token_blacklist.blacklistedtoken",
    "pk": 48,
    "fields": {
        "token": 83,
        "blacklisted_at": "2022-11-19T03:29:10.598Z"
    }
},
{
    "model": "token_blacklist.blacklistedtoken",
    "pk": 49,
    "fields": {
        "token": 84,
        "blacklisted_at": "2022-11-19T03:29:14.104Z"
    }
},
{
    "model": "token_blacklist.blacklistedtoken",
    "pk": 50,
    "fields": {
        "token": 85,
        "blacklisted_at": "2022-11-19T03:29:18.020Z"
    }
},
{
    "model": "token_blacklist.blacklistedtoken",
    "pk": 51,
    "fields": {
        "token": 86,
        "blacklisted_at": "2022-11-19T03:29:21.168Z"
    }
},
{
    "model": "token_blacklist.blacklistedtoken",
    "pk": 52,
    "fields": {
        "token": 87,
        "blacklisted_at": "2022-11-19T03:30:02.119Z"
    }
},
{
    "model": "token_blacklist.blacklistedtoken",
    "pk": 53,
    "fields": {
        "token": 88,
        "blacklisted_at": "2022-11-19T03:30:44.881Z"
    }
},
{
    "model": "token_blacklist.blacklistedtoken",
    "pk": 54,
    "fields": {
        "token": 89,
        "blacklisted_at": "2022-11-19T03:30:48.997Z"
    }
},
{
    "model": "token_blacklist.blacklistedtoken",
    "pk": 55,
    "fields": {
        "token": 90,
        "blacklisted_at": "2022-11-19T03:30:55.962Z"
    }
},
{
    "model": "token_blacklist.blacklistedtoken",
    "pk": 56,
    "fields": {
        "token": 91,
        "blacklisted_at": "2022-11-19T03:34:14.794Z"
    }
},
{
    "model": "token_blacklist.blacklistedtoken",
    "pk": 57,
    "fields": {
        "token": 92,
        "blacklisted_at": "2022-11-19T03:39:27Z"
    }
},
{
    "model": "token_blacklist.blacklistedtoken",
    "pk": 58,
    "fields": {
        "token": 93,
        "blacklisted_at": "2022-11-19T03:39:38.766Z"
    }
},
{
    "model": "token_blacklist.blacklistedtoken",
    "pk": 59,
    "fields": {
        "token": 94,
        "blacklisted_at": "2022-11-19T03:41:47.521Z"
    }
},
{
    "model": "token_blacklist.blacklistedtoken",
    "pk": 60,
    "fields": {
        "token": 95,
        "blacklisted_at": "2022-11-19T03:42:49.980Z"
    }
},
{
    "model": "token_blacklist.blacklistedtoken",
    "pk": 61,
    "fields": {
        "token": 96,
        "blacklisted_at": "2022-11-19T03:45:24.430Z"
    }
},
{
    "model": "token_blacklist.blacklistedtoken",
    "pk": 62,
    "fields": {
        "token": 97,
        "blacklisted_at": "2022-11-19T03:45:27.815Z"
    }
},
{
    "model": "token_blacklist.blacklistedtoken",
    "pk": 63,
    "fields": {
        "token": 98,
        "blacklisted_at": "2022-11-19T03:46:25.816Z"
    }
},
{
    "model": "token_blacklist.blacklistedtoken",
    "pk": 64,
    "fields": {
        "token": 99,
        "blacklisted_at": "2022-11-19T03:49:34.210Z"
    }
},
{
    "model": "token_blacklist.blacklistedtoken",
    "pk": 65,
    "fields": {
        "token": 100,
        "blacklisted_at": "2022-11-19T03:50:43.805Z"
    }
},
{
    "model": "token_blacklist.blacklistedtoken",
    "pk": 66,
    "fields": {
        "token": 101,
        "blacklisted_at": "2022-11-19T03:52:58.235Z"
    }
},
{
    "model": "token_blacklist.blacklistedtoken",
    "pk": 67,
    "fields": {
        "token": 102,
        "blacklisted_at": "2022-11-19T03:53:04.102Z"
    }
},
{
    "model": "token_blacklist.blacklistedtoken",
    "pk": 68,
    "fields": {
        "token": 103,
        "blacklisted_at": "2022-11-19T03:53:08.893Z"
    }
},
{
    "model": "token_blacklist.blacklistedtoken",
    "pk": 69,
    "fields": {
        "token": 104,
        "blacklisted_at": "2022-11-19T03:53:38.665Z"
    }
},
{
    "model": "token_blacklist.blacklistedtoken",
    "pk": 70,
    "fields": {
        "token": 105,
        "blacklisted_at": "2022-11-19T03:53:59.095Z"
    }
},
{
    "model": "token_blacklist.blacklistedtoken",
    "pk": 71,
    "fields": {
        "token": 106,
        "blacklisted_at": "2022-11-19T03:54:16.616Z"
    }
},
{
    "model": "token_blacklist.blacklistedtoken",
    "pk": 72,
    "fields": {
        "token": 107,
        "blacklisted_at": "2022-11-19T03:59:13.320Z"
    }
},
{
    "model": "token_blacklist.blacklistedtoken",
    "pk": 73,
    "fields": {
        "token": 108,
        "blacklisted_at": "2022-11-19T04:04:54.703Z"
    }
},
{
    "model": "token_blacklist.blacklistedtoken",
    "pk": 74,
    "fields": {
        "token": 109,
        "blacklisted_at": "2022-11-19T04:04:58.196Z"
    }
},
{
    "model": "token_blacklist.blacklistedtoken",
    "pk": 75,
    "fields": {
        "token": 110,
        "blacklisted_at": "2022-11-19T04:05:15.438Z"
    }
},
{
    "model": "token_blacklist.blacklistedtoken",
    "pk": 76,
    "fields": {
        "token": 111,
        "blacklisted_at": "2022-11-19T04:05:51.909Z"
    }
},
{
    "model": "token_blacklist.blacklistedtoken",
    "pk": 77,
    "fields": {
        "token": 112,
        "blacklisted_at": "2022-11-19T04:06:58.225Z"
    }
},
{
    "model": "token_blacklist.blacklistedtoken",
    "pk": 78,
    "fields": {
        "token": 113,
        "blacklisted_at": "2022-11-19T04:07:02.913Z"
    }
},
{
    "model": "token_blacklist.blacklistedtoken",
    "pk": 79,
    "fields": {
        "token": 114,
        "blacklisted_at": "2022-11-19T04:08:07.955Z"
    }
},
{
    "model": "token_blacklist.blacklistedtoken",
    "pk": 80,
    "fields": {
        "token": 115,
        "blacklisted_at": "2022-11-19T04:08:18.625Z"
    }
},
{
    "model": "purchase.product",
    "pk": 16,
    "fields": {
        "name": "Glenn Fisher",
        "price": 5.0,
        "color": "#FFFFFF",
        "active": true,
        "image": "https://dummyimage.com/239x916"
    }
},
{
    "model": "purchase.product",
    "pk": 17,
    "fields": {
        "name": "Brian Carey",
        "price": 35.0,
        "color": "#FFFFFF",
        "active": true,
        "image": "https://dummyimage.com/724x626"
    }
},
{
    "model": "purchase.product",
    "pk": 18,
    "fields": {
        "name": "Timothy Clark",
        "price": 12.0,
        "color": "#FFFFFF",
        "active": true,
        "image": "https://placekitten.com/544/393"
    }
},
{
    "model": "purchase.product",
    "pk": 19,
    "fields": {
        "name": "Vanessa Mora",
        "price": 90.0,
        "color": "#FFFFFF",
        "active": true,
        "image": "https://dummyimage.com/745x767"
    }
},
{
    "model": "purchase.product",
    "pk": 20,
    "fields": {
        "name": "Jody Edwards",
        "price": 16.0,
        "color": "#FFFFFF",
        "active": true,
        "image": "https://placekitten.com/828/899"
    }
},
{
    "model": "purchase.product",
    "pk": 21,
    "fields": {
        "name": "Kevin Houston",
        "price": 54.0,
        "color": "#FFFFFF",
        "active": true,
        "image": "https://picsum.photos/24/351"
    }
},
{
    "model": "purchase.product",
    "pk": 22,
    "fields": {
        "name": "Mark Robinson",
        "price": 74.0,
        "color": "#FFFFFF",
        "active": true,
        "image": ""
    }
},
{
    "model": "purchase.product",
    "pk": 23,
    "fields": {
        "name": "Debbie Carter",
        "price": 14.0,
        "color": "#FFFFFF",
        "active": true,
        "image": "https://placeimg.com/192/480/any"
    }
},
{
    "model": "purchase.product",
    "pk": 24,
    "fields": {
        "name": "Jacqueline Parker",
        "price": 22.0,
        "color": "#FFFFFF",
        "active": true,
        "image": ""
    }
},
{
    "model": "purchase.product",
    "pk": 25,
    "fields": {
        "name": "Angel Gomez",
        "price": 63.0,
        "color": "#FFFFFF",
        "active": true,
        "image": ""
    }
},
{
    "model": "purchase.product",
    "pk": 26,
    "fields": {
        "name": "Dr. Angela Lee MD",
        "price": 10.0,
        "color": "#FFFFFF",
        "active": true,
        "image": ""
    }
},
{
    "model": "purchase.product",
    "pk": 27,
    "fields": {
        "name": "Austin Wright",
        "price": 21.0,
        "color": "#FFFFFF",
        "active": true,
        "image": ""
    }
},
{
    "model": "purchase.product",
    "pk": 28,
    "fields": {
        "name": "Ashley Mason",
        "price": 33.0,
        "color": "#FFFFFF",
        "active": true,
        "image": ""
    }
},
{
    "model": "purchase.product",
    "pk": 29,
    "fields": {
        "name": "Christopher Mcguire",
        "price": 18.0,
        "color": "#FFFFFF",
        "active": true,
        "image": ""
    }
},
{
    "model": "purchase.product",
    "pk": 30,
    "fields": {
        "name": "Linda Carlson",
        "price": 29.0,
        "color": "#FFFFFF",
        "active": true,
        "image": ""
    }
},
{
    "model": "purchase.product",
    "pk": 31,
    "fields": {
        "name": "Brianna Payne",
        "price": 32.0,
        "color": "#FFFFFF",
        "active": true,
        "image": ""
    }
},
{
    "model": "purchase.product",
    "pk": 32,
    "fields": {
        "name": "Colton Cook",
        "price": 57.0,
        "color": "#FFFFFF",
        "active": true,
        "image": ""
    }
},
{
    "model": "purchase.product",
    "pk": 33,
    "fields": {
        "name": "Laura Allen",
        "price": 64.0,
        "color": "#FFFFFF",
        "active": true,
        "image": ""
    }
},
{
    "model": "purchase.product",
    "pk": 34,
    "fields": {
        "name": "Timothy Howard",
        "price": 76.0,
        "color": "#FFFFFF",
        "active": true,
        "image": ""
    }
},
{
    "model": "purchase.product",
    "pk": 35,
    "fields": {
        "name": "Maria Martin",
        "price": 34.0,
        "color": "#FFFFFF",
        "active": true,
        "image": ""
    }
},
{
    "model": "purchase.product",
    "pk": 36,
    "fields": {
        "name": "Brenda Curry",
        "price": 87.0,
        "color": "#FFFFFF",
        "active": true,
        "image": ""
    }
},
{
    "model": "purchase.product",
    "pk": 37,
    "fields": {
        "name": "Rodney Berry",
        "price": 55.0,
        "color": "#FFFFFF",
        "active": true,
        "image": ""
    }
},
{
    "model": "purchase.product",
    "pk": 38,
    "fields": {
        "name": "Dr. Gary Johnson",
        "price": 67.0,
        "color": "#FFFFFF",
        "active": true,
        "image": ""
    }
},
{
    "model": "purchase.product",
    "pk": 39,
    "fields": {
        "name": "William Moore",
        "price": 52.0,
        "color": "#FFFFFF",
        "active": true,
        "image": ""
    }
},
{
    "model": "purchase.product",
    "pk": 40,
    "fields": {
        "name": "Dennis Miller",
        "price": 3.0,
        "color": "#FFFFFF",
        "active": true,
        "image": ""
    }
},
{
    "model": "purchase.product",
    "pk": 41,
    "fields": {
        "name": "Rachel Rivera",
        "price": 26.0,
        "color": "#FFFFFF",
        "active": true,
        "image": ""
    }
},
{
    "model": "purchase.product",
    "pk": 42,
    "fields": {
        "name": "Mrs. Dawn Murphy",
        "price": 82.0,
        "color": "#FFFFFF",
        "active": true,
        "image": ""
    }
},
{
    "model": "purchase.product",
    "pk": 43,
    "fields": {
        "name": "Christian Mcintosh",
        "price": 86.0,
        "color": "#FFFFFF",
        "active": true,
        "image": ""
    }
},
{
    "model": "purchase.product",
    "pk": 44,
    "fields": {
        "name": "Amy Guerrero",
        "price": 14.0,
        "color": "#FFFFFF",
        "active": true,
        "image": ""
    }
},
{
    "model": "purchase.product",
    "pk": 45,
    "fields": {
        "name": "Jennifer Montes",
        "price": 34.0,
        "color": "#FFFFFF",
        "active": true,
        "image": ""
    }
},
{
    "model": "purchase.product",
    "pk": 46,
    "fields": {
        "name": "Cynthia Monroe",
        "price": 78.0,
        "color": "#FFFFFF",
        "active": true,
        "image": ""
    }
},
{
    "model": "purchase.product",
    "pk": 47,
    "fields": {
        "name": "Jared Rivera",
        "price": 71.0,
        "color": "#FFFFFF",
        "active": true,
        "image": ""
    }
},
{
    "model": "purchase.product",
    "pk": 48,
    "fields": {
        "name": "Shelley Lee",
        "price": 46.0,
        "color": "#FFFFFF",
        "active": true,
        "image": ""
    }
},
{
    "model": "purchase.product",
    "pk": 49,
    "fields": {
        "name": "Angela Hodges",
        "price": 56.0,
        "color": "#FFFFFF",
        "active": true,
        "image": ""
    }
},
{
    "model": "purchase.product",
    "pk": 50,
    "fields": {
        "name": "Mary Martinez",
        "price": 58.0,
        "color": "#FFFFFF",
        "active": true,
        "image": ""
    }
},
{
    "model": "purchase.product",
    "pk": 51,
    "fields": {
        "name": "Pamela Garcia",
        "price": 20.0,
        "color": "#FFFFFF",
        "active": true,
        "image": ""
    }
},
{
    "model": "purchase.product",
    "pk": 52,
    "fields": {
        "name": "John Young",
        "price": 2.0,
        "color": "#FFFFFF",
        "active": true,
        "image": ""
    }
},
{
    "model": "purchase.product",
    "pk": 53,
    "fields": {
        "name": "Julia Hammond",
        "price": 3.0,
        "color": "#FFFFFF",
        "active": true,
        "image": ""
    }
},
{
    "model": "purchase.product",
    "pk": 54,
    "fields": {
        "name": "Alexander Ryan",
        "price": 95.0,
        "color": "#FFFFFF",
        "active": true,
        "image": ""
    }
},
{
    "model": "purchase.category",
    "pk": 32,
    "fields": {
        "name": "Michele Ho",
        "description": "Firm authority determine president yard she parent.",
        "products": [
            17,
            18,
            19,
            25
        ]
    }
},
{
    "model": "purchase.category",
    "pk": 33,
    "fields": {
        "name": "Wanda Schaefer",
        "description": "But edge teach point improve century public consider.",
        "products": [
            25,
            21,
            28,
            20
        ]
    }
},
{
    "model": "purchase.category",
    "pk": 34,
    "fields": {
        "name": "Sean Lewis",
        "description": "Officer central significant what.",
        "products": [
            32,
            18,
            35,
            29
        ]
    }
},
{
    "model": "purchase.category",
    "pk": 35,
    "fields": {
        "name": "Daniel Rogers",
        "description": "Drive memory live national.",
        "products": [
            33,
            18,
            21,
            27,
            30
        ]
    }
},
{
    "model": "purchase.category",
    "pk": 36,
    "fields": {
        "name": "Linda Mccarthy",
        "description": "Raise deal clearly summer fund soldier.",
        "products": [
            41,
            37,
            39
        ]
    }
},
{
    "model": "purchase.category",
    "pk": 37,
    "fields": {
        "name": "Gina Carroll",
        "description": "Significant finish what air toward per work national.",
        "products": [
            42,
            51,
            37
        ]
    }
},
{
    "model": "purchase.category",
    "pk": 38,
    "fields": {
        "name": "James Williams DDS",
        "description": "Player herself result idea like bring.",
        "products": [
            41,
            52,
            54
        ]
    }
},
{
    "model": "purchase.category",
    "pk": 39,
    "fields": {
        "name": "Olivia Walsh",
        "description": "She sing fish.",
        "products": [
            37,
            38,
            41,
            44,
            51
        ]
    }
},
{
    "model": "purchase.category",
    "pk": 40,
    "fields": {
        "name": "Tina Kennedy",
        "description": "Important business can none position.",
        "products": [
            49,
            53
        ]
    }
},
{
    "model": "purchase.category",
    "pk": 41,
    "fields": {
        "name": "Melissa Brown",
        "description": "Parent east arm sister.",
        "products": [
            36,
            47
        ]
    }
},
{
    "model": "purchase.category",
    "pk": 42,
    "fields": {
        "name": "Joseph Spencer",
        "description": "Child individual allow fact similar bit if box.",
        "products": [
            43,
            44
        ]
    }
},
{
    "model": "purchase.category",
    "pk": 43,
    "fields": {
        "name": "Douglas Thomas",
        "description": "Chance beautiful until speech within institution number.",
        "products": [
            40,
            39,
            47
        ]
    }
},
{
    "model": "purchase.category",
    "pk": 44,
    "fields": {
        "name": "Wendy Allen",
        "description": "Sister population town hold red good positive.",
        "products": [
            38,
            53,
            46
        ]
    }
},
{
    "model": "purchase.purchase",
    "pk": 4,
    "fields": {
        "buyer": 43,
        "seller": 65,
        "balance": true,
        "cash": false,
        "pin": false,
        "created": "2022-10-21T09:10:58.157Z",
        "remaining_after_purchase": 0.0,
        "orders": []
    }
},
{
    "model": "purchase.purchase",
    "pk": 37,
    "fields": {
        "buyer": 40,
        "seller": 65,
        "balance": true,
        "cash": false,
        "pin": false,
        "created": "2022-10-21T09:13:35.272Z",
        "remaining_after_purchase": 0.0,
        "orders": []
    }
},
{
    "model": "purchase.purchase",
    "pk": 38,
    "fields": {
        "buyer": 33,
        "seller": 65,
        "balance": true,
        "cash": false,
        "pin": false,
        "created": "2022-10-21T10:41:07.895Z",
        "remaining_after_purchase": 0.0,
        "orders": []
    }
},
{
    "model": "purchase.purchase",
    "pk": 39,
    "fields": {
        "buyer": 62,
        "seller": 65,
        "balance": true,
        "cash": false,
        "pin": false,
        "created": "2022-10-23T15:39:24.927Z",
        "remaining_after_purchase": 0.0,
        "orders": []
    }
},
{
    "model": "purchase.purchase",
    "pk": 40,
    "fields": {
        "buyer": 62,
        "seller": 65,
        "balance": false,
        "cash": false,
        "pin": false,
        "created": "2022-10-23T15:39:43.365Z",
        "remaining_after_purchase": 0.0,
        "orders": []
    }
},
{
    "model": "purchase.purchase",
    "pk": 41,
    "fields": {
        "buyer": 62,
        "seller": 65,
        "balance": false,
        "cash": false,
        "pin": false,
        "created": "2022-10-23T15:39:50.899Z",
        "remaining_after_purchase": 0.0,
        "orders": []
    }
},
{
    "model": "purchase.purchase",
    "pk": 42,
    "fields": {
        "buyer": 62,
        "seller": 65,
        "balance": false,
        "cash": false,
        "pin": false,
        "created": "2022-10-23T16:40:59.432Z",
        "remaining_after_purchase": 0.0,
        "orders": []
    }
},
{
    "model": "purchase.purchase",
    "pk": 43,
    "fields": {
        "buyer": 62,
        "seller": 65,
        "balance": true,
        "cash": false,
        "pin": false,
        "created": "2022-10-30T20:42:09.885Z",
        "remaining_after_purchase": 0.0,
        "orders": []
    }
},
{
    "model": "purchase.purchase",
    "pk": 44,
    "fields": {
        "buyer": 62,
        "seller": 65,
        "balance": true,
        "cash": false,
        "pin": false,
        "created": "2022-10-30T20:42:47.480Z",
        "remaining_after_purchase": 0.0,
        "orders": []
    }
},
{
    "model": "purchase.purchase",
    "pk": 45,
    "fields": {
        "buyer": 62,
        "seller": 65,
        "balance": true,
        "cash": false,
        "pin": false,
        "created": "2022-10-30T20:43:05.895Z",
        "remaining_after_purchase": 0.0,
        "orders": []
    }
},
{
    "model": "purchase.purchase",
    "pk": 46,
    "fields": {
        "buyer": 62,
        "seller": 65,
        "balance": true,
        "cash": false,
        "pin": false,
        "created": "2022-10-30T20:43:31.446Z",
        "remaining_after_purchase": 0.0,
        "orders": []
    }
},
{
    "model": "purchase.purchase",
    "pk": 47,
    "fields": {
        "buyer": 65,
        "seller": 65,
        "balance": true,
        "cash": false,
        "pin": false,
        "created": "2022-10-30T20:43:56.882Z",
        "remaining_after_purchase": 0.0,
        "orders": []
    }
},
{
    "model": "purchase.purchase",
    "pk": 48,
    "fields": {
        "buyer": 65,
        "seller": 65,
        "balance": true,
        "cash": false,
        "pin": false,
        "created": "2022-10-30T20:44:35.728Z",
        "remaining_after_purchase": 0.0,
        "orders": []
    }
},
{
    "model": "purchase.purchase",
    "pk": 49,
    "fields": {
        "buyer": 62,
        "seller": 65,
        "balance": true,
        "cash": false,
        "pin": false,
        "created": "2022-10-30T21:40:50.544Z",
        "remaining_after_purchase": 0.0,
        "orders": []
    }
},
{
    "model": "purchase.purchase",
    "pk": 50,
    "fields": {
        "buyer": 65,
        "seller": 65,
        "balance": true,
        "cash": false,
        "pin": false,
        "created": "2022-11-02T10:25:19.625Z",
        "remaining_after_purchase": 0.0,
        "orders": []
    }
},
{
    "model": "purchase.purchase",
    "pk": 85,
    "fields": {
        "buyer": 62,
        "seller": 64,
        "balance": true,
        "cash": false,
        "pin": false,
        "created": "2022-11-02T10:32:20.087Z",
        "remaining_after_purchase": 0.0,
        "orders": []
    }
},
{
    "model": "purchase.purchase",
    "pk": 86,
    "fields": {
        "buyer": 62,
        "seller": 64,
        "balance": true,
        "cash": false,
        "pin": false,
        "created": "2022-11-02T10:33:01.527Z",
        "remaining_after_purchase": 0.0,
        "orders": []
    }
},
{
    "model": "purchase.purchase",
    "pk": 87,
    "fields": {
        "buyer": 65,
        "seller": 65,
        "balance": true,
        "cash": false,
        "pin": false,
        "created": "2022-11-02T11:21:45.457Z",
        "remaining_after_purchase": 0.0,
        "orders": []
    }
},
{
    "model": "purchase.purchase",
    "pk": 88,
    "fields": {
        "buyer": 65,
        "seller": 65,
        "balance": true,
        "cash": false,
        "pin": false,
        "created": "2022-11-02T12:37:30.075Z",
        "remaining_after_purchase": 0.0,
        "orders": [
            64
        ]
    }
},
{
    "model": "purchase.purchase",
    "pk": 89,
    "fields": {
        "buyer": 49,
        "seller": 65,
        "balance": true,
        "cash": false,
        "pin": false,
        "created": "2022-11-02T14:46:03.749Z",
        "remaining_after_purchase": 0.0,
        "orders": [
            65
        ]
    }
},
{
    "model": "purchase.purchase",
    "pk": 90,
    "fields": {
        "buyer": 33,
        "seller": 65,
        "balance": true,
        "cash": false,
        "pin": false,
        "created": "2022-11-02T14:46:30.027Z",
        "remaining_after_purchase": 0.0,
        "orders": [
            66,
            67,
            68,
            69,
            70
        ]
    }
},
{
    "model": "purchase.purchase",
    "pk": 91,
    "fields": {
        "buyer": 35,
        "seller": 53,
        "balance": true,
        "cash": false,
        "pin": false,
        "created": "2022-11-09T19:46:47.133Z",
        "remaining_after_purchase": 0.0,
        "orders": [
            65,
            66
        ]
    }
},
{
    "model": "purchase.purchase",
    "pk": 92,
    "fields": {
        "buyer": 65,
        "seller": 57,
        "balance": false,
        "cash": false,
        "pin": false,
        "created": "2022-11-09T19:47:05.496Z",
        "remaining_after_purchase": 0.0,
        "orders": [
            64
        ]
    }
},
{
    "model": "purchase.purchase",
    "pk": 93,
    "fields": {
        "buyer": 62,
        "seller": 60,
        "balance": true,
        "cash": false,
        "pin": false,
        "created": "2022-11-09T19:47:23.003Z",
        "remaining_after_purchase": 0.0,
        "orders": [
            66,
            67
        ]
    }
},
{
    "model": "purchase.purchase",
    "pk": 94,
    "fields": {
        "buyer": 65,
        "seller": 56,
        "balance": true,
        "cash": false,
        "pin": false,
        "created": "2022-11-09T19:48:37.299Z",
        "remaining_after_purchase": 0.0,
        "orders": [
            67,
            68
        ]
    }
},
{
    "model": "purchase.purchase",
    "pk": 95,
    "fields": {
        "buyer": 65,
        "seller": 60,
        "balance": true,
        "cash": false,
        "pin": false,
        "created": "2022-11-09T19:48:52.913Z",
        "remaining_after_purchase": 0.0,
        "orders": [
            67
        ]
    }
},
{
    "model": "purchase.purchase",
    "pk": 96,
    "fields": {
        "buyer": 65,
        "seller": 60,
        "balance": false,
        "cash": false,
        "pin": false,
        "created": "2022-11-09T19:49:10.060Z",
        "remaining_after_purchase": 0.0,
        "orders": [
            65,
            66
        ]
    }
},
{
    "model": "purchase.purchase",
    "pk": 97,
    "fields": {
        "buyer": 65,
        "seller": 60,
        "balance": false,
        "cash": false,
        "pin": false,
        "created": "2022-11-09T19:49:10.219Z",
        "remaining_after_purchase": 0.0,
        "orders": [
            65,
            66
        ]
    }
},
{
    "model": "purchase.purchase",
    "pk": 98,
    "fields": {
        "buyer": 65,
        "seller": 60,
        "balance": true,
        "cash": false,
        "pin": false,
        "created": "2022-11-09T19:49:31.038Z",
        "remaining_after_purchase": 0.0,
        "orders": [
            67
        ]
    }
},
{
    "model": "purchase.order",
    "pk": 26,
    "fields": {
        "product": 23,
        "quantity": 19
    }
},
{
    "model": "purchase.order",
    "pk": 64,
    "fields": {
        "product": 20,
        "quantity": 5
    }
},
{
    "model": "purchase.order",
    "pk": 65,
    "fields": {
        "product": 16,
        "quantity": 5
    }
},
{
    "model": "purchase.order",
    "pk": 66,
    "fields": {
        "product": 16,
        "quantity": 1
    }
},
{
    "model": "purchase.order",
    "pk": 67,
    "fields": {
        "product": 20,
        "quantity": 2
    }
},
{
    "model": "purchase.order",
    "pk": 68,
    "fields": {
        "product": 21,
        "quantity": 1
    }
},
{
    "model": "purchase.order",
    "pk": 69,
    "fields": {
        "product": 22,
        "quantity": 1
    }
},
{
    "model": "purchase.order",
    "pk": 70,
    "fields": {
        "product": 18,
        "quantity": 1
    }
},
{
    "model": "purchase.report",
    "pk": 2,
    "fields": {
        "date": "2012-11-09T00:00:00Z",
        "personel": 57,
        "action": "up",
        "total_cash": 0.571107282910237,
        "flow_meter1": -29621,
        "flow_meter2": -2691,
        "comment": "Old interesting huge politics. Alone wait onto. Door term manage film around security newspaper. Return would enjoy administration page hair floor."
    }
},
{
    "model": "purchase.report",
    "pk": 3,
    "fields": {
        "date": "2012-10-25T00:00:00Z",
        "personel": 56,
        "action": "human",
        "total_cash": 0.6207368002154366,
        "flow_meter1": 23177,
        "flow_meter2": 28637,
        "comment": "It minute billion including. Material collection thing heart let involve.\nJoin successful too. Few me century trouble remember whom interesting center. Several short you right meeting benefit."
    }
},
{
    "model": "purchase.report",
    "pk": 4,
    "fields": {
        "date": "2016-09-24T00:00:00Z",
        "personel": 51,
        "action": "guy",
        "total_cash": 0.414759458019897,
        "flow_meter1": -31631,
        "flow_meter2": -22377,
        "comment": "Easy heavy size office away find. Inside gas back wait call.\nBefore environmental half both send past shoulder. Dream everybody past image put increase. Training offer source family box role."
    }
},
{
    "model": "purchase.report",
    "pk": 7,
    "fields": {
        "date": "2001-02-14T00:00:00Z",
        "personel": 59,
        "action": "glass",
        "total_cash": 0.10599453663810321,
        "flow_meter1": 28655,
        "flow_meter2": -9801,
        "comment": "Create idea practice trade or Democrat purpose there. Senior concern west tree choice matter.\nGet along here exactly every first turn. Southern later source."
    }
},
{
    "model": "purchase.report",
    "pk": 8,
    "fields": {
        "date": "1976-08-03T00:00:00Z",
        "personel": 51,
        "action": "fear",
        "total_cash": 0.9212483942937763,
        "flow_meter1": 28687,
        "flow_meter2": 1540,
        "comment": "Blood radio scene little determine fly.\nSport compare mention free but. Wish song imagine live beyond remember number."
    }
},
{
    "model": "purchase.report",
    "pk": 10,
    "fields": {
        "date": "1973-11-22T00:00:00Z",
        "personel": 53,
        "action": "class",
        "total_cash": 0.8597767484659754,
        "flow_meter1": -26975,
        "flow_meter2": -947,
        "comment": "Necessary according drug. Away speak real sort back rich. Consider through miss it however two peace product.\nCareer spend allow training make plant color. That knowledge loss tree field."
    }
},
{
    "model": "purchase.report",
    "pk": 11,
    "fields": {
        "date": "2021-10-23T00:00:00Z",
        "personel": 52,
        "action": "standard",
        "total_cash": 0.29581401069334146,
        "flow_meter1": 21163,
        "flow_meter2": -20047,
        "comment": "Avoid however talk job total. Much garden glass economic two eye. Catch goal right free anyone."
    }
},
{
    "model": "purchase.report",
    "pk": 12,
    "fields": {
        "date": "1977-03-27T00:00:00Z",
        "personel": 60,
        "action": "education",
        "total_cash": 0.6559474945214012,
        "flow_meter1": -27965,
        "flow_meter2": 5363,
        "comment": "Idea above management her specific fly fly.\nDevelop catch radio including PM stop build. Place believe line easy. Military rate claim."
    }
},
{
    "model": "purchase.report",
    "pk": 14,
    "fields": {
        "date": "2020-11-26T00:00:00Z",
        "personel": 49,
        "action": "way",
        "total_cash": 0.7440974939034912,
        "flow_meter1": 14850,
        "flow_meter2": 12639,
        "comment": "Land light body several who. Science attention skill alone yeah.\nCase people college. Course matter for fund talk."
    }
},
{
    "model": "purchase.report",
    "pk": 15,
    "fields": {
        "date": "1999-12-30T00:00:00Z",
        "personel": 59,
        "action": "boy",
        "total_cash": 0.7660248624999152,
        "flow_meter1": -26209,
        "flow_meter2": 17693,
        "comment": "No rate glass model generation total.\nThus whatever series. Each politics middle kitchen."
    }
},
{
    "model": "purchase.report",
    "pk": 16,
    "fields": {
        "date": "1970-07-30T00:00:00Z",
        "personel": 57,
        "action": "entire",
        "total_cash": 0.8432614108479485,
        "flow_meter1": 16546,
        "flow_meter2": 1433,
        "comment": "East especially above degree mouth door none reveal. Base news type parent indeed look ready. Notice early because lose student."
    }
},
{
    "model": "purchase.report",
    "pk": 17,
    "fields": {
        "date": "1978-08-15T00:00:00Z",
        "personel": 50,
        "action": "health",
        "total_cash": 0.5127862038790986,
        "flow_meter1": 32428,
        "flow_meter2": -17861,
        "comment": "Member entire memory enjoy thank sea. Material stay establish they data relationship. Institution she quickly this.\nReason explain draw economy arm. Food leader rock."
    }
},
{
    "model": "purchase.report",
    "pk": 18,
    "fields": {
        "date": "1999-05-20T00:00:00Z",
        "personel": 50,
        "action": "reach",
        "total_cash": 0.6578364661036568,
        "flow_meter1": 19719,
        "flow_meter2": 4486,
        "comment": "Enter major and black you upon join.\nChange news why reality. Can leader with quickly.\nDream physical clearly life sister strong. Throw bag must toward safe can brother. Amount song suggest past."
    }
},
{
    "model": "purchase.report",
    "pk": 19,
    "fields": {
        "date": "2012-12-23T00:00:00Z",
        "personel": 60,
        "action": "job",
        "total_cash": 0.06992248893972564,
        "flow_meter1": 30210,
        "flow_meter2": -14924,
        "comment": "Behind finally store language again open vote. Fear star difference rule staff.\nEconomic later discussion store debate alone. Quality because cost challenge government unit."
    }
},
{
    "model": "purchase.report",
    "pk": 20,
    "fields": {
        "date": "1994-12-21T00:00:00Z",
        "personel": 56,
        "action": "system",
        "total_cash": 0.13125636493936133,
        "flow_meter1": 11730,
        "flow_meter2": -5477,
        "comment": "Truth by sing show more live. Hot drop table purpose. Live interview upon animal help cold."
    }
},
{
    "model": "purchase.report",
    "pk": 21,
    "fields": {
        "date": "2015-01-22T00:00:00Z",
        "personel": 57,
        "action": "Close",
        "total_cash": 0.2873550959341773,
        "flow_meter1": -32520,
        "flow_meter2": -5115,
        "comment": "East game main. Board think nothing professor without yeah building mean."
    }
},
{
    "model": "purchase.report",
    "pk": 23,
    "fields": {
        "date": "2017-04-07T00:00:00Z",
        "personel": 50,
        "action": "Close",
        "total_cash": 0.2926069118973418,
        "flow_meter1": 12886,
        "flow_meter2": -28881,
        "comment": "Truth pick bed compare ahead reach pass. Oil first area.\nWin four anyone ask draw site. Over film power authority condition there. May while if travel different."
    }
},
{
    "model": "purchase.report",
    "pk": 24,
    "fields": {
        "date": "1987-02-27T00:00:00Z",
        "personel": 50,
        "action": "Close",
        "total_cash": 0.5409702256813406,
        "flow_meter1": -21207,
        "flow_meter2": 26502,
        "comment": "Change nor join party. Girl short you. Let develop defense will stage answer.\nCongress born fly finish until myself thing since. Success room nearly story market number. Put quality city town what."
    }
},
{
    "model": "purchase.report",
    "pk": 25,
    "fields": {
        "date": "2001-06-07T00:00:00Z",
        "personel": 51,
        "action": "Close",
        "total_cash": 0.23591166221710025,
        "flow_meter1": -11182,
        "flow_meter2": 30566,
        "comment": "Agree entire wide here eight especially safe. Indeed almost condition. Light investment administration north."
    }
},
{
    "model": "purchase.report",
    "pk": 26,
    "fields": {
        "date": "1974-08-01T00:00:00Z",
        "personel": 52,
        "action": "Close",
        "total_cash": 0.5604442813827897,
        "flow_meter1": 20667,
        "flow_meter2": 3892,
        "comment": "Appear drug writer exist eat. Attention far who quite main area.\nCreate woman task entire gun. Up before according some realize at. Choose practice network hospital admit can seek."
    }
},
{
    "model": "purchase.report",
    "pk": 27,
    "fields": {
        "date": "2021-06-01T00:00:00Z",
        "personel": 57,
        "action": "Close",
        "total_cash": 0.03379853872610972,
        "flow_meter1": 11231,
        "flow_meter2": 10711,
        "comment": "Drop physical management economy ok. When drop find court play kitchen event. Attorney out stop pass radio within feel."
    }
},
{
    "model": "purchase.report",
    "pk": 28,
    "fields": {
        "date": "1985-06-14T00:00:00Z",
        "personel": 53,
        "action": "Close",
        "total_cash": 0.7620828593406498,
        "flow_meter1": -28388,
        "flow_meter2": 20408,
        "comment": "Heavy some evidence him item.\nPartner country able total. Face yes effect where per travel. Three cut try end hard rich."
    }
},
{
    "model": "purchase.report",
    "pk": 30,
    "fields": {
        "date": "2006-02-14T00:00:00Z",
        "personel": 52,
        "action": "Close",
        "total_cash": 0.6951164111361732,
        "flow_meter1": -17124,
        "flow_meter2": 20761,
        "comment": "Kitchen response end lot beautiful begin enough.\nCatch with laugh society floor. Entire image performance issue garden. Wrong wear network line positive off spring."
    }
},
{
    "model": "purchase.report",
    "pk": 34,
    "fields": {
        "date": "1972-01-02T00:00:00Z",
        "personel": 53,
        "action": "Open",
        "total_cash": 0.7617989439587796,
        "flow_meter1": -31102,
        "flow_meter2": 16832,
        "comment": "High after manager society.\nIndeed sister nor certainly drop.\nEasy read nation. Eye word certainly candidate.\nVoice month industry or make report issue. Bank research media from professor until air."
    }
},
{
    "model": "purchase.report",
    "pk": 35,
    "fields": {
        "date": "1996-10-23T00:00:00Z",
        "personel": 60,
        "action": "Open",
        "total_cash": 0.8410338850983625,
        "flow_meter1": 9261,
        "flow_meter2": -27669,
        "comment": "North expect finish adult. Tend simply Republican religious computer have. Foreign rise practice federal provide oil able. Usually south visit I material here."
    }
},
{
    "model": "purchase.report",
    "pk": 38,
    "fields": {
        "date": "1988-06-26T00:00:00Z",
        "personel": 58,
        "action": "Open",
        "total_cash": 0.6898128016857433,
        "flow_meter1": 7970,
        "flow_meter2": -25344,
        "comment": "Listen week environment while allow. Mission various discussion camera cold true arrive."
    }
},
{
    "model": "purchase.report",
    "pk": 39,
    "fields": {
        "date": "1981-05-14T00:00:00Z",
        "personel": 57,
        "action": "Open",
        "total_cash": 0.7431809842388761,
        "flow_meter1": -8761,
        "flow_meter2": -11738,
        "comment": "Entire stand control statement who. Area concern industry practice energy although worker. They staff whatever strong ever."
    }
},
{
    "model": "purchase.report",
    "pk": 40,
    "fields": {
        "date": "1993-04-09T00:00:00Z",
        "personel": 53,
        "action": "Open",
        "total_cash": 0.9117638264845941,
        "flow_meter1": 21113,
        "flow_meter2": 23294,
        "comment": "World book employee word.\r\nDay keep participant Democrat course blood. Our measure really before bit bag."
    }
},
{
    "model": "purchase.report",
    "pk": 41,
    "fields": {
        "date": "1991-03-13T00:00:00Z",
        "personel": 50,
        "action": "Open",
        "total_cash": 0.502552061724225,
        "flow_meter1": -14402,
        "flow_meter2": -5525,
        "comment": "Student region word country seat pass. Question police son trouble front. Financial identify room girl thing."
    }
},
{
    "model": "purchase.report",
    "pk": 45,
    "fields": {
        "date": "1993-07-29T22:00:00Z",
        "personel": 59,
        "action": "understand",
        "total_cash": 0.3210524442944236,
        "flow_meter1": 774,
        "flow_meter2": -26776,
        "comment": "Light officer system set. Address author threat finally popular keep. By walk star out unit various that road."
    }
},
{
    "model": "purchase.report",
    "pk": 46,
    "fields": {
        "date": "2006-10-15T22:00:00Z",
        "personel": 49,
        "action": "particularly",
        "total_cash": 0.7399414826495567,
        "flow_meter1": -28275,
        "flow_meter2": 2185,
        "comment": "Over window answer argue ground generation check especially. Central policy without age dog theory."
    }
},
{
    "model": "purchase.report",
    "pk": 48,
    "fields": {
        "date": "1995-07-16T22:00:00Z",
        "personel": 60,
        "action": "amount",
        "total_cash": 0.9751482159807239,
        "flow_meter1": -21037,
        "flow_meter2": -29865,
        "comment": "Too main talk price notice. Development send choose also hope finish top.\nHow during matter culture itself. Realize public happen raise. Place in open occur student especially clearly."
    }
},
{
    "model": "purchase.report",
    "pk": 49,
    "fields": {
        "date": "2008-01-09T23:00:00Z",
        "personel": 56,
        "action": "wall",
        "total_cash": 0.20195948499532235,
        "flow_meter1": -8940,
        "flow_meter2": -7879,
        "comment": "Court throughout a main where tax series agreement. Site produce reduce party note participant year unit.\nForm test ahead back item. Community information more cup tend teacher action tend."
    }
},
{
    "model": "purchase.report",
    "pk": 51,
    "fields": {
        "date": "2006-10-27T22:00:00Z",
        "personel": 60,
        "action": "top",
        "total_cash": 0.509559188914173,
        "flow_meter1": 16508,
        "flow_meter2": -13465,
        "comment": "Score cell method Congress television. Thought final morning worry official during treat act. Low build foreign foot strategy method those account."
    }
},
{
    "model": "purchase.report",
    "pk": 52,
    "fields": {
        "date": "2017-07-22T22:00:00Z",
        "personel": 58,
        "action": "lot",
        "total_cash": 0.22408979380263916,
        "flow_meter1": -16808,
        "flow_meter2": -8977,
        "comment": "Eight dog teacher opportunity wrong someone. Job attack phone call read check business.\nJob heavy order tonight. Suggest late office prepare look stock none myself.\nAt friend party show."
    }
},
{
    "model": "purchase.report",
    "pk": 53,
    "fields": {
        "date": "2008-05-23T22:00:00Z",
        "personel": 53,
        "action": "research",
        "total_cash": 0.9705438437408304,
        "flow_meter1": -18147,
        "flow_meter2": -13094,
        "comment": "Network even step summer particularly. Money energy staff yet. Government difference campaign pressure.\nTop door contain since pull. Kitchen tax message serve bill son."
    }
},
{
    "model": "purchase.report",
    "pk": 54,
    "fields": {
        "date": "2013-12-05T23:00:00Z",
        "personel": 51,
        "action": "for",
        "total_cash": 0.2309821136072845,
        "flow_meter1": -24275,
        "flow_meter2": -23372,
        "comment": "Despite coach company.\nEvery turn identify debate real. Simple camera PM.\nTurn statement opportunity include. Seem idea car.\nThough forward start. Car decide western field enough."
    }
},
{
    "model": "purchase.report",
    "pk": 55,
    "fields": {
        "date": "1971-07-03T23:00:00Z",
        "personel": 57,
        "action": "really",
        "total_cash": 0.8640148063656564,
        "flow_meter1": -32381,
        "flow_meter2": 31484,
        "comment": "Fly other decide mind board travel. Quickly bill leave floor.\nEnergy operation manager. Stage debate prepare form car despite."
    }
},
{
    "model": "purchase.report",
    "pk": 57,
    "fields": {
        "date": "1999-12-04T23:00:00Z",
        "personel": 49,
        "action": "owner",
        "total_cash": 0.8789173962416655,
        "flow_meter1": -30358,
        "flow_meter2": 6835,
        "comment": "Recently range section kitchen. Practice bed push.\nWind check and. Be star pattern class.\nWind main writer somebody. Number culture short such street clear stage.\nHot first idea."
    }
},
{
    "model": "purchase.report",
    "pk": 60,
    "fields": {
        "date": "1979-12-02T23:00:00Z",
        "personel": 51,
        "action": "gas",
        "total_cash": 0.7483111469325539,
        "flow_meter1": 20300,
        "flow_meter2": -32671,
        "comment": "Wind later put suffer market since never try. Once unit mean person decision test more position. May simply threat time property raise.\nAnswer tough explain media hand player."
    }
},
{
    "model": "purchase.report",
    "pk": 61,
    "fields": {
        "date": "1986-04-20T22:00:00Z",
        "personel": 56,
        "action": "second",
        "total_cash": 0.4327866232909,
        "flow_meter1": 11313,
        "flow_meter2": 27086,
        "comment": "Above skin paper situation too area blue she. Letter write drug.\nRelationship represent wait truth. Newspaper away across model short student student yeah. Five draw media party example process show."
    }
},
{
    "model": "purchase.report",
    "pk": 62,
    "fields": {
        "date": "1999-06-01T22:00:00Z",
        "personel": 60,
        "action": "according",
        "total_cash": 0.7407402414370889,
        "flow_meter1": 26309,
        "flow_meter2": -23304,
        "comment": "Too every than. General responsibility cup read may prepare then.\nLaw discover relationship from these second catch reduce. Produce off particularly modern."
    }
},
{
    "model": "purchase.report",
    "pk": 63,
    "fields": {
        "date": "2005-06-19T22:00:00Z",
        "personel": 58,
        "action": "national",
        "total_cash": 0.7158352886436521,
        "flow_meter1": -31757,
        "flow_meter2": -7552,
        "comment": "All task smile modern rich education. Crime second government.\nLeast executive history material high media adult. Score dog find cup approach story government stock. Culture network analysis power."
    }
},
{
    "model": "purchase.report",
    "pk": 64,
    "fields": {
        "date": "1975-08-16T23:00:00Z",
        "personel": 57,
        "action": "discussion",
        "total_cash": 0.29010422063032626,
        "flow_meter1": 4842,
        "flow_meter2": -25630,
        "comment": "Court represent yard mouth mother before. Think reflect development bill book history."
    }
},
{
    "model": "purchase.report",
    "pk": 65,
    "fields": {
        "date": "1971-07-21T23:00:00Z",
        "personel": 58,
        "action": "remain",
        "total_cash": 0.02949286553113062,
        "flow_meter1": 230,
        "flow_meter2": 24604,
        "comment": "Environment democratic media nice.\nInteresting mention world billion enter clearly day. Again back indicate.\nRecent may conference property under. Election fact world provide."
    }
},
{
    "model": "purchase.report",
    "pk": 67,
    "fields": {
        "date": "1979-05-15T22:00:00Z",
        "personel": 56,
        "action": "outside",
        "total_cash": 0.3574186660804406,
        "flow_meter1": 26813,
        "flow_meter2": -24432,
        "comment": "Government hotel western. Character picture soldier blood kid thought professor. Party against page buy leave.\nEnough cell within wait. Build wall impact organization."
    }
},
{
    "model": "purchase.report",
    "pk": 68,
    "fields": {
        "date": "2004-04-11T22:00:00Z",
        "personel": 57,
        "action": "moment",
        "total_cash": 0.5996601431982719,
        "flow_meter1": 26663,
        "flow_meter2": 18732,
        "comment": "Boy sister month analysis wear capital. Bag century science no.\nFour first difference health gun present else. Individual out take hundred record deep remain. Physical race choice popular."
    }
},
{
    "model": "purchase.report",
    "pk": 69,
    "fields": {
        "date": "1987-03-11T23:00:00Z",
        "personel": 53,
        "action": "turn",
        "total_cash": 0.17577594577947497,
        "flow_meter1": -15728,
        "flow_meter2": 29427,
        "comment": "Star agent answer enough your claim.\nNice weight serve join. Admit pick feeling write thought spring court.\nGlass between series international.\nMan enjoy news character because if. Accept pull law."
    }
},
{
    "model": "purchase.report",
    "pk": 72,
    "fields": {
        "date": "2010-08-18T22:00:00Z",
        "personel": 60,
        "action": "recent",
        "total_cash": 0.6641981212921182,
        "flow_meter1": -12527,
        "flow_meter2": -1052,
        "comment": "Production enter account million.\nDiscover later range. Age actually conference west owner.\nAny fall role movie law begin cold. Interesting raise speak science herself. Fund up outside than."
    }
},
{
    "model": "purchase.report",
    "pk": 75,
    "fields": {
        "date": "1979-11-17T23:00:00Z",
        "personel": 49,
        "action": "need",
        "total_cash": 0.877813304641534,
        "flow_meter1": -9494,
        "flow_meter2": -21248,
        "comment": "Officer hope discuss health. Poor agent maybe about improve rock player fire. Determine chance cold meet kid."
    }
},
{
    "model": "purchase.report",
    "pk": 77,
    "fields": {
        "date": "1988-09-28T23:00:00Z",
        "personel": 49,
        "action": "include",
        "total_cash": 0.44539898424370716,
        "flow_meter1": -22175,
        "flow_meter2": -12489,
        "comment": "Fill natural want family blue her choice. Health according worry ever memory year a. Court good house development get listen choice. Win think culture alone."
    }
},
{
    "model": "purchase.report",
    "pk": 78,
    "fields": {
        "date": "2012-05-13T22:00:00Z",
        "personel": 57,
        "action": "real",
        "total_cash": 0.49325843801863234,
        "flow_meter1": 244,
        "flow_meter2": 17659,
        "comment": "Trip center not individual. Doctor great you provide. Only see similar world.\nHere building own order wind condition drive. Rate both look offer employee both listen."
    }
},
{
    "model": "purchase.report",
    "pk": 80,
    "fields": {
        "date": "2022-11-02T14:44:56.617Z",
        "personel": 65,
        "action": "Open",
        "total_cash": 0.0,
        "flow_meter1": 2000,
        "flow_meter2": 200,
        "comment": "\n"
    }
},
{
    "model": "purchase.report",
    "pk": 81,
    "fields": {
        "date": "2022-11-02T14:44:59.260Z",
        "personel": 65,
        "action": "Open",
        "total_cash": 0.0,
        "flow_meter1": 2000,
        "flow_meter2": 200,
        "comment": "\n"
    }
},
{
    "model": "purchase.report",
    "pk": 82,
    "fields": {
        "date": "2022-11-02T14:45:09.427Z",
        "personel": 65,
        "action": "Open",
        "total_cash": 0.0,
        "flow_meter1": 2000,
        "flow_meter2": 200,
        "comment": "\n"
    }
},
{
    "model": "purchase.report",
    "pk": 83,
    "fields": {
        "date": "2022-11-02T14:45:35.338Z",
        "personel": 65,
        "action": "Close",
        "total_cash": 0.0,
        "flow_meter1": 2000,
        "flow_meter2": 200,
        "comment": "\n"
    }
},
{
    "model": "purchase.report",
    "pk": 84,
    "fields": {
        "date": "2022-11-02T14:45:42.441Z",
        "personel": 65,
        "action": "Close",
        "total_cash": 0.0,
        "flow_meter1": 2000,
        "flow_meter2": 200,
        "comment": "\n"
    }
},
{
    "model": "purchase.report",
    "pk": 85,
    "fields": {
        "date": "2022-11-02T14:47:03.141Z",
        "personel": 65,
        "action": "Close",
        "total_cash": 20.0,
        "flow_meter1": 52,
        "flow_meter2": 12,
        "comment": "\n"
    }
},
{
    "model": "purchase.report",
    "pk": 86,
    "fields": {
        "date": "2022-11-02T14:50:53.896Z",
        "personel": 64,
        "action": "Middle",
        "total_cash": 201.0,
        "flow_meter1": 2000,
        "flow_meter2": 2000,
        "comment": "just a mid day check\n"
    }
},
{
    "model": "purchase.report",
    "pk": 87,
    "fields": {
        "date": "2022-11-02T14:53:24.298Z",
        "personel": 64,
        "action": "Open",
        "total_cash": 201.0,
        "flow_meter1": 2000,
        "flow_meter2": 2000,
        "comment": "start\n\n"
    }
},
{
    "model": "purchase.report",
    "pk": 88,
    "fields": {
        "date": "2022-11-02T14:53:37.033Z",
        "personel": 64,
        "action": "Middle",
        "total_cash": 201.0,
        "flow_meter1": 2000,
        "flow_meter2": 2000,
        "comment": "start\n\n"
    }
},
{
    "model": "purchase.report",
    "pk": 89,
    "fields": {
        "date": "2022-11-02T14:53:47.590Z",
        "personel": 64,
        "action": "Close",
        "total_cash": 201.0,
        "flow_meter1": 2000,
        "flow_meter2": 2000,
        "comment": "start\n\n"
    }
},
{
    "model": "purchase.report",
    "pk": 90,
    "fields": {
        "date": "2022-11-02T14:56:34.461Z",
        "personel": 64,
        "action": "Open",
        "total_cash": 204.0,
        "flow_meter1": 2000,
        "flow_meter2": 232,
        "comment": "start\n\n"
    }
},
{
    "model": "purchase.report",
    "pk": 91,
    "fields": {
        "date": "2022-11-02T14:57:31.474Z",
        "personel": 65,
        "action": "Middle",
        "total_cash": 250.0,
        "flow_meter1": 150,
        "flow_meter2": 200,
        "comment": "middle\n"
    }
},
{
    "model": "purchase.report",
    "pk": 92,
    "fields": {
        "date": "2022-11-02T14:57:39.301Z",
        "personel": 65,
        "action": "Middle",
        "total_cash": 250.0,
        "flow_meter1": 150,
        "flow_meter2": 200,
        "comment": "middle\n"
    }
},
{
    "model": "purchase.report",
    "pk": 93,
    "fields": {
        "date": "2022-11-02T14:57:39.892Z",
        "personel": 65,
        "action": "Middle",
        "total_cash": 250.0,
        "flow_meter1": 150,
        "flow_meter2": 200,
        "comment": "middle\n"
    }
},
{
    "model": "purchase.report",
    "pk": 94,
    "fields": {
        "date": "2022-11-02T14:58:28.901Z",
        "personel": 64,
        "action": "Close",
        "total_cash": 257.0,
        "flow_meter1": 120,
        "flow_meter2": 150,
        "comment": "end\n"
    }
},
{
    "model": "purchase.report",
    "pk": 95,
    "fields": {
        "date": "2022-11-02T15:06:51.960Z",
        "personel": 65,
        "action": "Open",
        "total_cash": 200.0,
        "flow_meter1": 0,
        "flow_meter2": 0,
        "comment": ""
    }
},
{
    "model": "purchase.report",
    "pk": 96,
    "fields": {
        "date": "2022-11-02T15:07:25.358Z",
        "personel": 65,
        "action": "Close",
        "total_cash": 20.0,
        "flow_meter1": 0,
        "flow_meter2": 0,
        "comment": null
    }
},
{
    "model": "purchase.report",
    "pk": 97,
    "fields": {
        "date": "2022-11-02T15:09:35.101Z",
        "personel": 65,
        "action": "Open",
        "total_cash": 0.0,
        "flow_meter1": 0,
        "flow_meter2": 0,
        "comment": "0"
    }
},
{
    "model": "purchase.report",
    "pk": 98,
    "fields": {
        "date": "2022-11-02T15:10:15.533Z",
        "personel": 65,
        "action": "Close",
        "total_cash": 1.0,
        "flow_meter1": 1,
        "flow_meter2": 1,
        "comment": "0"
    }
},
{
    "model": "purchase.report",
    "pk": 99,
    "fields": {
        "date": "2022-11-02T15:10:33.823Z",
        "personel": 65,
        "action": "Close",
        "total_cash": 0.0,
        "flow_meter1": 0,
        "flow_meter2": 0,
        "comment": ""
    }
},
{
    "model": "purchase.report",
    "pk": 100,
    "fields": {
        "date": "2022-11-02T15:11:18.959Z",
        "personel": 65,
        "action": "Close",
        "total_cash": 0.0,
        "flow_meter1": 0,
        "flow_meter2": 0,
        "comment": ""
    }
},
{
    "model": "purchase.report",
    "pk": 101,
    "fields": {
        "date": "2022-11-02T15:12:09.525Z",
        "personel": 65,
        "action": "Close",
        "total_cash": 0.0,
        "flow_meter1": 0,
        "flow_meter2": 0,
        "comment": ""
    }
},
{
    "model": "purchase.report",
    "pk": 102,
    "fields": {
        "date": "2022-11-02T15:13:37.803Z",
        "personel": 64,
        "action": "Close",
        "total_cash": 4.0,
        "flow_meter1": 4,
        "flow_meter2": 0,
        "comment": "lkj"
    }
},
{
    "model": "purchase.report",
    "pk": 103,
    "fields": {
        "date": "2022-11-02T15:13:40.004Z",
        "personel": 64,
        "action": "Close",
        "total_cash": 4.0,
        "flow_meter1": 4,
        "flow_meter2": 0,
        "comment": "lkj"
    }
},
{
    "model": "purchase.report",
    "pk": 104,
    "fields": {
        "date": "2022-11-02T15:13:46.373Z",
        "personel": 64,
        "action": "Close",
        "total_cash": 4.0,
        "flow_meter1": 4,
        "flow_meter2": 0,
        "comment": "lkj"
    }
},
{
    "model": "purchase.report",
    "pk": 105,
    "fields": {
        "date": "2022-11-02T15:14:07.408Z",
        "personel": 64,
        "action": "Close",
        "total_cash": 4.0,
        "flow_meter1": 4,
        "flow_meter2": 0,
        "comment": "lkj"
    }
},
{
    "model": "purchase.report",
    "pk": 106,
    "fields": {
        "date": "2022-11-02T15:14:14.991Z",
        "personel": 64,
        "action": "Close",
        "total_cash": 4.0,
        "flow_meter1": 4,
        "flow_meter2": 0,
        "comment": "lkj"
    }
},
{
    "model": "purchase.report",
    "pk": 107,
    "fields": {
        "date": "2022-11-02T15:15:34.751Z",
        "personel": 64,
        "action": "Close",
        "total_cash": 4.0,
        "flow_meter1": 4,
        "flow_meter2": 0,
        "comment": "lkj"
    }
},
{
    "model": "purchase.report",
    "pk": 108,
    "fields": {
        "date": "2022-11-02T15:15:46.247Z",
        "personel": 64,
        "action": "Close",
        "total_cash": 4.0,
        "flow_meter1": 4,
        "flow_meter2": 0,
        "comment": "lkj"
    }
},
{
    "model": "purchase.report",
    "pk": 134,
    "fields": {
        "date": "2022-11-02T15:16:19.201Z",
        "personel": 64,
        "action": "Close",
        "total_cash": 4.0,
        "flow_meter1": 4,
        "flow_meter2": 0,
        "comment": "lkj"
    }
},
{
    "model": "purchase.report",
    "pk": 135,
    "fields": {
        "date": "2022-11-02T15:16:26.027Z",
        "personel": 64,
        "action": "Close",
        "total_cash": 4.0,
        "flow_meter1": 4,
        "flow_meter2": 0,
        "comment": "lkj"
    }
},
{
    "model": "purchase.report",
    "pk": 136,
    "fields": {
        "date": "2022-11-02T15:16:28.503Z",
        "personel": 64,
        "action": "Close",
        "total_cash": 4.0,
        "flow_meter1": 4,
        "flow_meter2": 0,
        "comment": "lkj"
    }
},
{
    "model": "purchase.report",
    "pk": 137,
    "fields": {
        "date": "2022-11-02T15:16:43.684Z",
        "personel": 64,
        "action": "Close",
        "total_cash": 4.0,
        "flow_meter1": 4,
        "flow_meter2": 0,
        "comment": "lkj"
    }
},
{
    "model": "purchase.report",
    "pk": 138,
    "fields": {
        "date": "2022-11-02T15:16:53.139Z",
        "personel": 64,
        "action": "Open",
        "total_cash": 4.0,
        "flow_meter1": 4,
        "flow_meter2": 0,
        "comment": "lkj"
    }
},
{
    "model": "purchase.report",
    "pk": 139,
    "fields": {
        "date": "2022-11-02T15:17:16.343Z",
        "personel": 64,
        "action": "Close",
        "total_cash": 41.0,
        "flow_meter1": 41,
        "flow_meter2": 1,
        "comment": ""
    }
},
{
    "model": "purchase.report",
    "pk": 140,
    "fields": {
        "date": "2022-11-02T15:17:22.640Z",
        "personel": 65,
        "action": "Close",
        "total_cash": 0.0,
        "flow_meter1": 0,
        "flow_meter2": 0,
        "comment": ""
    }
},
{
    "model": "purchase.report",
    "pk": 141,
    "fields": {
        "date": "2022-11-02T15:18:54.625Z",
        "personel": 65,
        "action": "Close",
        "total_cash": 0.0,
        "flow_meter1": 0,
        "flow_meter2": 0,
        "comment": ""
    }
},
{
    "model": "purchase.report",
    "pk": 142,
    "fields": {
        "date": "2022-11-02T15:18:57.206Z",
        "personel": 65,
        "action": "Close",
        "total_cash": 0.0,
        "flow_meter1": 0,
        "flow_meter2": 0,
        "comment": ""
    }
},
{
    "model": "purchase.report",
    "pk": 143,
    "fields": {
        "date": "2022-11-02T15:18:59.453Z",
        "personel": 65,
        "action": "Close",
        "total_cash": 0.0,
        "flow_meter1": 0,
        "flow_meter2": 0,
        "comment": ""
    }
},
{
    "model": "purchase.report",
    "pk": 144,
    "fields": {
        "date": "2022-11-02T15:19:01.885Z",
        "personel": 65,
        "action": "Open",
        "total_cash": 0.0,
        "flow_meter1": 0,
        "flow_meter2": 0,
        "comment": ""
    }
},
{
    "model": "purchase.report",
    "pk": 145,
    "fields": {
        "date": "2022-11-02T15:19:05.603Z",
        "personel": 64,
        "action": "Close",
        "total_cash": 0.0,
        "flow_meter1": 0,
        "flow_meter2": 0,
        "comment": ""
    }
},
{
    "model": "purchase.report",
    "pk": 146,
    "fields": {
        "date": "2022-11-02T15:19:09.673Z",
        "personel": 65,
        "action": "Close",
        "total_cash": 0.0,
        "flow_meter1": 0,
        "flow_meter2": 0,
        "comment": ""
    }
},
{
    "model": "purchase.report",
    "pk": 147,
    "fields": {
        "date": "2022-11-02T15:19:23.583Z",
        "personel": 65,
        "action": "Close",
        "total_cash": 0.0,
        "flow_meter1": 0,
        "flow_meter2": 0,
        "comment": ""
    }
},
{
    "model": "purchase.report",
    "pk": 148,
    "fields": {
        "date": "2022-11-02T15:19:25.908Z",
        "personel": 65,
        "action": "Close",
        "total_cash": 0.0,
        "flow_meter1": 0,
        "flow_meter2": 0,
        "comment": ""
    }
},
{
    "model": "purchase.report",
    "pk": 149,
    "fields": {
        "date": "2022-11-04T17:40:09.756Z",
        "personel": 65,
        "action": "Middle",
        "total_cash": 5.0,
        "flow_meter1": 5,
        "flow_meter2": 2,
        "comment": ""
    }
},
{
    "model": "purchase.barcycle",
    "pk": 3,
    "fields": {
        "opening_report": 34,
        "closing_report": 41
    }
},
{
    "model": "purchase.barcycle",
    "pk": 5,
    "fields": {
        "opening_report": 7,
        "closing_report": 19
    }
},
{
    "model": "purchase.barcycle",
    "pk": 6,
    "fields": {
        "opening_report": 23,
        "closing_report": 35
    }
},
{
    "model": "purchase.barcycle",
    "pk": 9,
    "fields": {
        "opening_report": 2,
        "closing_report": 10
    }
},
{
    "model": "purchase.barcycle",
    "pk": 10,
    "fields": {
        "opening_report": 12,
        "closing_report": 99
    }
},
{
    "model": "purchase.barcycle",
    "pk": 11,
    "fields": {
        "opening_report": 80,
        "closing_report": 85
    }
},
{
    "model": "purchase.barcycle",
    "pk": 12,
    "fields": {
        "opening_report": 81,
        "closing_report": 84
    }
},
{
    "model": "purchase.barcycle",
    "pk": 13,
    "fields": {
        "opening_report": 82,
        "closing_report": 83
    }
},
{
    "model": "purchase.barcycle",
    "pk": 14,
    "fields": {
        "opening_report": 87,
        "closing_report": 89
    }
},
{
    "model": "purchase.barcycle",
    "pk": 15,
    "fields": {
        "opening_report": 90,
        "closing_report": 94
    }
},
{
    "model": "purchase.barcycle",
    "pk": 16,
    "fields": {
        "opening_report": 95,
        "closing_report": 96
    }
},
{
    "model": "purchase.barcycle",
    "pk": 17,
    "fields": {
        "opening_report": 97,
        "closing_report": 98
    }
},
{
    "model": "purchase.barcycle",
    "pk": 18,
    "fields": {
        "opening_report": 138,
        "closing_report": 139
    }
},
{
    "model": "purchase.barcycle",
    "pk": 19,
    "fields": {
        "opening_report": 144,
        "closing_report": 145
    }
},

{
    "model": "users.holder",
    "pk": 33,
    "fields": {
        "user": 10,
        "stand": 2823.0,
        "ledenbase_id": 25268,
        "image": "holder/user-default.jpg",
        "image_ledenbase": "Special impact physical board various dinner home. Near yes hundred."
    }
},
{
    "model": "users.holder",
    "pk": 35,
    "fields": {
        "user": 17,
        "stand": 300.0,
        "ledenbase_id": -14467,
        "image": "holder/user-default.jpg",
        "image_ledenbase": "Single quite else hope. Talk animal fall treat fund get reach prepare. Memory spend vote read."
    }
},
{
    "model": "users.holder",
    "pk": 36,
    "fields": {
        "user": 15,
        "stand": 0.11056485602839183,
        "ledenbase_id": -11725,
        "image": "",
        "image_ledenbase": null
    }
},
{
    "model": "users.holder",
    "pk": 37,
    "fields": {
        "user": 4,
        "stand": 900000.0,
        "ledenbase_id": 8036,
        "image": "holder/user-default.jpg",
        "image_ledenbase": "Phone speech where world."
    }
},
{
    "model": "users.holder",
    "pk": 38,
    "fields": {
        "user": 19,
        "stand": 0.6353852164162523,
        "ledenbase_id": 32020,
        "image": "holder/user-default.jpg",
        "image_ledenbase": "Discover old behavior church perform realize. Stop stop ok care none glass."
    }
},
{
    "model": "users.holder",
    "pk": 39,
    "fields": {
        "user": 5,
        "stand": 0.4276649495724766,
        "ledenbase_id": 16903,
        "image": "holder/user-default.jpg",
        "image_ledenbase": "From gun final. Everything level sell. Recent three government mean middle newspaper."
    }
},
{
    "model": "users.holder",
    "pk": 40,
    "fields": {
        "user": 24,
        "stand": 0.6275864034009051,
        "ledenbase_id": -3519,
        "image": "holder/user-default.jpg",
        "image_ledenbase": "Specific data history onto. Itself tax each follow stage."
    }
},
{
    "model": "users.holder",
    "pk": 41,
    "fields": {
        "user": 31,
        "stand": 0.21838662392768482,
        "ledenbase_id": -19082,
        "image": "holder/user-default.jpg",
        "image_ledenbase": "Choose action military at. Region have hair me. Wife key site lay second poor read."
    }
},
{
    "model": "users.holder",
    "pk": 42,
    "fields": {
        "user": 6,
        "stand": 0.9844883098559183,
        "ledenbase_id": -31341,
        "image": "holder/user-default.jpg",
        "image_ledenbase": "Sound country the likely age there hold force. Sit much under box fill. Recognize dark to local."
    }
},
{
    "model": "users.holder",
    "pk": 43,
    "fields": {
        "user": 20,
        "stand": 0.1682546338265165,
        "ledenbase_id": 17646,
        "image": "holder/user-default.jpg",
        "image_ledenbase": "Anyone nation group. Probably when pay. A finally treat live explain rock protect environment."
    }
},
{
    "model": "users.holder",
    "pk": 48,
    "fields": {
        "user": 37,
        "stand": 3000.0,
        "ledenbase_id": -75,
        "image": "holder/user-default.jpg",
        "image_ledenbase": "General deal trial if often. Read skill how religious long."
    }
},
{
    "model": "users.holder",
    "pk": 49,
    "fields": {
        "user": 46,
        "stand": 2975.0,
        "ledenbase_id": 2409,
        "image": "holder/user-default.jpg",
        "image_ledenbase": "Section us born decide pick camera. Factor company option our."
    }
},
{
    "model": "users.holder",
    "pk": 50,
    "fields": {
        "user": 35,
        "stand": 13965.214302995568,
        "ledenbase_id": -16629,
        "image": "holder/user-default.jpg",
        "image_ledenbase": "Contain develop little ago dream. Rock lose bring cost.\nConsumer likely save option."
    }
},
{
    "model": "users.holder",
    "pk": 52,
    "fields": {
        "user": 32,
        "stand": 0.6662868314455247,
        "ledenbase_id": 7817,
        "image": "holder/user-default.jpg",
        "image_ledenbase": "Forward fear our see health. Business citizen child claim study she behind.\nLot physical senior."
    }
},
{
    "model": "users.holder",
    "pk": 54,
    "fields": {
        "user": 41,
        "stand": 0.8135664643829537,
        "ledenbase_id": 21219,
        "image": "holder/user-default.jpg",
        "image_ledenbase": "Various whatever change agency. Measure TV join letter sometimes."
    }
},
{
    "model": "users.holder",
    "pk": 55,
    "fields": {
        "user": 44,
        "stand": 0.6801911905177846,
        "ledenbase_id": -15687,
        "image": "holder/user-default.jpg",
        "image_ledenbase": "Might attention edge account. Physical about one west control."
    }
},
{
    "model": "users.holder",
    "pk": 56,
    "fields": {
        "user": 40,
        "stand": 0.7431350476421105,
        "ledenbase_id": -2199,
        "image": "holder/user-default.jpg",
        "image_ledenbase": "Dinner town thing morning consumer avoid weight. Reason forward necessary relationship service."
    }
},
{
    "model": "users.holder",
    "pk": 57,
    "fields": {
        "user": 42,
        "stand": 0.4895214079126584,
        "ledenbase_id": -18730,
        "image": "holder/user-default.jpg",
        "image_ledenbase": "Reveal month national unit job scientist one commercial. Go yard resource I."
    }
},
{
    "model": "users.holder",
    "pk": 60,
    "fields": {
        "user": 34,
        "stand": 0.9320638999432078,
        "ledenbase_id": 9025,
        "image": "holder/user-default.jpg",
        "image_ledenbase": "Several outside fear free. Sister piece court information product."
    }
},
{
    "model": "users.holder",
    "pk": 61,
    "fields": {
        "user": 39,
        "stand": 0.7710736505714196,
        "ledenbase_id": -2078,
        "image": "holder/user-default.jpg",
        "image_ledenbase": "Own majority table smile. Figure expert anything growth teach. Another employee keep prevent."
    }
},
{
    "model": "users.holder",
    "pk": 62,
    "fields": {
        "user": 1,
        "stand": 884.8430000000001,
        "ledenbase_id": 0,
        "image": "holder/user-default.jpg",
        "image_ledenbase": null
    }
},
{
    "model": "users.holder",
    "pk": 65,
    "fields": {
        "user": 76,
        "stand": 126.0,
        "ledenbase_id": 3169,
        "image": "holder/user-default.jpg",
        "image_ledenbase": "https://ledenbase.esrtheta.nl/mediafiles/personen/3f61c272-c59d-473f-9a71-c43aeab32eff.jpg"
    }
},
{
    "model": "users.holder",
    "pk": 66,
    "fields": {
        "user": 77,
        "stand": 50.0,
        "ledenbase_id": 0,
        "image": "holder/user-default.jpg",
        "image_ledenbase": null
    }
},
{
    "model": "users.personel",
    "pk": 15,
    "fields": {
        "user": 15,
        "nickname": "Auto Personel",
        "image": "personel/user-default.jpg"
    }
},
{
    "model": "users.personel",
    "pk": 49,
    "fields": {
        "user": 32,
        "nickname": "osanchez",
        "image": "personel/user-default.jpg"
    }
},
{
    "model": "users.personel",
    "pk": 50,
    "fields": {
        "user": 37,
        "nickname": "hawkinswilliam",
        "image": "personel/user-default.jpg"
    }
},
{
    "model": "users.personel",
    "pk": 51,
    "fields": {
        "user": 40,
        "nickname": "mcdonaldlouis",
        "image": "personel/user-default.jpg"
    }
},
{
    "model": "users.personel",
    "pk": 52,
    "fields": {
        "user": 34,
        "nickname": "pmitchell",
        "image": "personel/user-default.jpg"
    }
},
{
    "model": "users.personel",
    "pk": 53,
    "fields": {
        "user": 44,
        "nickname": "crystal70",
        "image": "personel/user-default.jpg"
    }
},
{
    "model": "users.personel",
    "pk": 56,
    "fields": {
        "user": 41,
        "nickname": "vbrown",
        "image": "personel/user-default.jpg"
    }
},
{
    "model": "users.personel",
    "pk": 57,
    "fields": {
        "user": 42,
        "nickname": "gomezjohn",
        "image": "personel/user-default.jpg"
    }
},
{
    "model": "users.personel",
    "pk": 58,
    "fields": {
        "user": 35,
        "nickname": "michelle62",
        "image": "personel/user-default.jpg"
    }
},
{
    "model": "users.personel",
    "pk": 59,
    "fields": {
        "user": 39,
        "nickname": "gillespiekennet",
        "image": "personel/user-default.jpg"
    }
},
{
    "model": "users.personel",
    "pk": 60,
    "fields": {
        "user": 46,
        "nickname": "aaron57",
        "image": "personel/user-default.jpg"
    }
},
{
    "model": "users.personel",
    "pk": 63,
    "fields": {
        "user": 1,
        "nickname": "gussie",
        "image": "personel/widelogo.png"
    }
},
{
    "model": "users.personel",
    "pk": 64,
    "fields": {
        "user": 77,
        "nickname": "wwwcie",
        "image": "personel/user-default.jpg"
    }
},
{
    "model": "users.personel",
    "pk": 65,
    "fields": {
        "user": 76,
        "nickname": "gus_holder_pers",
        "image": "personel/BWC.png"
    }
},
{
    "model": "users.personel",
    "pk": 66,
    "fields": {
        "user": 51,
        "nickname": "dsa",
        "image": "personel/user-default.jpg"
    }
},
{
    "model": "users.walletupgrades",
    "pk": 1,
    "fields": {
        "holder": 65,
        "personel": 63,
        "amount": 20.0,
        "refund": false,
        "date": "2022-11-04T08:45:30.725Z",
        "comment": null,
        "cash": false,
        "pin": false,
        "molliePayment": null
    }
},
{
    "model": "users.walletupgrades",
    "pk": 2,
    "fields": {
        "holder": 65,
        "personel": 65,
        "amount": 20.0,
        "refund": false,
        "date": "2022-11-04T09:57:19.441Z",
        "comment": null,
        "cash": false,
        "pin": false,
        "molliePayment": null
    }
},
{
    "model": "users.walletupgrades",
    "pk": 3,
    "fields": {
        "holder": 65,
        "personel": 65,
        "amount": 2.0,
        "refund": false,
        "date": "2022-11-04T09:58:08.819Z",
        "comment": null,
        "cash": false,
        "pin": false,
        "molliePayment": null
    }
},
{
    "model": "users.walletupgrades",
    "pk": 4,
    "fields": {
        "holder": 50,
        "personel": 65,
        "amount": 200.0,
        "refund": false,
        "date": "2022-11-04T15:46:15.804Z",
        "comment": null,
        "cash": false,
        "pin": false,
        "molliePayment": null
    }
},
{
    "model": "users.walletupgrades",
    "pk": 5,
    "fields": {
        "holder": 50,
        "personel": 65,
        "amount": 10.0,
        "refund": false,
        "date": "2022-11-04T15:57:05.831Z",
        "comment": null,
        "cash": false,
        "pin": false,
        "molliePayment": null
    }
},
{
    "model": "users.walletupgrades",
    "pk": 6,
    "fields": {
        "holder": 50,
        "personel": 65,
        "amount": 200.0,
        "refund": false,
        "date": "2022-11-04T16:02:18.583Z",
        "comment": null,
        "cash": false,
        "pin": false,
        "molliePayment": null
    }
},
{
    "model": "users.walletupgrades",
    "pk": 7,
    "fields": {
        "holder": 50,
        "personel": 65,
        "amount": 2020.0,
        "refund": false,
        "date": "2022-11-04T16:03:00.804Z",
        "comment": null,
        "cash": false,
        "pin": false,
        "molliePayment": null
    }
},
{
    "model": "users.walletupgrades",
    "pk": 39,
    "fields": {
        "holder": 50,
        "personel": 65,
        "amount": 1.0,
        "refund": false,
        "date": "2022-11-04T17:18:32.157Z",
        "comment": null,
        "cash": false,
        "pin": false,
        "molliePayment": null
    }
},
{
    "model": "users.walletupgrades",
    "pk": 40,
    "fields": {
        "holder": 50,
        "personel": 65,
        "amount": 200.0,
        "refund": false,
        "date": "2022-11-04T17:19:54.136Z",
        "comment": null,
        "cash": false,
        "pin": false,
        "molliePayment": null
    }
},
{
    "model": "users.walletupgrades",
    "pk": 41,
    "fields": {
        "holder": 50,
        "personel": 65,
        "amount": 0.0,
        "refund": false,
        "date": "2022-11-04T17:20:22.421Z",
        "comment": null,
        "cash": false,
        "pin": false,
        "molliePayment": null
    }
},
{
    "model": "users.walletupgrades",
    "pk": 42,
    "fields": {
        "holder": 50,
        "personel": 65,
        "amount": 2024.0,
        "refund": false,
        "date": "2022-11-04T17:35:03.637Z",
        "comment": null,
        "cash": false,
        "pin": false,
        "molliePayment": null
    }
},
{
    "model": "users.molliepayments",
    "pk": 85,
    "fields": {
        "holder": 65,
        "amount": "21.00",
        "date": "2022-11-18T16:11:35.654Z",
        "comment": null,
        "payment_id": "tr_khr8uHYkDD",
        "is_paid": false,
        "identifier": "b30ef231-8035-4af2-95ed-b2d5c07dc55d",
        "payed_on": null,
        "expiry_date": null
    }
},
{
    "model": "users.molliepayments",
    "pk": 86,
    "fields": {
        "holder": 65,
        "amount": "15.00",
        "date": "2022-11-18T16:16:47.829Z",
        "comment": null,
        "payment_id": "tr_XjeH29p3mf",
        "is_paid": false,
        "identifier": "32dd2b48-e5d7-400f-8040-ad341184fa81",
        "payed_on": null,
        "expiry_date": "2022-11-18T16:31:48Z"
    }
},
{
    "model": "users.molliepayments",
    "pk": 87,
    "fields": {
        "holder": 65,
        "amount": "15.00",
        "date": "2022-11-18T16:19:41.637Z",
        "comment": null,
        "payment_id": "tr_z8Xmc9Lf2L",
        "is_paid": false,
        "identifier": "270b8075-d10b-4b1a-86ad-b99d9e9d1475",
        "payed_on": null,
        "expiry_date": "2022-11-18T16:34:41Z"
    }
},
{
    "model": "admin.logentry",
    "pk": 2,
    "fields": {
        "action_time": "2022-11-23T03:46:59.346Z",
        "user": 76,
        "content_type": 12,
        "object_id": "1",
        "object_repr": "first happ Wed 23 Nov 2022",
        "action_flag": 1,
        "change_message": "[{\"added\": {}}, {\"added\": {\"name\": \"hap order\", \"object\": \"Jonathan Williams 1 first happ Wed 23 Nov 2022\"}}, {\"added\": {\"name\": \"hap order\", \"object\": \"Mary Carter 1 first happ Wed 23 Nov 2022\"}}, {\"added\": {\"name\": \"hap order\", \"object\": \"James Scott 2 first happ Wed 23 Nov 2022\"}}, {\"added\": {\"name\": \"hap payment\", \"object\": \"Jonathan Williams 0 first happ Wed 23 Nov 2022\"}}, {\"added\": {\"name\": \"hap payment\", \"object\": \"Mary Carter 0 first happ Wed 23 Nov 2022\"}}, {\"added\": {\"name\": \"hap payment\", \"object\": \"James Scott 0 first happ Wed 23 Nov 2022\"}}]"
    }
},
{
    "model": "admin.logentry",
    "pk": 3,
    "fields": {
        "action_time": "2022-11-23T23:09:57.677Z",
        "user": 76,
        "content_type": 12,
        "object_id": "1",
        "object_repr": "first happ Wed 23 Nov 2022",
        "action_flag": 2,
        "change_message": "[{\"deleted\": {\"name\": \"hap payment\", \"object\": \"Jonathan Williams 0 first happ Wed 23 Nov 2022\"}}, {\"deleted\": {\"name\": \"hap payment\", \"object\": \"Mary Carter 0 first happ Wed 23 Nov 2022\"}}, {\"deleted\": {\"name\": \"hap payment\", \"object\": \"James Scott 0 first happ Wed 23 Nov 2022\"}}]"
    }
},
{
    "model": "admin.logentry",
    "pk": 4,
    "fields": {
        "action_time": "2022-11-23T23:15:56.298Z",
        "user": 76,
        "content_type": 12,
        "object_id": "1",
        "object_repr": "first happ Wed 23 Nov 2022",
        "action_flag": 2,
        "change_message": "[{\"added\": {\"name\": \"hap payment\", \"object\": \"Jonathan Williams 1 first happ Wed 23 Nov 2022\"}}]"
    }
},
{
    "model": "admin.logentry",
    "pk": 5,
    "fields": {
        "action_time": "2022-11-24T13:20:39.582Z",
        "user": 76,
        "content_type": 1,
        "object_id": "1",
        "object_repr": "Django",
        "action_flag": 2,
        "change_message": "[{\"changed\": {\"fields\": [\"Active\"]}}]"
    }
},
{
    "model": "admin.logentry",
    "pk": 6,
    "fields": {
        "action_time": "2022-11-24T13:20:49.670Z",
        "user": 76,
        "content_type": 1,
        "object_id": "2",
        "object_repr": "Mamon",
        "action_flag": 2,
        "change_message": "[{\"changed\": {\"fields\": [\"Active\"]}}]"
    }
},
{
    "model": "auth.permission",
    "pk": 1,
    "fields": {
        "name": "Can add log entry",
        "content_type": 1,
        "codename": "add_logentry"
    }
},
{
    "model": "auth.permission",
    "pk": 2,
    "fields": {
        "name": "Can change log entry",
        "content_type": 1,
        "codename": "change_logentry"
    }
},
{
    "model": "auth.permission",
    "pk": 3,
    "fields": {
        "name": "Can delete log entry",
        "content_type": 1,
        "codename": "delete_logentry"
    }
},
{
    "model": "auth.permission",
    "pk": 4,
    "fields": {
        "name": "Can view log entry",
        "content_type": 1,
        "codename": "view_logentry"
    }
},
{
    "model": "auth.permission",
    "pk": 5,
    "fields": {
        "name": "Can add permission",
        "content_type": 2,
        "codename": "add_permission"
    }
},
{
    "model": "auth.permission",
    "pk": 6,
    "fields": {
        "name": "Can change permission",
        "content_type": 2,
        "codename": "change_permission"
    }
},
{
    "model": "auth.permission",
    "pk": 7,
    "fields": {
        "name": "Can delete permission",
        "content_type": 2,
        "codename": "delete_permission"
    }
},
{
    "model": "auth.permission",
    "pk": 8,
    "fields": {
        "name": "Can view permission",
        "content_type": 2,
        "codename": "view_permission"
    }
},
{
    "model": "auth.permission",
    "pk": 9,
    "fields": {
        "name": "Can add group",
        "content_type": 3,
        "codename": "add_group"
    }
},
{
    "model": "auth.permission",
    "pk": 10,
    "fields": {
        "name": "Can change group",
        "content_type": 3,
        "codename": "change_group"
    }
},
{
    "model": "auth.permission",
    "pk": 11,
    "fields": {
        "name": "Can delete group",
        "content_type": 3,
        "codename": "delete_group"
    }
},
{
    "model": "auth.permission",
    "pk": 12,
    "fields": {
        "name": "Can view group",
        "content_type": 3,
        "codename": "view_group"
    }
},
{
    "model": "auth.permission",
    "pk": 13,
    "fields": {
        "name": "Can add user",
        "content_type": 4,
        "codename": "add_user"
    }
},
{
    "model": "auth.permission",
    "pk": 14,
    "fields": {
        "name": "Can change user",
        "content_type": 4,
        "codename": "change_user"
    }
},
{
    "model": "auth.permission",
    "pk": 15,
    "fields": {
        "name": "Can delete user",
        "content_type": 4,
        "codename": "delete_user"
    }
},
{
    "model": "auth.permission",
    "pk": 16,
    "fields": {
        "name": "Can view user",
        "content_type": 4,
        "codename": "view_user"
    }
},
{
    "model": "auth.permission",
    "pk": 17,
    "fields": {
        "name": "Can add content type",
        "content_type": 5,
        "codename": "add_contenttype"
    }
},
{
    "model": "auth.permission",
    "pk": 18,
    "fields": {
        "name": "Can change content type",
        "content_type": 5,
        "codename": "change_contenttype"
    }
},
{
    "model": "auth.permission",
    "pk": 19,
    "fields": {
        "name": "Can delete content type",
        "content_type": 5,
        "codename": "delete_contenttype"
    }
},
{
    "model": "auth.permission",
    "pk": 20,
    "fields": {
        "name": "Can view content type",
        "content_type": 5,
        "codename": "view_contenttype"
    }
},
{
    "model": "auth.permission",
    "pk": 21,
    "fields": {
        "name": "Can add session",
        "content_type": 6,
        "codename": "add_session"
    }
},
{
    "model": "auth.permission",
    "pk": 22,
    "fields": {
        "name": "Can change session",
        "content_type": 6,
        "codename": "change_session"
    }
},
{
    "model": "auth.permission",
    "pk": 23,
    "fields": {
        "name": "Can delete session",
        "content_type": 6,
        "codename": "delete_session"
    }
},
{
    "model": "auth.permission",
    "pk": 24,
    "fields": {
        "name": "Can view session",
        "content_type": 6,
        "codename": "view_session"
    }
},
{
    "model": "auth.permission",
    "pk": 25,
    "fields": {
        "name": "Can add outstanding token",
        "content_type": 7,
        "codename": "add_outstandingtoken"
    }
},
{
    "model": "auth.permission",
    "pk": 26,
    "fields": {
        "name": "Can change outstanding token",
        "content_type": 7,
        "codename": "change_outstandingtoken"
    }
},
{
    "model": "auth.permission",
    "pk": 27,
    "fields": {
        "name": "Can delete outstanding token",
        "content_type": 7,
        "codename": "delete_outstandingtoken"
    }
},
{
    "model": "auth.permission",
    "pk": 28,
    "fields": {
        "name": "Can view outstanding token",
        "content_type": 7,
        "codename": "view_outstandingtoken"
    }
},
{
    "model": "auth.permission",
    "pk": 29,
    "fields": {
        "name": "Can add blacklisted token",
        "content_type": 8,
        "codename": "add_blacklistedtoken"
    }
},
{
    "model": "auth.permission",
    "pk": 30,
    "fields": {
        "name": "Can change blacklisted token",
        "content_type": 8,
        "codename": "change_blacklistedtoken"
    }
},
{
    "model": "auth.permission",
    "pk": 31,
    "fields": {
        "name": "Can delete blacklisted token",
        "content_type": 8,
        "codename": "delete_blacklistedtoken"
    }
},
{
    "model": "auth.permission",
    "pk": 32,
    "fields": {
        "name": "Can view blacklisted token",
        "content_type": 8,
        "codename": "view_blacklistedtoken"
    }
},
{
    "model": "auth.permission",
    "pk": 33,
    "fields": {
        "name": "Can add product",
        "content_type": 9,
        "codename": "add_product"
    }
},
{
    "model": "auth.permission",
    "pk": 34,
    "fields": {
        "name": "Can change product",
        "content_type": 9,
        "codename": "change_product"
    }
},
{
    "model": "auth.permission",
    "pk": 35,
    "fields": {
        "name": "Can delete product",
        "content_type": 9,
        "codename": "delete_product"
    }
},
{
    "model": "auth.permission",
    "pk": 36,
    "fields": {
        "name": "Can view product",
        "content_type": 9,
        "codename": "view_product"
    }
},
{
    "model": "auth.permission",
    "pk": 37,
    "fields": {
        "name": "Can add category",
        "content_type": 10,
        "codename": "add_category"
    }
},
{
    "model": "auth.permission",
    "pk": 38,
    "fields": {
        "name": "Can change category",
        "content_type": 10,
        "codename": "change_category"
    }
},
{
    "model": "auth.permission",
    "pk": 39,
    "fields": {
        "name": "Can delete category",
        "content_type": 10,
        "codename": "delete_category"
    }
},
{
    "model": "auth.permission",
    "pk": 40,
    "fields": {
        "name": "Can view category",
        "content_type": 10,
        "codename": "view_category"
    }
},
{
    "model": "auth.permission",
    "pk": 41,
    "fields": {
        "name": "Can add purchase",
        "content_type": 11,
        "codename": "add_purchase"
    }
},
{
    "model": "auth.permission",
    "pk": 42,
    "fields": {
        "name": "Can change purchase",
        "content_type": 11,
        "codename": "change_purchase"
    }
},
{
    "model": "auth.permission",
    "pk": 43,
    "fields": {
        "name": "Can delete purchase",
        "content_type": 11,
        "codename": "delete_purchase"
    }
},
{
    "model": "auth.permission",
    "pk": 44,
    "fields": {
        "name": "Can view purchase",
        "content_type": 11,
        "codename": "view_purchase"
    }
},
{
    "model": "auth.permission",
    "pk": 45,
    "fields": {
        "name": "Can add order",
        "content_type": 12,
        "codename": "add_order"
    }
},
{
    "model": "auth.permission",
    "pk": 46,
    "fields": {
        "name": "Can change order",
        "content_type": 12,
        "codename": "change_order"
    }
},
{
    "model": "auth.permission",
    "pk": 47,
    "fields": {
        "name": "Can delete order",
        "content_type": 12,
        "codename": "delete_order"
    }
},
{
    "model": "auth.permission",
    "pk": 48,
    "fields": {
        "name": "Can view order",
        "content_type": 12,
        "codename": "view_order"
    }
},
{
    "model": "auth.permission",
    "pk": 49,
    "fields": {
        "name": "Can add report",
        "content_type": 13,
        "codename": "add_report"
    }
},
{
    "model": "auth.permission",
    "pk": 50,
    "fields": {
        "name": "Can change report",
        "content_type": 13,
        "codename": "change_report"
    }
},
{
    "model": "auth.permission",
    "pk": 51,
    "fields": {
        "name": "Can delete report",
        "content_type": 13,
        "codename": "delete_report"
    }
},
{
    "model": "auth.permission",
    "pk": 52,
    "fields": {
        "name": "Can view report",
        "content_type": 13,
        "codename": "view_report"
    }
},
{
    "model": "auth.permission",
    "pk": 53,
    "fields": {
        "name": "Can add barcycle",
        "content_type": 14,
        "codename": "add_barcycle"
    }
},
{
    "model": "auth.permission",
    "pk": 54,
    "fields": {
        "name": "Can change barcycle",
        "content_type": 14,
        "codename": "change_barcycle"
    }
},
{
    "model": "auth.permission",
    "pk": 55,
    "fields": {
        "name": "Can delete barcycle",
        "content_type": 14,
        "codename": "delete_barcycle"
    }
},
{
    "model": "auth.permission",
    "pk": 56,
    "fields": {
        "name": "Can view barcycle",
        "content_type": 14,
        "codename": "view_barcycle"
    }
},
{
    "model": "auth.permission",
    "pk": 57,
    "fields": {
        "name": "Can add holder",
        "content_type": 15,
        "codename": "add_holder"
    }
},
{
    "model": "auth.permission",
    "pk": 58,
    "fields": {
        "name": "Can change holder",
        "content_type": 15,
        "codename": "change_holder"
    }
},
{
    "model": "auth.permission",
    "pk": 59,
    "fields": {
        "name": "Can delete holder",
        "content_type": 15,
        "codename": "delete_holder"
    }
},
{
    "model": "auth.permission",
    "pk": 60,
    "fields": {
        "name": "Can view holder",
        "content_type": 15,
        "codename": "view_holder"
    }
},
{
    "model": "auth.permission",
    "pk": 61,
    "fields": {
        "name": "Can add personel",
        "content_type": 16,
        "codename": "add_personel"
    }
},
{
    "model": "auth.permission",
    "pk": 62,
    "fields": {
        "name": "Can change personel",
        "content_type": 16,
        "codename": "change_personel"
    }
},
{
    "model": "auth.permission",
    "pk": 63,
    "fields": {
        "name": "Can delete personel",
        "content_type": 16,
        "codename": "delete_personel"
    }
},
{
    "model": "auth.permission",
    "pk": 64,
    "fields": {
        "name": "Can view personel",
        "content_type": 16,
        "codename": "view_personel"
    }
},
{
    "model": "auth.permission",
    "pk": 65,
    "fields": {
        "name": "Can add wallet upgrades",
        "content_type": 17,
        "codename": "add_walletupgrades"
    }
},
{
    "model": "auth.permission",
    "pk": 66,
    "fields": {
        "name": "Can change wallet upgrades",
        "content_type": 17,
        "codename": "change_walletupgrades"
    }
},
{
    "model": "auth.permission",
    "pk": 67,
    "fields": {
        "name": "Can delete wallet upgrades",
        "content_type": 17,
        "codename": "delete_walletupgrades"
    }
},
{
    "model": "auth.permission",
    "pk": 68,
    "fields": {
        "name": "Can view wallet upgrades",
        "content_type": 17,
        "codename": "view_walletupgrades"
    }
},
{
    "model": "auth.permission",
    "pk": 69,
    "fields": {
        "name": "Can add card",
        "content_type": 18,
        "codename": "add_card"
    }
},
{
    "model": "auth.permission",
    "pk": 70,
    "fields": {
        "name": "Can change card",
        "content_type": 18,
        "codename": "change_card"
    }
},
{
    "model": "auth.permission",
    "pk": 71,
    "fields": {
        "name": "Can delete card",
        "content_type": 18,
        "codename": "delete_card"
    }
},
{
    "model": "auth.permission",
    "pk": 72,
    "fields": {
        "name": "Can view card",
        "content_type": 18,
        "codename": "view_card"
    }
},
{
    "model": "auth.permission",
    "pk": 73,
    "fields": {
        "name": "Can add permission",
        "content_type": 19,
        "codename": "add_permission"
    }
},
{
    "model": "auth.permission",
    "pk": 74,
    "fields": {
        "name": "Can change permission",
        "content_type": 19,
        "codename": "change_permission"
    }
},
{
    "model": "auth.permission",
    "pk": 75,
    "fields": {
        "name": "Can delete permission",
        "content_type": 19,
        "codename": "delete_permission"
    }
},
{
    "model": "auth.permission",
    "pk": 76,
    "fields": {
        "name": "Can view permission",
        "content_type": 19,
        "codename": "view_permission"
    }
},
{
    "model": "auth.permission",
    "pk": 77,
    "fields": {
        "name": "Can add group",
        "content_type": 20,
        "codename": "add_group"
    }
},
{
    "model": "auth.permission",
    "pk": 78,
    "fields": {
        "name": "Can change group",
        "content_type": 20,
        "codename": "change_group"
    }
},
{
    "model": "auth.permission",
    "pk": 79,
    "fields": {
        "name": "Can delete group",
        "content_type": 20,
        "codename": "delete_group"
    }
},
{
    "model": "auth.permission",
    "pk": 80,
    "fields": {
        "name": "Can view group",
        "content_type": 20,
        "codename": "view_group"
    }
},
{
    "model": "auth.permission",
    "pk": 81,
    "fields": {
        "name": "Can add user",
        "content_type": 21,
        "codename": "add_user"
    }
},
{
    "model": "auth.permission",
    "pk": 82,
    "fields": {
        "name": "Can change user",
        "content_type": 21,
        "codename": "change_user"
    }
},
{
    "model": "auth.permission",
    "pk": 83,
    "fields": {
        "name": "Can delete user",
        "content_type": 21,
        "codename": "delete_user"
    }
},
{
    "model": "auth.permission",
    "pk": 84,
    "fields": {
        "name": "Can view user",
        "content_type": 21,
        "codename": "view_user"
    }
},
{
    "model": "auth.permission",
    "pk": 85,
    "fields": {
        "name": "Can add content type",
        "content_type": 22,
        "codename": "add_contenttype"
    }
},
{
    "model": "auth.permission",
    "pk": 86,
    "fields": {
        "name": "Can change content type",
        "content_type": 22,
        "codename": "change_contenttype"
    }
},
{
    "model": "auth.permission",
    "pk": 87,
    "fields": {
        "name": "Can delete content type",
        "content_type": 22,
        "codename": "delete_contenttype"
    }
},
{
    "model": "auth.permission",
    "pk": 88,
    "fields": {
        "name": "Can view content type",
        "content_type": 22,
        "codename": "view_contenttype"
    }
},
{
    "model": "auth.permission",
    "pk": 89,
    "fields": {
        "name": "Can add session",
        "content_type": 23,
        "codename": "add_session"
    }
},
{
    "model": "auth.permission",
    "pk": 90,
    "fields": {
        "name": "Can change session",
        "content_type": 23,
        "codename": "change_session"
    }
},
{
    "model": "auth.permission",
    "pk": 91,
    "fields": {
        "name": "Can delete session",
        "content_type": 23,
        "codename": "delete_session"
    }
},
{
    "model": "auth.permission",
    "pk": 92,
    "fields": {
        "name": "Can view session",
        "content_type": 23,
        "codename": "view_session"
    }
},
{
    "model": "auth.permission",
    "pk": 93,
    "fields": {
        "name": "Can add Theme",
        "content_type": 1,
        "codename": "add_theme"
    }
},
{
    "model": "auth.permission",
    "pk": 94,
    "fields": {
        "name": "Can change Theme",
        "content_type": 1,
        "codename": "change_theme"
    }
},
{
    "model": "auth.permission",
    "pk": 95,
    "fields": {
        "name": "Can delete Theme",
        "content_type": 1,
        "codename": "delete_theme"
    }
},
{
    "model": "auth.permission",
    "pk": 96,
    "fields": {
        "name": "Can view Theme",
        "content_type": 1,
        "codename": "view_theme"
    }
},
{
    "model": "auth.permission",
    "pk": 97,
    "fields": {
        "name": "Can add blacklisted token",
        "content_type": 2,
        "codename": "add_blacklistedtoken"
    }
},
{
    "model": "auth.permission",
    "pk": 98,
    "fields": {
        "name": "Can change blacklisted token",
        "content_type": 2,
        "codename": "change_blacklistedtoken"
    }
},
{
    "model": "auth.permission",
    "pk": 99,
    "fields": {
        "name": "Can delete blacklisted token",
        "content_type": 2,
        "codename": "delete_blacklistedtoken"
    }
},
{
    "model": "auth.permission",
    "pk": 100,
    "fields": {
        "name": "Can view blacklisted token",
        "content_type": 2,
        "codename": "view_blacklistedtoken"
    }
},
{
    "model": "auth.permission",
    "pk": 101,
    "fields": {
        "name": "Can add outstanding token",
        "content_type": 3,
        "codename": "add_outstandingtoken"
    }
},
{
    "model": "auth.permission",
    "pk": 102,
    "fields": {
        "name": "Can change outstanding token",
        "content_type": 3,
        "codename": "change_outstandingtoken"
    }
},
{
    "model": "auth.permission",
    "pk": 103,
    "fields": {
        "name": "Can delete outstanding token",
        "content_type": 3,
        "codename": "delete_outstandingtoken"
    }
},
{
    "model": "auth.permission",
    "pk": 104,
    "fields": {
        "name": "Can view outstanding token",
        "content_type": 3,
        "codename": "view_outstandingtoken"
    }
},
{
    "model": "auth.permission",
    "pk": 105,
    "fields": {
        "name": "Can add barcycle",
        "content_type": 4,
        "codename": "add_barcycle"
    }
},
{
    "model": "auth.permission",
    "pk": 106,
    "fields": {
        "name": "Can change barcycle",
        "content_type": 4,
        "codename": "change_barcycle"
    }
},
{
    "model": "auth.permission",
    "pk": 107,
    "fields": {
        "name": "Can delete barcycle",
        "content_type": 4,
        "codename": "delete_barcycle"
    }
},
{
    "model": "auth.permission",
    "pk": 108,
    "fields": {
        "name": "Can view barcycle",
        "content_type": 4,
        "codename": "view_barcycle"
    }
},
{
    "model": "auth.permission",
    "pk": 109,
    "fields": {
        "name": "Can add category",
        "content_type": 5,
        "codename": "add_category"
    }
},
{
    "model": "auth.permission",
    "pk": 110,
    "fields": {
        "name": "Can change category",
        "content_type": 5,
        "codename": "change_category"
    }
},
{
    "model": "auth.permission",
    "pk": 111,
    "fields": {
        "name": "Can delete category",
        "content_type": 5,
        "codename": "delete_category"
    }
},
{
    "model": "auth.permission",
    "pk": 112,
    "fields": {
        "name": "Can view category",
        "content_type": 5,
        "codename": "view_category"
    }
},
{
    "model": "auth.permission",
    "pk": 113,
    "fields": {
        "name": "Can add order",
        "content_type": 6,
        "codename": "add_order"
    }
},
{
    "model": "auth.permission",
    "pk": 114,
    "fields": {
        "name": "Can change order",
        "content_type": 6,
        "codename": "change_order"
    }
},
{
    "model": "auth.permission",
    "pk": 115,
    "fields": {
        "name": "Can delete order",
        "content_type": 6,
        "codename": "delete_order"
    }
},
{
    "model": "auth.permission",
    "pk": 116,
    "fields": {
        "name": "Can view order",
        "content_type": 6,
        "codename": "view_order"
    }
},
{
    "model": "auth.permission",
    "pk": 117,
    "fields": {
        "name": "Can add product",
        "content_type": 7,
        "codename": "add_product"
    }
},
{
    "model": "auth.permission",
    "pk": 118,
    "fields": {
        "name": "Can change product",
        "content_type": 7,
        "codename": "change_product"
    }
},
{
    "model": "auth.permission",
    "pk": 119,
    "fields": {
        "name": "Can delete product",
        "content_type": 7,
        "codename": "delete_product"
    }
},
{
    "model": "auth.permission",
    "pk": 120,
    "fields": {
        "name": "Can view product",
        "content_type": 7,
        "codename": "view_product"
    }
},
{
    "model": "auth.permission",
    "pk": 121,
    "fields": {
        "name": "Can add purchase",
        "content_type": 8,
        "codename": "add_purchase"
    }
},
{
    "model": "auth.permission",
    "pk": 122,
    "fields": {
        "name": "Can change purchase",
        "content_type": 8,
        "codename": "change_purchase"
    }
},
{
    "model": "auth.permission",
    "pk": 123,
    "fields": {
        "name": "Can delete purchase",
        "content_type": 8,
        "codename": "delete_purchase"
    }
},
{
    "model": "auth.permission",
    "pk": 124,
    "fields": {
        "name": "Can view purchase",
        "content_type": 8,
        "codename": "view_purchase"
    }
},
{
    "model": "auth.permission",
    "pk": 125,
    "fields": {
        "name": "Can add report",
        "content_type": 9,
        "codename": "add_report"
    }
},
{
    "model": "auth.permission",
    "pk": 126,
    "fields": {
        "name": "Can change report",
        "content_type": 9,
        "codename": "change_report"
    }
},
{
    "model": "auth.permission",
    "pk": 127,
    "fields": {
        "name": "Can delete report",
        "content_type": 9,
        "codename": "delete_report"
    }
},
{
    "model": "auth.permission",
    "pk": 128,
    "fields": {
        "name": "Can view report",
        "content_type": 9,
        "codename": "view_report"
    }
},
{
    "model": "auth.permission",
    "pk": 129,
    "fields": {
        "name": "Can add hap order",
        "content_type": 10,
        "codename": "add_haporder"
    }
},
{
    "model": "auth.permission",
    "pk": 130,
    "fields": {
        "name": "Can change hap order",
        "content_type": 10,
        "codename": "change_haporder"
    }
},
{
    "model": "auth.permission",
    "pk": 131,
    "fields": {
        "name": "Can delete hap order",
        "content_type": 10,
        "codename": "delete_haporder"
    }
},
{
    "model": "auth.permission",
    "pk": 132,
    "fields": {
        "name": "Can view hap order",
        "content_type": 10,
        "codename": "view_haporder"
    }
},
{
    "model": "auth.permission",
    "pk": 133,
    "fields": {
        "name": "Can add hap payment",
        "content_type": 11,
        "codename": "add_happayment"
    }
},
{
    "model": "auth.permission",
    "pk": 134,
    "fields": {
        "name": "Can change hap payment",
        "content_type": 11,
        "codename": "change_happayment"
    }
},
{
    "model": "auth.permission",
    "pk": 135,
    "fields": {
        "name": "Can delete hap payment",
        "content_type": 11,
        "codename": "delete_happayment"
    }
},
{
    "model": "auth.permission",
    "pk": 136,
    "fields": {
        "name": "Can view hap payment",
        "content_type": 11,
        "codename": "view_happayment"
    }
},
{
    "model": "auth.permission",
    "pk": 137,
    "fields": {
        "name": "Can add Hap",
        "content_type": 12,
        "codename": "add_happen"
    }
},
{
    "model": "auth.permission",
    "pk": 138,
    "fields": {
        "name": "Can change Hap",
        "content_type": 12,
        "codename": "change_happen"
    }
},
{
    "model": "auth.permission",
    "pk": 139,
    "fields": {
        "name": "Can delete Hap",
        "content_type": 12,
        "codename": "delete_happen"
    }
},
{
    "model": "auth.permission",
    "pk": 140,
    "fields": {
        "name": "Can view Hap",
        "content_type": 12,
        "codename": "view_happen"
    }
},
{
    "model": "auth.permission",
    "pk": 141,
    "fields": {
        "name": "Can add holder",
        "content_type": 13,
        "codename": "add_holder"
    }
},
{
    "model": "auth.permission",
    "pk": 142,
    "fields": {
        "name": "Can change holder",
        "content_type": 13,
        "codename": "change_holder"
    }
},
{
    "model": "auth.permission",
    "pk": 143,
    "fields": {
        "name": "Can delete holder",
        "content_type": 13,
        "codename": "delete_holder"
    }
},
{
    "model": "auth.permission",
    "pk": 144,
    "fields": {
        "name": "Can view holder",
        "content_type": 13,
        "codename": "view_holder"
    }
},
{
    "model": "auth.permission",
    "pk": 145,
    "fields": {
        "name": "Can add personel",
        "content_type": 14,
        "codename": "add_personel"
    }
},
{
    "model": "auth.permission",
    "pk": 146,
    "fields": {
        "name": "Can change personel",
        "content_type": 14,
        "codename": "change_personel"
    }
},
{
    "model": "auth.permission",
    "pk": 147,
    "fields": {
        "name": "Can delete personel",
        "content_type": 14,
        "codename": "delete_personel"
    }
},
{
    "model": "auth.permission",
    "pk": 148,
    "fields": {
        "name": "Can view personel",
        "content_type": 14,
        "codename": "view_personel"
    }
},
{
    "model": "auth.permission",
    "pk": 149,
    "fields": {
        "name": "Can add Wallet Upgrade",
        "content_type": 15,
        "codename": "add_walletupgrades"
    }
},
{
    "model": "auth.permission",
    "pk": 150,
    "fields": {
        "name": "Can change Wallet Upgrade",
        "content_type": 15,
        "codename": "change_walletupgrades"
    }
},
{
    "model": "auth.permission",
    "pk": 151,
    "fields": {
        "name": "Can delete Wallet Upgrade",
        "content_type": 15,
        "codename": "delete_walletupgrades"
    }
},
{
    "model": "auth.permission",
    "pk": 152,
    "fields": {
        "name": "Can view Wallet Upgrade",
        "content_type": 15,
        "codename": "view_walletupgrades"
    }
},
{
    "model": "auth.permission",
    "pk": 153,
    "fields": {
        "name": "Can add card",
        "content_type": 16,
        "codename": "add_card"
    }
},
{
    "model": "auth.permission",
    "pk": 154,
    "fields": {
        "name": "Can change card",
        "content_type": 16,
        "codename": "change_card"
    }
},
{
    "model": "auth.permission",
    "pk": 155,
    "fields": {
        "name": "Can delete card",
        "content_type": 16,
        "codename": "delete_card"
    }
},
{
    "model": "auth.permission",
    "pk": 156,
    "fields": {
        "name": "Can view card",
        "content_type": 16,
        "codename": "view_card"
    }
},
{
    "model": "auth.permission",
    "pk": 157,
    "fields": {
        "name": "Can add mollie payments",
        "content_type": 17,
        "codename": "add_molliepayments"
    }
},
{
    "model": "auth.permission",
    "pk": 158,
    "fields": {
        "name": "Can change mollie payments",
        "content_type": 17,
        "codename": "change_molliepayments"
    }
},
{
    "model": "auth.permission",
    "pk": 159,
    "fields": {
        "name": "Can delete mollie payments",
        "content_type": 17,
        "codename": "delete_molliepayments"
    }
},
{
    "model": "auth.permission",
    "pk": 160,
    "fields": {
        "name": "Can view mollie payments",
        "content_type": 17,
        "codename": "view_molliepayments"
    }
},
{
    "model": "auth.permission",
    "pk": 161,
    "fields": {
        "name": "Can add log entry",
        "content_type": 18,
        "codename": "add_logentry"
    }
},
{
    "model": "auth.permission",
    "pk": 162,
    "fields": {
        "name": "Can change log entry",
        "content_type": 18,
        "codename": "change_logentry"
    }
},
{
    "model": "auth.permission",
    "pk": 163,
    "fields": {
        "name": "Can delete log entry",
        "content_type": 18,
        "codename": "delete_logentry"
    }
},
{
    "model": "auth.permission",
    "pk": 164,
    "fields": {
        "name": "Can view log entry",
        "content_type": 18,
        "codename": "view_logentry"
    }
},
{
    "model": "auth.group",
    "pk": 1,
    "fields": {
        "name": "Tapper",
        "permissions": []
    }
},
{
    "model": "auth.group",
    "pk": 2,
    "fields": {
        "name": "Preases Imperfectus",
        "permissions": []
    }
},
{
    "model": "auth.group",
    "pk": 3,
    "fields": {
        "name": "Bestuur",
        "permissions": []
    }
},
{
    "model": "auth.user",
    "pk": 1,
    "fields": {
        "password": "pbkdf2_sha256$320000$Nj8dbCvPyWIdkC6PEsYTej$BiK9JVVPfZya1T+SeDfuq+SpYXxLld7rRImPZzvR5cM=",
        "last_login": "2022-10-29T16:43:57Z",
        "is_superuser": true,
        "username": "GMaduro1",
        "first_name": "Gustavo1dadsdadads",
        "last_name": "Maduro",
        "email": "",
        "is_staff": true,
        "is_active": true,
        "date_joined": "2022-10-20T20:31:00Z",
        "groups": [],
        "user_permissions": [
            49,
            50,
            52
        ]
    }
},
{
    "model": "auth.user",
    "pk": 3,
    "fields": {
        "password": "Feeling history trouble writer foot attack. New radio those property. Nation case financial in.",
        "last_login": "1995-07-05T06:44:26Z",
        "is_superuser": false,
        "username": "jwilliams",
        "first_name": "Katherine",
        "last_name": "Wallace",
        "email": "baguirre@example.net",
        "is_staff": true,
        "is_active": true,
        "date_joined": "2022-10-20T20:35:41.176Z",
        "groups": [],
        "user_permissions": []
    }
},
{
    "model": "auth.user",
    "pk": 4,
    "fields": {
        "password": "Level anyone rather along. Skill mouth popular make particularly include tax. Six put use impact wide trade information.",
        "last_login": "1998-12-04T23:53:34Z",
        "is_superuser": false,
        "username": "kimberlyhart",
        "first_name": "James",
        "last_name": "Scott",
        "email": "jaredtaylor@example.net",
        "is_staff": true,
        "is_active": true,
        "date_joined": "2022-10-20T20:35:41.176Z",
        "groups": [],
        "user_permissions": []
    }
},
{
    "model": "auth.user",
    "pk": 5,
    "fields": {
        "password": "Apply weight source spend. Drug myself western show sing defense. Scientist both form company several quality.",
        "last_login": "2016-07-13T23:11:15Z",
        "is_superuser": true,
        "username": "janetshaw",
        "first_name": "Kevin",
        "last_name": "Luna",
        "email": "wmitchell@example.net",
        "is_staff": true,
        "is_active": true,
        "date_joined": "2022-10-20T20:35:41.176Z",
        "groups": [],
        "user_permissions": []
    }
},
{
    "model": "auth.user",
    "pk": 6,
    "fields": {
        "password": "Could trade the light list become never world.\nNumber poor number.",
        "last_login": "2022-09-06T15:04:23Z",
        "is_superuser": true,
        "username": "cynthiaknox",
        "first_name": "Michele",
        "last_name": "Monroe",
        "email": "zacharyterry@example.net",
        "is_staff": false,
        "is_active": true,
        "date_joined": "2022-10-20T20:35:41.176Z",
        "groups": [],
        "user_permissions": []
    }
},
{
    "model": "auth.user",
    "pk": 7,
    "fields": {
        "password": "Sing study son find bed movie. Mouth there reason future assume next fund risk. His ago Mr budget side.",
        "last_login": "1993-03-18T22:45:12Z",
        "is_superuser": true,
        "username": "jzavala",
        "first_name": "Chelsea",
        "last_name": "Fisher",
        "email": "lmora@example.com",
        "is_staff": true,
        "is_active": true,
        "date_joined": "2022-10-20T20:35:41.176Z",
        "groups": [],
        "user_permissions": []
    }
},
{
    "model": "auth.user",
    "pk": 10,
    "fields": {
        "password": "Movie pay cold character language. Fall information ask capital.\nWife throw suffer ok.",
        "last_login": "1989-01-02T14:12:19Z",
        "is_superuser": false,
        "username": "mmiles",
        "first_name": "Jonathan",
        "last_name": "Williams",
        "email": "charles17@example.com",
        "is_staff": false,
        "is_active": true,
        "date_joined": "2022-10-20T20:35:41.176Z",
        "groups": [],
        "user_permissions": []
    }
},
{
    "model": "auth.user",
    "pk": 12,
    "fields": {
        "password": "Stand sign less almost alone exactly. Decision story watch argue argue. Live able once hour answer baby score.",
        "last_login": "1982-07-30T05:53:57Z",
        "is_superuser": false,
        "username": "ramseykelly",
        "first_name": "Mary",
        "last_name": "Ford",
        "email": "sarah72@example.org",
        "is_staff": false,
        "is_active": true,
        "date_joined": "2022-10-20T20:35:41.176Z",
        "groups": [],
        "user_permissions": []
    }
},
{
    "model": "auth.user",
    "pk": 13,
    "fields": {
        "password": "Increase view chance president travel great. Federal degree note budget rule respond as eye.",
        "last_login": "2022-07-12T02:11:16Z",
        "is_superuser": true,
        "username": "jeffreywong",
        "first_name": "James",
        "last_name": "Castillo",
        "email": "maria72@example.org",
        "is_staff": true,
        "is_active": true,
        "date_joined": "2022-10-20T20:35:41.176Z",
        "groups": [],
        "user_permissions": []
    }
},
{
    "model": "auth.user",
    "pk": 15,
    "fields": {
        "password": "Real Congress difference. Manager theory crime. Public age land teacher.",
        "last_login": "1982-11-27T04:54:17Z",
        "is_superuser": false,
        "username": "molliePayments",
        "first_name": "Auto",
        "last_name": "Personel",
        "email": "",
        "is_staff": false,
        "is_active": false,
        "date_joined": "2022-10-20T20:35:41Z",
        "groups": [],
        "user_permissions": []
    }
},
{
    "model": "auth.user",
    "pk": 17,
    "fields": {
        "password": "Tree local anything practice if side south.",
        "last_login": "2004-03-28T01:23:15Z",
        "is_superuser": true,
        "username": "michael85",
        "first_name": "Mary",
        "last_name": "Carter",
        "email": "meltonwilliam@example.org",
        "is_staff": true,
        "is_active": true,
        "date_joined": "2022-10-20T20:36:47.276Z",
        "groups": [],
        "user_permissions": []
    }
},
{
    "model": "auth.user",
    "pk": 19,
    "fields": {
        "password": "Plan positive me prevent develop often. Recently while environment back however a may yard.",
        "last_login": "1989-06-30T22:47:05Z",
        "is_superuser": false,
        "username": "julie62",
        "first_name": "Seth",
        "last_name": "Martin",
        "email": "zcollins@example.com",
        "is_staff": false,
        "is_active": true,
        "date_joined": "2022-10-20T20:36:47.276Z",
        "groups": [],
        "user_permissions": []
    }
},
{
    "model": "auth.user",
    "pk": 20,
    "fields": {
        "password": "Your computer student close white media matter. Method weight meet page occur want situation.",
        "last_login": "1978-06-26T23:03:47Z",
        "is_superuser": false,
        "username": "coopermary",
        "first_name": "Patrick",
        "last_name": "Lopez",
        "email": "chapmanmatthew@example.com",
        "is_staff": false,
        "is_active": true,
        "date_joined": "2022-10-20T20:36:47.276Z",
        "groups": [],
        "user_permissions": []
    }
},
{
    "model": "auth.user",
    "pk": 23,
    "fields": {
        "password": "Break baby couple inside. Car area it population base. Single here garden daughter indicate hope garden.",
        "last_login": "2001-05-12T14:04:16Z",
        "is_superuser": true,
        "username": "davidobrien",
        "first_name": "James",
        "last_name": "Martin",
        "email": "nathanhill@example.net",
        "is_staff": false,
        "is_active": true,
        "date_joined": "2022-10-20T20:36:47.276Z",
        "groups": [],
        "user_permissions": []
    }
},
{
    "model": "auth.user",
    "pk": 24,
    "fields": {
        "password": "Who return after there summer television skin. Wide eight generation wind. Director pull skin particularly great.",
        "last_login": "1973-12-25T05:43:53Z",
        "is_superuser": false,
        "username": "james55",
        "first_name": "Donald",
        "last_name": "Johnson",
        "email": "andrewbrewer@example.org",
        "is_staff": false,
        "is_active": true,
        "date_joined": "2022-10-20T20:36:47.276Z",
        "groups": [],
        "user_permissions": []
    }
},
{
    "model": "auth.user",
    "pk": 25,
    "fields": {
        "password": "Performance man focus data outside billion hour. Past property quite goal blood social once.",
        "last_login": "1992-10-27T10:15:53Z",
        "is_superuser": false,
        "username": "morrislaura",
        "first_name": "Robin",
        "last_name": "Myers",
        "email": "cortezjoseph@example.org",
        "is_staff": true,
        "is_active": true,
        "date_joined": "2022-10-20T20:36:47.276Z",
        "groups": [],
        "user_permissions": []
    }
},
{
    "model": "auth.user",
    "pk": 27,
    "fields": {
        "password": "Game debate when model.\nPut through play run be decide. Resource information first investment look artist serve.",
        "last_login": "1981-09-21T07:13:44Z",
        "is_superuser": false,
        "username": "owilliams",
        "first_name": "Hannah",
        "last_name": "Howard",
        "email": "andreacherry@example.net",
        "is_staff": true,
        "is_active": true,
        "date_joined": "2022-10-20T20:36:47.276Z",
        "groups": [],
        "user_permissions": []
    }
},
{
    "model": "auth.user",
    "pk": 30,
    "fields": {
        "password": "Prevent detail every politics start evening. Agreement serve open discover ready. Respond base again middle.",
        "last_login": "2013-11-19T22:23:36Z",
        "is_superuser": false,
        "username": "kristen35",
        "first_name": "Ashley",
        "last_name": "Hawkins",
        "email": "charlestran@example.com",
        "is_staff": false,
        "is_active": true,
        "date_joined": "2022-10-20T20:36:47.276Z",
        "groups": [],
        "user_permissions": []
    }
},
{
    "model": "auth.user",
    "pk": 31,
    "fields": {
        "password": "Choice media just. Idea season sport let drive. Bank bed bring very form word writer.",
        "last_login": "1984-01-28T17:19:07Z",
        "is_superuser": true,
        "username": "egilmore",
        "first_name": "Cynthia",
        "last_name": "Rodriguez",
        "email": "davidmcpherson@example.net",
        "is_staff": false,
        "is_active": true,
        "date_joined": "2022-10-20T20:36:47.276Z",
        "groups": [],
        "user_permissions": []
    }
},
{
    "model": "auth.user",
    "pk": 32,
    "fields": {
        "password": "Miss care Mrs mouth significant reality. Guess play consider couple event state. Wonder cup customer however.",
        "last_login": "1987-03-30T00:38:34Z",
        "is_superuser": true,
        "username": "johnsmith",
        "first_name": "Richard",
        "last_name": "King",
        "email": "cynthiatran@example.org",
        "is_staff": true,
        "is_active": true,
        "date_joined": "2022-10-20T20:41:58.084Z",
        "groups": [],
        "user_permissions": []
    }
},
{
    "model": "auth.user",
    "pk": 34,
    "fields": {
        "password": "Into other sort guy. Approach story paper commercial charge majority feel. Against long all central hour.",
        "last_login": "2007-09-16T19:49:58Z",
        "is_superuser": false,
        "username": "edwinsmith",
        "first_name": "Melissa",
        "last_name": "Morrow",
        "email": "joshua43@example.com",
        "is_staff": false,
        "is_active": true,
        "date_joined": "2022-10-20T20:41:58.084Z",
        "groups": [],
        "user_permissions": []
    }
},
{
    "model": "auth.user",
    "pk": 35,
    "fields": {
        "password": "Book short speak beat real central. Authority present benefit explain decade people economy.",
        "last_login": "1991-02-26T11:18:06Z",
        "is_superuser": true,
        "username": "marshallpatrick",
        "first_name": "Christopher",
        "last_name": "Chen",
        "email": "kathleencooke@example.com",
        "is_staff": true,
        "is_active": true,
        "date_joined": "2022-10-20T20:41:58.084Z",
        "groups": [],
        "user_permissions": []
    }
},
{
    "model": "auth.user",
    "pk": 37,
    "fields": {
        "password": "Value focus start realize. Cost card position their look letter.",
        "last_login": "2005-11-15T05:04:14Z",
        "is_superuser": false,
        "username": "ghorn",
        "first_name": "Audrey",
        "last_name": "Quinn",
        "email": "xwilson@example.com",
        "is_staff": false,
        "is_active": true,
        "date_joined": "2022-10-20T20:41:58.084Z",
        "groups": [],
        "user_permissions": []
    }
},
{
    "model": "auth.user",
    "pk": 39,
    "fields": {
        "password": "Treatment society plan.\nLine issue always recent west director. She hard interview rather rock democratic work.",
        "last_login": "1983-10-31T09:00:44Z",
        "is_superuser": false,
        "username": "ewood",
        "first_name": "Riley",
        "last_name": "Barrera",
        "email": "kdavis@example.com",
        "is_staff": false,
        "is_active": true,
        "date_joined": "2022-10-20T20:41:58.084Z",
        "groups": [],
        "user_permissions": []
    }
},
{
    "model": "auth.user",
    "pk": 40,
    "fields": {
        "password": "Draw score both. Series least candidate from operation. Perhaps because how letter.",
        "last_login": "1998-02-24T06:19:43Z",
        "is_superuser": true,
        "username": "jacob01",
        "first_name": "Robert",
        "last_name": "Wallace",
        "email": "joel16@example.com",
        "is_staff": true,
        "is_active": true,
        "date_joined": "2022-10-20T20:41:58.084Z",
        "groups": [],
        "user_permissions": []
    }
},
{
    "model": "auth.user",
    "pk": 41,
    "fields": {
        "password": "Green ten sometimes make successful member. Election then theory ground individual. Card outside nearly. Send hotel red.",
        "last_login": "1976-02-15T07:02:42Z",
        "is_superuser": true,
        "username": "jruiz",
        "first_name": "Stephen",
        "last_name": "Lee",
        "email": "wdoyle@example.com",
        "is_staff": false,
        "is_active": true,
        "date_joined": "2022-10-20T20:41:58.084Z",
        "groups": [],
        "user_permissions": []
    }
},
{
    "model": "auth.user",
    "pk": 42,
    "fields": {
        "password": "Effort feel two manage decision. Hospital challenge pull to. Message hair direction social.",
        "last_login": "2000-03-15T04:05:56Z",
        "is_superuser": true,
        "username": "kaylatorres",
        "first_name": "Kristin",
        "last_name": "Miles",
        "email": "david91@example.org",
        "is_staff": true,
        "is_active": true,
        "date_joined": "2022-10-20T20:41:58.084Z",
        "groups": [],
        "user_permissions": []
    }
},
{
    "model": "auth.user",
    "pk": 44,
    "fields": {
        "password": "South consumer expect. Market suddenly arrive use cold more. Sure exactly power off though.",
        "last_login": "1996-02-18T11:23:20Z",
        "is_superuser": true,
        "username": "linda89",
        "first_name": "Mark",
        "last_name": "Yang",
        "email": "monica98@example.com",
        "is_staff": false,
        "is_active": true,
        "date_joined": "2022-10-20T20:41:58.084Z",
        "groups": [],
        "user_permissions": []
    }
},
{
    "model": "auth.user",
    "pk": 46,
    "fields": {
        "password": "Open effort wife he anyone protect product appear. Because similar your trial player behind. Image threat time.",
        "last_login": "2008-03-27T08:39:10Z",
        "is_superuser": false,
        "username": "christine66",
        "first_name": "David",
        "last_name": "Johnson",
        "email": "umoss@example.com",
        "is_staff": false,
        "is_active": true,
        "date_joined": "2022-10-20T20:41:58Z",
        "groups": [],
        "user_permissions": []
    }
},
{
    "model": "auth.user",
    "pk": 47,
    "fields": {
        "password": "Provide stay evidence significant moment. Arm although five gun pick.",
        "last_login": "1978-02-10T14:34:13Z",
        "is_superuser": false,
        "username": "Derek Thompson",
        "first_name": "Mark Chase",
        "last_name": "Monique Adams",
        "email": "katelyngarcia@example.org",
        "is_staff": false,
        "is_active": true,
        "date_joined": "2022-10-21T13:51:07.715Z",
        "groups": [],
        "user_permissions": []
    }
},
{
    "model": "auth.user",
    "pk": 50,
    "fields": {
        "password": "Would black sing. Force law participant site over. Technology exist American nation identify.",
        "last_login": "1995-12-25T04:33:32Z",
        "is_superuser": false,
        "username": "Jason Walker MD",
        "first_name": "Jared Stanley",
        "last_name": "Jeremiah Lloyd",
        "email": "shayes@example.org",
        "is_staff": false,
        "is_active": true,
        "date_joined": "2022-10-21T13:51:07.715Z",
        "groups": [],
        "user_permissions": []
    }
},
{
    "model": "auth.user",
    "pk": 51,
    "fields": {
        "password": "Hard reason list since television while choice. Guy himself behind claim believe morning soldier call.",
        "last_login": "1977-12-29T15:52:54Z",
        "is_superuser": true,
        "username": "Dave Bullock",
        "first_name": "Amber Perez MD",
        "last_name": "Laura Moore",
        "email": "michelle85@example.net",
        "is_staff": false,
        "is_active": true,
        "date_joined": "2022-10-21T13:51:07.715Z",
        "groups": [],
        "user_permissions": []
    }
},
{
    "model": "auth.user",
    "pk": 53,
    "fields": {
        "password": "Practice language various tell. Seek poor change firm whatever lay.",
        "last_login": "2011-12-25T05:32:31Z",
        "is_superuser": false,
        "username": "Nathan Baldwin",
        "first_name": "Sara Baker",
        "last_name": "Kenneth Brown",
        "email": "fernandezjeremy@example.net",
        "is_staff": true,
        "is_active": true,
        "date_joined": "2022-10-21T13:51:07.715Z",
        "groups": [],
        "user_permissions": []
    }
},
{
    "model": "auth.user",
    "pk": 55,
    "fields": {
        "password": "Everybody about top these. Present forward speech station woman end.",
        "last_login": "1994-02-28T02:19:45Z",
        "is_superuser": false,
        "username": "Natalie Thomas DDS",
        "first_name": "Taylor Harris",
        "last_name": "Kimberly Robinson",
        "email": "epatton@example.net",
        "is_staff": true,
        "is_active": true,
        "date_joined": "2022-10-21T13:51:07.715Z",
        "groups": [],
        "user_permissions": []
    }
},
{
    "model": "auth.user",
    "pk": 76,
    "fields": {
        "password": "",
        "last_login": "2022-11-23T03:40:41.666Z",
        "is_superuser": true,
        "username": "GMaduro",
        "first_name": "Gustavo",
        "last_name": "Maduro",
        "email": "",
        "is_staff": true,
        "is_active": true,
        "date_joined": "2022-10-23T19:59:48Z",
        "groups": [],
        "user_permissions": []
    }
},
{
    "model": "auth.user",
    "pk": 77,
    "fields": {
        "password": "",
        "last_login": "2022-11-01T17:08:06Z",
        "is_superuser": true,
        "username": "wwwcie",
        "first_name": "wwwcie",
        "last_name": "hoog",
        "email": "",
        "is_staff": true,
        "is_active": true,
        "date_joined": "2022-10-30T22:06:29Z",
        "groups": [],
        "user_permissions": []
    }
}
]
